ImageNumber,ObjectNumber,AreaShape_Area,AreaShape_BoundingBoxArea,AreaShape_BoundingBoxMaximum_X,AreaShape_BoundingBoxMaximum_Y,AreaShape_BoundingBoxMinimum_X,AreaShape_BoundingBoxMinimum_Y,AreaShape_Center_X,AreaShape_Center_Y,AreaShape_Compactness,AreaShape_ConvexArea,AreaShape_Eccentricity,AreaShape_EquivalentDiameter,AreaShape_EulerNumber,AreaShape_Extent,AreaShape_FormFactor,AreaShape_MajorAxisLength,AreaShape_MaxFeretDiameter,AreaShape_MaximumRadius,AreaShape_MeanRadius,AreaShape_MedianRadius,AreaShape_MinFeretDiameter,AreaShape_MinorAxisLength,AreaShape_Orientation,AreaShape_Perimeter,AreaShape_Solidity,AreaShape_Zernike_0_0,AreaShape_Zernike_1_1,AreaShape_Zernike_2_0,AreaShape_Zernike_2_2,AreaShape_Zernike_3_1,AreaShape_Zernike_3_3,AreaShape_Zernike_4_0,AreaShape_Zernike_4_2,AreaShape_Zernike_4_4,AreaShape_Zernike_5_1,AreaShape_Zernike_5_3,AreaShape_Zernike_5_5,AreaShape_Zernike_6_0,AreaShape_Zernike_6_2,AreaShape_Zernike_6_4,AreaShape_Zernike_6_6,AreaShape_Zernike_7_1,AreaShape_Zernike_7_3,AreaShape_Zernike_7_5,AreaShape_Zernike_7_7,AreaShape_Zernike_8_0,AreaShape_Zernike_8_2,AreaShape_Zernike_8_4,AreaShape_Zernike_8_6,AreaShape_Zernike_8_8,AreaShape_Zernike_9_1,AreaShape_Zernike_9_3,AreaShape_Zernike_9_5,AreaShape_Zernike_9_7,AreaShape_Zernike_9_9,Children_IdentifyPrimaryGFP_Count,Intensity_IntegratedIntensityEdge_RescaleGFP,Intensity_IntegratedIntensity_RescaleGFP,Intensity_LowerQuartileIntensity_RescaleGFP,Intensity_MADIntensity_RescaleGFP,Intensity_MassDisplacement_RescaleGFP,Intensity_MaxIntensityEdge_RescaleGFP,Intensity_MaxIntensity_RescaleGFP,Intensity_MeanIntensityEdge_RescaleGFP,Intensity_MeanIntensity_RescaleGFP,Intensity_MedianIntensity_RescaleGFP,Intensity_MinIntensityEdge_RescaleGFP,Intensity_MinIntensity_RescaleGFP,Intensity_StdIntensityEdge_RescaleGFP,Intensity_StdIntensity_RescaleGFP,Intensity_UpperQuartileIntensity_RescaleGFP,Location_CenterMassIntensity_X_RescaleGFP,Location_CenterMassIntensity_Y_RescaleGFP,Location_CenterMassIntensity_Z_RescaleGFP,Location_Center_X,Location_Center_Y,Location_Center_Z,Location_MaxIntensity_X_RescaleGFP,Location_MaxIntensity_Y_RescaleGFP,Location_MaxIntensity_Z_RescaleGFP,Number_Object_Number,Parent_IdentifyPrimaryGFP,RadialDistribution_FracAtD_RescaleGFP_1of4,RadialDistribution_FracAtD_RescaleGFP_2of4,RadialDistribution_FracAtD_RescaleGFP_3of4,RadialDistribution_FracAtD_RescaleGFP_4of4,RadialDistribution_MeanFrac_RescaleGFP_1of4,RadialDistribution_MeanFrac_RescaleGFP_2of4,RadialDistribution_MeanFrac_RescaleGFP_3of4,RadialDistribution_MeanFrac_RescaleGFP_4of4,RadialDistribution_RadialCV_RescaleGFP_1of4,RadialDistribution_RadialCV_RescaleGFP_2of4,RadialDistribution_RadialCV_RescaleGFP_3of4,RadialDistribution_RadialCV_RescaleGFP_4of4,Texture_AngularSecondMoment_RescaleGFP_8_00_256,Texture_AngularSecondMoment_RescaleGFP_8_01_256,Texture_AngularSecondMoment_RescaleGFP_8_02_256,Texture_AngularSecondMoment_RescaleGFP_8_03_256,Texture_Contrast_RescaleGFP_8_00_256,Texture_Contrast_RescaleGFP_8_01_256,Texture_Contrast_RescaleGFP_8_02_256,Texture_Contrast_RescaleGFP_8_03_256,Texture_Correlation_RescaleGFP_8_00_256,Texture_Correlation_RescaleGFP_8_01_256,Texture_Correlation_RescaleGFP_8_02_256,Texture_Correlation_RescaleGFP_8_03_256,Texture_DifferenceEntropy_RescaleGFP_8_00_256,Texture_DifferenceEntropy_RescaleGFP_8_01_256,Texture_DifferenceEntropy_RescaleGFP_8_02_256,Texture_DifferenceEntropy_RescaleGFP_8_03_256,Texture_DifferenceVariance_RescaleGFP_8_00_256,Texture_DifferenceVariance_RescaleGFP_8_01_256,Texture_DifferenceVariance_RescaleGFP_8_02_256,Texture_DifferenceVariance_RescaleGFP_8_03_256,Texture_Entropy_RescaleGFP_8_00_256,Texture_Entropy_RescaleGFP_8_01_256,Texture_Entropy_RescaleGFP_8_02_256,Texture_Entropy_RescaleGFP_8_03_256,Texture_InfoMeas1_RescaleGFP_8_00_256,Texture_InfoMeas1_RescaleGFP_8_01_256,Texture_InfoMeas1_RescaleGFP_8_02_256,Texture_InfoMeas1_RescaleGFP_8_03_256,Texture_InfoMeas2_RescaleGFP_8_00_256,Texture_InfoMeas2_RescaleGFP_8_01_256,Texture_InfoMeas2_RescaleGFP_8_02_256,Texture_InfoMeas2_RescaleGFP_8_03_256,Texture_InverseDifferenceMoment_RescaleGFP_8_00_256,Texture_InverseDifferenceMoment_RescaleGFP_8_01_256,Texture_InverseDifferenceMoment_RescaleGFP_8_02_256,Texture_InverseDifferenceMoment_RescaleGFP_8_03_256,Texture_SumAverage_RescaleGFP_8_00_256,Texture_SumAverage_RescaleGFP_8_01_256,Texture_SumAverage_RescaleGFP_8_02_256,Texture_SumAverage_RescaleGFP_8_03_256,Texture_SumEntropy_RescaleGFP_8_00_256,Texture_SumEntropy_RescaleGFP_8_01_256,Texture_SumEntropy_RescaleGFP_8_02_256,Texture_SumEntropy_RescaleGFP_8_03_256,Texture_SumVariance_RescaleGFP_8_00_256,Texture_SumVariance_RescaleGFP_8_01_256,Texture_SumVariance_RescaleGFP_8_02_256,Texture_SumVariance_RescaleGFP_8_03_256,Texture_Variance_RescaleGFP_8_00_256,Texture_Variance_RescaleGFP_8_01_256,Texture_Variance_RescaleGFP_8_02_256,Texture_Variance_RescaleGFP_8_03_256
1,1,210,272,76,71,60,54,67.82380952380953,62.042857142857144,1.0033218157962671,217,0.547896951725552,16.351767622932517,1,0.7720588235294118,0.9966891821308292,17.885909819316343,17.4928556845359,7.615773105863909,3.021359890752555,2.8284271247461903,14.142135623730951,14.962383324274898,37.83104492340782,51.45584412271571,0.967741935483871,0.8737918444260923,0.05596622571008433,0.09023471334596238,0.06560462023477824,0.02491857783816774,0.0032368209466871883,0.04067275659652001,0.031580901895585094,0.015091460999304505,0.014133541393525023,0.01268652244318722,0.0034113726648830325,0.0034958380818683275,0.008424106756452226,0.013797299432316725,0.013755999538741105,0.017616734780473327,0.01471153276902808,0.006264967165302366,0.0016823377105116275,0.011116759959159164,0.0031890184388861723,0.007099880118756479,0.0076413740206040725,0.008691111085568028,0.007768615933959794,0.009020285344554737,0.007446069137986866,0.0029805294757475767,0.004618664478581461,1,14.934426575899124,125.36885440349579,0.409836083650589,0.1803278923034668,0.21181082537030546,0.46721312403678894,1.0,0.3394187858158892,0.5969945447785514,0.5901639461517334,0.2540983557701111,0.2540983557701111,0.04793244553082455,0.2147308332200297,0.7704918384552002,67.95639097543106,61.877672444927896,0.0,67.82380952380953,62.042857142857144,0,68.0,58.0,0.0,1,1,0.08545276326772318,0.28015691183787733,0.36299444333866365,0.27139588155573585,1.4954233571851498,1.4349500362427847,1.0889833300159903,0.6550935072034999,0.024371152936884726,0.06377338214138789,0.08645496259935073,0.07100055778750997,0.006320642474717431,0.01090976331360947,0.00621957815035154,0.017241379310344827,8091.914634146342,6877.500000000001,8300.20930232558,5652.206896551725,-0.34367203655644896,-0.5950496129701146,-0.33095920880747054,-0.5258532858688229,5.811760693616091,5.156888516093199,5.958071004626628,4.582118926162054,6.374924187146787e-05,0.0001060892138960799,5.55142639391225e-05,0.0001565976318649673,7.3209666387644265,6.565824333525707,7.356497312841633,5.857980995127572,-0.6640212752461387,-0.7082403822263962,-0.6437389096437929,-0.7983346010764865,0.999654477217738,0.99962654910477,0.9995363243175446,0.999791718966093,0.017833093867312178,0.02141470250712359,0.012524574804289427,0.0034933237338246968,312.18292682926824,273.46153846153845,319.5813953488372,257.0344827586207,5.890909778929177,5.171405583442497,5.975626527932755,4.513153408920676,3952.564098750765,1746.0562130177568,4172.313142239058,1756.3781212841714,3011.1196832242786,2155.889053254439,3118.1306111411577,1852.1462544589776
2,1,216,289,77,71,60,54,67.75462962962963,62.10648148148148,1.029807269752951,226,0.5270319243517073,16.583719174624104,1,0.7474048442906575,0.971055487149453,17.994599146704797,17.4928556845359,7.615773105863909,3.050708609541593,2.8284271247461903,14.758048651498612,15.292628863977535,37.5416090627387,52.8700576850888,0.9557522123893806,0.8880999300847049,0.006731118482782981,0.09000464865212564,0.061049038572018016,0.006675099055646154,0.008638008760582015,0.055285838390442966,0.035679610889515524,0.008942305165147756,0.005905985180978307,0.004182504385128785,0.00889762304624364,0.02104990623298048,0.011705908377123625,0.01069814858407527,0.006051924586605845,0.00348912804126444,0.001463545788985216,0.0061405258294327586,0.009655014100967996,0.0019109997161901018,0.007388649793758434,0.010381210396915776,0.0031653492817911915,0.0031030219525807253,0.0005421463686210214,0.000786112473009894,0.0051237869207482545,0.009478356932208566,0.004671895528746298,1,15.050000727176666,128.45000329613686,0.40833333134651184,0.2083333134651184,0.22864675085628053,0.46666666865348816,1.0,0.3344444606039259,0.5946759411858188,0.5666667222976685,0.25833332538604736,0.25833332538604736,0.04103596608999358,0.21741016238716634,0.7833333611488342,67.88893213261053,61.921435070086396,0.0,67.75462962962963,62.10648148148148,0,68.0,62.0,0.0,1,1,0.08446866286821009,0.2886337067555416,0.3507201263278025,0.2761775040484459,1.5204359316277756,1.449880945562719,1.097906482417468,0.6484167486354813,0.02810373532302875,0.05953718411490631,0.07662363340704671,0.06158485182130666,0.006760411032990805,0.011735537190082645,0.006296296296296296,0.015151515151515154,8572.034883720931,7216.254545454545,8474.822222222221,6620.181818181818,-0.37335830539980797,-0.5900411998762877,-0.3318235750299519,-0.5186462028462828,5.9115593767196515,5.231093122497562,5.759916396541595,4.741363816328151,5.5514263939122495e-05,9.966889688791322e-05,6.768874180169753e-05,0.00013898248733786733,7.26347405702768,6.513089031667143,7.372354346305636,6.044394119358454,-0.6275867389054721,-0.6812966431795567,-0.6070831722920179,-0.6809026735809378,0.9993482214610023,0.9994024724721833,0.9991904369000718,0.9990246859826553,0.027995999662879585,0.03799377849465162,0.005767410992246299,0.011072915009321437,313.9186046511628,275.2,319.4222222222223,258.78787878787875,5.786502545299147,5.2173678951854985,6.008411151837153,4.779094498080773,3911.284072471579,1860.5599999999977,4251.821728395036,2098.3489439853292,3120.8297390481275,2269.20363636364,3181.660987654326,2179.6326905417845
3,1,216,272,76,71,60,54,67.68518518518519,62.06481481481482,1.0203766100080132,225,0.5354416485608657,16.583719174624104,1,0.7941176470588235,0.9800303046853915,18.047616683264774,17.804493814764857,7.615773105863909,3.052502892229665,2.8284271247461903,14.758048651498612,15.242515754038264,36.59692986309392,52.62741699796952,0.96,0.8621741557925616,0.030913043469702056,0.10702490772147316,0.059804742210921864,0.02083474245325003,0.011994587341481773,0.059900159087950364,0.03039720494174244,0.009877672572970318,0.014389752467849019,0.01337038775592094,0.00993660091309685,0.016515360094538342,0.005586858669475157,0.010253182063749693,0.005972112563149886,0.01438391758421491,0.013354555821560745,0.005836056896981871,0.010084978370557498,0.00906299269114126,0.0072564166651366375,0.009805174733517117,0.006562619718555315,0.0034546733860461973,0.013023344666904807,0.012952318182289724,0.005209634129000593,0.004148234070511959,0.000900650048494659,1,15.525000423192978,129.21667036414146,0.4000000059604645,0.20000004768371582,0.20181435458789165,0.4416666626930237,1.0,0.33750000919984735,0.5982253257599142,0.5666667222976685,0.2666666805744171,0.2666666805744171,0.0366860119127284,0.21773552946889882,0.7916666865348816,67.81033148061921,61.90648781630582,0.0,67.68518518518519,62.06481481481482,0,68.0,65.0,0.0,1,1,0.08370953075191341,0.28782406675511774,0.3523152361549216,0.27615116633804726,1.5067715535344355,1.4458139167233806,1.1028998697023626,0.6483549122719368,0.031588864967309636,0.05955979709164188,0.06637407304787539,0.055764137852701005,0.006354786371011357,0.011074380165289254,0.0070039850259630484,0.0169880624426079,8338.465116279069,7634.981818181817,8340.967032967033,6476.575757575758,-0.36310376422294044,-0.582642817564732,-0.3020513966059167,-0.5084887086171664,5.841791934859186,5.258543577121687,5.754725134561545,4.741363816328151,5.868320661083694e-05,9.96688968879132e-05,6.351717398544108e-05,0.00013898248733786733,7.333241498888144,6.585816304394415,7.246751920394703,5.923181998146332,-0.5723897497275205,-0.6332927621371288,-0.5703910215002077,-0.6839132394455435,0.9986022139778141,0.9988816970626209,0.9984585803340101,0.9989391220415218,0.02630817903713574,0.03797614478855411,0.013758400479183856,0.0035720260854475616,314.7674418604651,278.6909090909091,320.21978021978026,260.0909090909091,5.856269987159612,5.006283522923011,5.886593266429678,4.801969876934211,3896.0621957814874,2013.4135537190014,4471.072575775848,2110.264462809908,3058.6318280151427,2412.0988429752033,3203.009902185735,2146.710055096417
4,1,229,306,77,72,60,54,67.64192139737992,62.157205240174676,1.0240064152936357,238,0.5225678595156088,17.075475271404667,1,0.7483660130718954,0.9765563819375567,18.506261965803436,18.027756377319946,7.810249675906654,3.135401716855798,2.8284271247461903,14.849242404917497,15.778396324217159,37.73775152554316,54.2842712474619,0.9621848739495799,0.8789748129601623,0.023399534878229357,0.09636040717090748,0.0549144444829564,0.011150771579491283,0.0035582444524628917,0.05769497794152091,0.029654014095971203,0.004848449252010066,0.005858887649056505,0.005206211868527093,0.00804429573273652,0.02031095925862467,0.007139915910904651,0.008688017710613389,0.015078173087303078,0.009825885938479785,0.005628866098600175,0.008524231838511717,0.008031002279803494,0.003986259550318168,0.007088861255571484,0.008442321119141125,0.005435574212000543,0.006896011237985482,0.00689273467855809,0.00325133415632574,0.008750389730643555,0.005337497764963727,0.002717131652809395,1,14.55000077188015,133.225002810359,0.375,0.18333333730697632,0.20410808108089676,0.38333335518836975,1.0,0.31630436460609024,0.5817685712242752,0.5333333611488342,0.23333333432674408,0.23333333432674408,0.031226757614110767,0.22030929611519823,0.7666667103767395,67.75761555485772,61.989053610126,0.0,67.64192139737992,62.157205240174676,0,69.0,59.0,0.0,1,1,0.0870081934557391,0.2961781446092192,0.3469694106525552,0.2698442512824865,1.532682792412629,1.4744520677285027,1.0884382882114394,0.6370549849864885,0.04138172785026581,0.06504982601559178,0.07337946283145744,0.04044031395050131,0.00670360110803324,0.009943563558183285,0.006325885113763903,0.014062500000000002,8976.536842105263,8054.163934426229,8642.717171717173,6716.25,-0.38339279142567084,-0.5995281933809385,-0.30020674045297663,-0.48808905602310393,5.822281397713539,5.401808444013863,5.686083105077042,5.003055907333276,6.567957658846951e-05,8.657035632852393e-05,7.361925909585119e-05,0.00011657714843750001,7.338276660962527,6.717622583464525,7.389408261471899,6.1969280948873635,-0.5957205619816384,-0.6342622623295717,-0.5880161350363307,-0.6979893931704308,0.9990108949885188,0.9990240715669891,0.9989375804672753,0.9993489941251342,0.04387363923541354,0.01842563272632884,0.014141738125534797,0.02714458885271474,310.85263157894735,276.45901639344265,314.33333333333337,254.35000000000002,6.052809129607119,5.147549837385553,5.968911387905326,4.971928094887363,4001.030914127434,2016.5106154259556,4651.656565656551,2310.4274999999907,3244.3919390581796,2517.668637463048,3323.593434343431,2256.6693750000013
5,1,228,324,77,72,59,54,67.53508771929825,62.14912280701754,1.0601288149108823,241,0.5372930363949958,17.03815178355966,1,0.7037037037037037,0.9432815955333343,18.570191227871344,18.027756377319946,7.615773105863909,3.124274169156145,2.8284271247461903,14.849242404917497,15.662018177612694,37.14312321916747,55.11269837220809,0.946058091286307,0.8828640820440556,0.012743973641454279,0.09084184559149303,0.06592963491742214,0.001985455002832231,0.010153276355182227,0.049635070481880386,0.0387753422734185,0.01217198030052313,0.008205404668602154,0.005720846843508094,0.005306750954335625,0.009858447280764881,0.015174193185944323,0.015031816210512878,0.016410842671987846,0.01196985258018325,0.005213801476006147,0.0038154667617224377,0.0017920322708753786,0.015812796617816764,0.00859678856018879,0.013929365327878532,0.008253779299732223,0.005322719514272934,0.00846143350174811,0.007549136873076852,0.00265086722209893,0.001195520833256954,0.0031450660861791365,1,14.899160102009773,133.95798520743847,0.38655462861061096,0.1932772994041443,0.2079071412382016,0.4453781545162201,1.0,0.3238947848262994,0.5875350228396424,0.5378151535987854,0.24369747936725616,0.24369747936725616,0.0379349584908928,0.2197703698752294,0.7899159789085388,67.67806285255956,61.99818079614333,0.0,67.53508771929825,62.14912280701754,0,68.0,62.0,0.0,1,1,0.08782384967767441,0.2720657412509565,0.37751709525138943,0.26259331381997963,1.5402952097315146,1.4425811396562327,1.0895430090799587,0.6437771564618853,0.03229630693356079,0.05071857127934086,0.1419663277497379,0.05976591249825469,0.005828429153463105,0.00859983875302338,0.0058829654310703855,0.015121630506245886,8781.202127659573,8079.524590163935,8767.040816326531,6611.333333333333,-0.37067540607569827,-0.5997512141109475,-0.33466982089143527,-0.4707378993440954,6.062411590970294,5.393771968674961,5.902725787882378,5.009635872652929,4.840123809911158e-05,8.866992633658628e-05,5.876635671009474e-05,0.00011572000778168146,7.458844170826573,6.881557009694034,7.461648619625412,6.10591503937507,-0.5957412783008247,-0.6244722227051216,-0.5989291576026805,-0.6917386597144926,0.9991073942497952,0.9990326432142027,0.9991515738605691,0.9992149141524777,0.01659413804252827,0.021369984377258306,0.012299214793702084,0.028891389979168732,313.031914893617,278.60655737704917,318.48979591836735,257.58974358974353,6.104964782459656,5.295411312937256,6.219251808378847,4.875145808605838,4031.754300588509,2021.4517602795095,4370.351936693027,2379.1650230112136,3203.239107062014,2525.2440876108594,3284.3481882548913,2247.6245890861283
6,1,225,306,76,72,59,54,67.51555555555555,62.20444444444445,1.0422109737877443,236,0.5260798326434709,16.925687506432688,1,0.7352941176470589,0.9594986285412679,18.371321851077866,18.027756377319946,7.615773105863909,3.1069873543925577,2.8284271247461903,14.849242404917497,15.6236185597607,36.99236473912604,54.284271247461895,0.9533898305084746,0.8722426224992047,0.021471927082264457,0.10048428956741703,0.05593098425042777,0.006053650725007743,0.011850157016637813,0.05850847551453726,0.0288981801070364,0.007502002862447247,0.01062966201678989,0.005076258006705069,0.00459466400626324,0.01925821839714052,0.006316548866379717,0.009545249049183805,0.016063536658160557,0.016142821547298115,0.003690527464108347,0.004347040698266451,0.006351710806200237,0.0048559907303140585,0.008883677940858327,0.008589029040492399,0.009045355679036407,0.01094085740510566,0.011633725718946497,0.006570290486018521,0.003859452338215905,0.003265136329492462,0.00805053513838343,1,15.336134880781174,133.5882372558117,0.38655462861061096,0.20168069005012512,0.19781054675058535,0.4285714328289032,1.0,0.3333942365387212,0.5937254989147186,0.5798319578170776,0.26050418615341187,0.26050418615341187,0.034517186475334485,0.21684577638303898,0.7899159789085388,67.61137321092538,62.03138957070437,0.0,67.51555555555555,62.20444444444445,0,68.0,59.0,0.0,1,1,0.08083286089537098,0.3043970544054205,0.33723344221292245,0.27753664248628607,1.5156161417881995,1.4572199413025433,1.0839646356843928,0.6504765058272326,0.039724818708738834,0.055782188108477175,0.061515151816636034,0.046105341149960816,0.006261814744801511,0.009623671358804941,0.00558810763888889,0.016620498614958443,8443.08695652174,7877.118644067796,8547.395833333332,6404.815789473684,-0.3745365655797196,-0.601041122675765,-0.33321458887388233,-0.48889125538872175,5.751610325528167,5.395272074748901,5.953408433188962,4.859641000228757,6.412152757266068e-05,8.910238588722708e-05,5.679660373263888e-05,0.00013081981204553323,7.3849218745117575,6.747049829022858,7.51204583405449,5.984769618706744,-0.5815640442116857,-0.6561815419939404,-0.5543753692074115,-0.707006384884108,0.9988270715321622,0.9993121375959971,0.9984255882014353,0.9992810425117739,0.023931742200955276,0.039204987624102225,0.012633355643979036,0.05437677210742545,315.69565217391306,280.06779661016947,320.31249999999994,259.7631578947368,5.882045108136863,5.259678854409918,5.996115365169273,4.8596410002287564,3841.9073724007612,1962.876759551873,4274.839843750029,2198.654432132971,3071.24858223063,2459.9988509049144,3205.5589192708285,2150.8675554016554
7,1,229,306,76,72,59,54,67.41048034934498,62.209606986899566,1.0240064152936357,238,0.5224992238200962,17.075475271404667,1,0.7483660130718954,0.9765563819375567,18.50847413360077,18.027756377319946,7.810249675906654,3.1325017024016106,2.8284271247461903,14.849242404917497,15.781060951646134,37.98446236721459,54.2842712474619,0.9621848739495799,0.8878882300776657,0.015403049737109065,0.08914516527425376,0.057385309641427906,0.008756979408280323,0.014877324228537691,0.053065346102301895,0.03334788708223708,0.008078331021582886,0.012607763757489837,0.008781963731770304,0.003991121604015074,0.017915232861605887,0.01211167829117667,0.012202423829627985,0.014668456731609762,0.015536648646456994,0.006917428399351577,0.004312123193743215,0.006886787859322155,0.005533784598372538,0.006506235313459594,0.011674011418352599,0.005162579359822045,0.004238804383355073,0.012309145130820424,0.007841439452778069,0.004579971466175565,0.004387431474967557,0.0014578741257910922,1,15.24369791150093,135.21008604764938,0.38655462861061096,0.180672287940979,0.19600081830630436,0.42016807198524475,1.0,0.331384737206542,0.5904370569766348,0.5504201948642731,0.26050418615341187,0.26050418615341187,0.034588176236577665,0.21671903352130698,0.7899159789085388,67.53499067130595,62.05823492705391,0.0,67.41048034934498,62.209606986899566,0,68.0,59.0,0.0,1,1,0.08719701601519801,0.28402734485498654,0.35431945423142475,0.2744561848983907,1.536008974421559,1.4453835993731523,1.0964750678242732,0.6479429519766128,0.023504954164672992,0.07015279942027647,0.09233726554317019,0.04987936870541006,0.006149584487534626,0.009540446116635314,0.005254565860626468,0.013437500000000002,8593.736842105263,7944.459016393443,8414.111111111113,6514.575,-0.3719730172744896,-0.594786470087339,-0.31348710931762735,-0.5206270749237019,5.892334261208839,5.258285698076757,6.053401569487146,4.703055907333276,5.962001980176592e-05,0.00010126734638496038,4.890877037021096e-05,0.00015563964843750002,7.414541003045017,6.78721459162578,7.588952579675571,6.246928094887363,-0.6472938395343418,-0.7014442104451627,-0.6024174177793382,-0.7524723616561722,0.9995856991721832,0.9996729893699248,0.999279170624945,0.9997331821061275,0.026056487317990505,0.034211446008814816,0.02517886463050125,0.03609349408917944,314.57894736842104,281.2459016393443,318.5959595959596,260.27500000000003,6.044862945373819,5.426558853920862,6.1746136906992675,5.021928094887363,3933.8227146814315,2018.5788766460464,4397.755943271113,2053.6993749999965,3131.8898891966783,2490.759473259881,3202.966763595552,2142.0685937500057
8,1,239,324,77,72,59,54,67.30125523012552,62.27615062761506,1.0329492795984578,250,0.5069383803669145,17.44431859350499,1,0.7376543209876543,0.9681017449266566,18.803908413616924,18.384776310850235,8.0,3.189689805760354,2.8284271247461903,15.556349186104045,16.208636146982013,35.95499819554107,55.698484809834994,0.956,0.8958184689958593,0.017608991943638727,0.08248467176586143,0.06017079315479757,0.015779914196284345,0.010542104106815142,0.04775478678504072,0.03662122416364897,0.011744547991977926,0.013478000220350414,0.00919870975348525,0.0019228950975776072,0.012918514790780615,0.014878266542950607,0.006726296097936253,0.015892782637111625,0.011369067206597125,0.007951355560429857,0.003836752896348726,0.007852333021969818,0.011095239952271713,0.007689582630044722,0.004375132762100209,0.008009661117551211,0.004002569831080442,0.010252691185741597,0.005491114178897141,0.0037051136540274233,0.0015537624481232447,0.00547576138067152,1,15.00000050663948,139.31356179714203,0.3813559412956238,0.17796611785888672,0.23311001806844195,0.41525423526763916,1.0,0.3191489469497762,0.5829019322056151,0.5508474707603455,0.2542372941970825,0.2542372941970825,0.03243678582475318,0.2198821091091989,0.7966101765632629,67.45878701497456,62.104325084443666,0.0,67.30125523012552,62.27615062761506,0,68.0,59.0,0.0,1,1,0.09112476337901149,0.2759291906846258,0.3680880868221287,0.264857959114234,1.5556298891131188,1.4654905905250108,1.0860870709936876,0.6394045679626453,0.027800161151897623,0.05230509633786884,0.12157441641409436,0.05447410318721392,0.00534261346926772,0.008379247015610653,0.005072979708081167,0.011851851851851853,8990.227722772277,8099.09090909091,8666.537735849055,7457.822222222223,-0.38780713095329516,-0.5746091153659284,-0.31768028410691446,-0.5493960141096592,5.981334968131991,5.483491846500062,5.941278209419292,5.208411151837154,5.481706134432286e-05,8.159038449121901e-05,5.7053421688657e-05,9.855293933256174e-05,7.579003561959715,6.938333513297848,7.652448756449994,6.425186429663008,-0.613084367708158,-0.6387886569234853,-0.5863084283873126,-0.696978459277063,0.9993847107613981,0.9992569979648671,0.9991240461869421,0.9994824871881817,0.025627705092356182,0.01723829913179334,0.022510998413258525,0.02750161885147795,313.970297029703,280.90909090909093,316.89622641509436,262.08888888888885,6.063764947926966,5.33197669498491,6.227736020519295,5.13629754077412,3965.791196941471,2188.0220385674766,4487.696778212863,2168.9254320987966,3239.0047299284342,2571.7782369146043,3288.5586285154823,2406.686913580248
9,1,242,324,77,72,59,54,67.24793388429752,62.32644628099174,1.0201441232397992,252,0.49966467021438576,17.55346033766304,1,0.7469135802469136,0.98025364967469,18.867616653185134,18.384776310850235,8.06225774829855,3.222130133423611,2.8284271247461903,15.556349186104045,16.343486520008337,36.74348190005355,55.698484809834994,0.9603174603174603,0.8940994117854602,0.008962239131867441,0.08749791603759031,0.052979659735175974,0.009239249404617011,0.007912602772218964,0.05759940075484132,0.03143861694093811,0.004609147209421833,0.009244406308788342,0.00613798471900061,0.001380576735947455,0.026722780368834364,0.009538408298881659,0.00593470738363182,0.010712974272767144,0.0085228002463474,0.0038946095604864275,0.0035815378711823273,0.010588392805789779,0.004186180080164989,0.006116753516662338,0.006507136231557921,0.004199791709219606,0.0020612298570438707,0.007373736033813968,0.003034060656928105,0.0025135978778865757,0.0015736163940394037,0.00048012206424675704,1,14.889831066131592,140.94915503263474,0.3813559412956238,0.18644070625305176,0.22401375219633932,0.41525423526763916,1.0,0.31680491630067215,0.5824345249282427,0.5677966475486755,0.24576270580291748,0.24576270580291748,0.03230823524167843,0.22053284953043845,0.7966101765632629,67.38425926150484,62.1486892763411,0.0,67.24793388429752,62.32644628099174,0,68.0,59.0,0.0,1,1,0.0842352089940972,0.3034511762650502,0.34662097270382736,0.2656926420370253,1.5680708135824182,1.4687036931228412,1.0754137871067457,0.6366100928015851,0.022935077879590215,0.07357060495866521,0.09040486892212263,0.05100985345507224,0.006126873409369403,0.009731833910034602,0.005358367626886144,0.011996378451788137,9207.106796116503,8167.0441176470595,8727.37962962963,7437.6382978723395,-0.40299137994679,-0.5584413569277301,-0.31122683704551773,-0.5023047205338028,5.902092881363109,5.2672505249147905,5.872626275171392,5.096934064351532,5.8013314811569176e-05,0.00010132047131812283,6.109794962062758e-05,0.00011029293117290063,7.436453075705903,6.8005543853043555,7.59748009475606,6.4269292772095525,-0.5505563720135372,-0.6452629085474165,-0.5465068473233754,-0.6672274510803305,0.9982384966876354,0.9992314364585667,0.9983476502736952,0.9991975073139684,0.01399233791450711,0.006749605474602141,0.03437913723599783,0.01001427684546944,315.55339805825247,279.36764705882354,317.1944444444444,263.8510638297872,6.042184721585157,5.313504157675476,6.249986344635868,5.112995500567777,3917.858799132766,2313.997188581314,4584.397376543231,2463.999094612969,3281.241398812337,2620.2603265570942,3327.9442515432056,2475.409348121324
10,1,239,306,76,72,59,54,67.19246861924687,62.31380753138075,1.0024508041719344,246,0.49185822462917955,17.44431859350499,1,0.7810457516339869,0.9975551875845329,18.701337257403697,18.35755975068582,8.06225774829855,3.201876962425873,2.8284271247461903,15.556349186104045,16.28279252187022,37.70621705561802,54.87005768508881,0.9715447154471545,0.9029799738626229,0.026344410817242096,0.07768208582861473,0.05592828521291755,0.01177352097703344,0.006796919933986885,0.047777513621933485,0.03412656398563598,0.009246606073718949,0.004637085626727721,0.002058378369757646,0.0013934971078426916,0.019498438602092168,0.013829217653464074,0.010196840932657669,0.014291931846177325,0.010953631111586601,0.0063668984004557755,0.003980166989761613,0.008232857423382443,0.0015032313849806796,0.00550733812609471,0.01045410611758317,0.005289772660180013,0.006471365194432468,0.008275416648443532,0.005960512638344687,0.003307287113489176,0.001479036819870435,0.002712295755512491,1,15.521367967128754,141.64957493543625,0.39743590354919434,0.18803420662879944,0.19736467107036362,0.4273504316806793,1.0,0.3302418716410373,0.5926760457549634,0.5641025900840759,0.2649572491645813,0.2649572491645813,0.034070789779079354,0.21958906020902091,0.8034188151359558,67.32082302277361,62.16388101443993,0.0,67.19246861924687,62.31380753138075,0,69.0,59.0,0.0,1,1,0.08435406895379288,0.29904060618690537,0.350932241007158,0.2656730838521437,1.550817113842801,1.4585858138504144,1.075292379496291,0.6413723943501244,0.019763703912198383,0.06788650339126934,0.08229954273067194,0.03804370931167635,0.005815071126489812,0.008953168044077137,0.005651477394090424,0.01110586011342155,9210.735294117647,8142.318181818182,8297.962264150943,7243.369565217391,-0.42339655650097463,-0.5442283547998426,-0.26448424963057365,-0.5053286942758082,5.85110732715956,5.37371741471466,5.825573846150514,4.9960692928724395,5.8330695751033255e-05,8.697089413309229e-05,6.2615899438746e-05,0.00012134919770498581,7.486150832167574,6.881441278416583,7.541553591335243,6.50182282562223,-0.6062438437752996,-0.6992848688779945,-0.5887630921705103,-0.704558281061149,0.9992573579658551,0.9996940643794407,0.9990746179135195,0.9995757942632835,0.03073950478262385,0.0031593052674707667,0.0166862629355902,0.02872410061136385,318.7352941176471,283.9848484848485,321.0377358490566,267.2391304347826,5.853955308095378,5.445761164747439,6.190000171462691,5.202803532096938,3731.175028835045,2403.166437098247,4826.696689213233,2380.26890359167,3235.477580738174,2636.371154729106,3281.1647383410454,2405.9096172022655
11,1,245,306,76,72,59,54,67.10204081632654,62.30204081632653,0.9988923617728013,252,0.5050530540009597,17.66192765414112,1,0.8006535947712419,1.0011088664500676,19.016243561711484,18.867962264113206,8.246211251235321,3.2584103488537264,2.8284271247461903,15.556349186104045,16.412697317569442,37.086911673235434,55.45584412271571,0.9722222222222222,0.876178896778179,0.025442048912095398,0.0982670481993507,0.05747901345444031,0.020644915998404074,0.016759101176119458,0.05748144920203903,0.03337915198923299,0.00913871963200357,0.0147031624922027,0.01194376493163107,0.007035296397709385,0.01664115172096725,0.011631100653740798,0.011100527976255645,0.013302785624096985,0.008498778542002278,0.009751834284522766,0.006343166980659254,0.0007123256421601666,0.011746442299382586,0.0024939776645146816,0.01117204026515432,0.006643179900459395,0.009930835784107469,0.0028015606281371723,0.007595490974872338,0.005667330810595592,0.00457553413161987,0.002697807093291552,1,15.415254771709442,142.4915292263031,0.3898305296897888,0.19491523504257202,0.1847550507049836,0.4067796766757965,1.0,0.32115114107728004,0.5815980784747066,0.5677966475486755,0.26271185278892517,0.26271185278892517,0.032878355753929674,0.21815913686718483,0.7966101765632629,67.24051384376452,62.17973117061876,0.0,67.10204081632654,62.30204081632653,0,68.0,59.0,0.0,1,1,0.08921137038578641,0.29475436934753646,0.3528012397837192,0.263233020482958,1.5611989817512562,1.4737718467376806,1.0671148610742116,0.6385355447358878,0.017357173591742468,0.06211414717661252,0.07778174083532145,0.03879463180479884,0.005428978284086863,0.007857142857142856,0.005371900826446282,0.011037067888379841,8883.235849056604,8279.528571428571,8300.418181818182,7018.918367346938,-0.39555819576619644,-0.5560625486692795,-0.28248541860855936,-0.5039183935035023,5.998824110080706,5.622000516883152,5.983410281608137,5.216551170557516,5.149094393856799e-05,7.402692522321429e-05,5.3181293582128095e-05,0.00010025297686836212,7.5769770583367855,7.029283016944967,7.599541531706477,6.533077191053984,-0.623057430636157,-0.6850999208439302,-0.6067407152150838,-0.7030824279290785,0.999473862705462,0.999670485661711,0.9993323559576791,0.9995804532296106,0.02423871273699527,0.017984241171866294,0.022503036212299588,0.007053633030210106,313.5566037735849,280.7857142857143,316.79999999999995,263.73469387755097,6.239482364838507,5.457575159678482,5.994729486133925,5.328995558400923,3847.4920790316683,2362.111224489796,4643.850909090936,2315.2561432736547,3182.681982022066,2660.4099489795844,3236.067272727272,2333.543627655152
12,1,247,306,76,72,59,54,67.04453441295547,62.33198380566802,1.0118466737407876,256,0.48435259739772885,17.733870630789692,1,0.8071895424836601,0.9882920267979035,18.962119848760587,18.867962264113206,8.48528137423857,3.2719301675716737,2.8284271247461903,16.0,16.589444459717846,37.9265334934412,56.04163056034261,0.96484375,0.8833313775682049,0.02587240184804077,0.09435711424276824,0.05291597634202478,0.021024568925290473,0.014103668417616575,0.05783392833903617,0.03287694253436216,0.009413203920453523,0.014406919367094392,0.011850088899794112,0.007788332397379247,0.019536683455177267,0.013707208117714432,0.011069781393237825,0.013044989876383145,0.007727746366493624,0.009845369656186384,0.006248150593185539,0.0013080311797076028,0.009256187283186503,0.002726266201855476,0.010181133778557342,0.006741165345002054,0.010888468832132958,0.0028165082485690483,0.007642162376961457,0.005198154379273396,0.0037505034313584694,0.003746063915609732,1,15.914530396461487,144.55555766820908,0.38461539149284363,0.18803423643112183,0.1812954360087992,0.4017094075679779,1.0,0.324786334621663,0.5852451727457857,0.5384615063667297,0.25641024112701416,0.25641024112701416,0.03155762576972623,0.2202259496595651,0.7948718070983887,67.17501329904564,62.20611365272345,0.0,67.04453441295547,62.33198380566802,0,67.0,59.0,0.0,1,1,0.08886655153317281,0.2984686320597949,0.34712942872414454,0.26553538768288776,1.5678598734781142,1.4744350423753851,1.0717621111857956,0.6367693277444004,0.016110726916173324,0.05929413382232918,0.0666010560194317,0.03896506363635295,0.005058299039780521,0.007653061224489796,0.005113221329437546,0.010380622837370243,9132.796296296296,8450.042857142857,8466.126126126126,7408.588235294117,-0.3981686362098081,-0.5560043641557858,-0.28439704774388336,-0.5171084448899531,5.916653011302534,5.513291367248341,6.068926451818748,5.358699851775416,5.774896985382373e-05,8.359325175382652e-05,4.910033357364966e-05,8.536356772335161e-05,7.662294909570875,7.057854445516395,7.65928073121497,6.613601812559731,-0.5966987724106415,-0.6726038714175494,-0.6011505482509102,-0.694894800869675,0.9992600718954988,0.9996084946606943,0.9993079816642909,0.9995630393795519,0.007620158358109022,0.015562759732093562,0.01630241336438163,0.02254595651045175,315.85185185185185,284.5,318.86486486486484,264.9411764705883,6.038368261559263,5.376010789042101,6.206269807655113,5.3290964203180256,3931.1447187928716,2411.164285714287,4716.909666423206,2358.133794694324,3265.9852537722945,2715.301785714284,3295.7589481373216,2441.6805074971126
13,1,246,306,76,72,59,54,67.01219512195122,62.34146341463415,1.0159598716015226,255,0.4941706065696559,17.697935698969246,1,0.803921568627451,0.9842908445031752,18.985330537334022,18.867962264113206,8.246211251235321,3.253616151221023,2.8284271247461903,16.0,16.505180882156886,36.92677347265118,56.04163056034261,0.9647058823529412,0.8797551371731919,0.025832059126521905,0.09632476944779902,0.05486170259123827,0.02097434337546488,0.014224404146317475,0.0576697203698367,0.033068077116250094,0.01116611595258679,0.01451917112209266,0.011777577405165588,0.007278919190611792,0.018074334018436382,0.012873681304066825,0.010714513593404895,0.012835590144129095,0.008150613071888161,0.009085308422051621,0.0068114113745171255,0.0024242124087567977,0.010541059999878567,0.003100430347134784,0.009757606105508541,0.007137010993071407,0.009714051351908504,0.0033465244054015904,0.006851562952419281,0.006358693982889978,0.00243105494930391,0.0038434254637624717,1,16.20512866973877,144.95726683735847,0.39316239953041077,0.1794872283935547,0.17173421291066604,0.4188034236431122,1.0,0.3307169116273218,0.5892571822656849,0.5384615063667297,0.25641024112701416,0.25641024112701416,0.03463014606452542,0.2178653877785826,0.8034188151359558,67.13142688486117,62.21786557243036,0.0,67.01219512195122,62.34146341463415,0,67.0,59.0,0.0,1,1,0.08856132008403979,0.29251179137209266,0.35235849130976377,0.26656839723410375,1.5561489100481216,1.4685285852558105,1.0701257884222448,0.6429002521528382,0.015562093538957803,0.054545108047183516,0.07186035578336586,0.03191188169097698,0.0054589920517075724,0.007755102040816326,0.004869734599464329,0.011200000000000002,8783.878504672895,8397.771428571428,8365.072072072071,7193.32,-0.38252697666045776,-0.5652578777215244,-0.287979155857725,-0.5182624943666644,5.813577149811013,5.600432302535625,5.990053591438896,5.108758439731455,6.764965272280875e-05,7.402692522321429e-05,5.353889375545309e-05,0.00011286621093749998,7.573242687335726,7.043568731230679,7.7133347852690255,6.523856189774725,-0.5955769735115343,-0.668847074985571,-0.5820577981651536,-0.6926437529730165,0.9991879484400692,0.9995782579956904,0.9991108717268937,0.9995023633452302,0.02052488722917668,0.03226140862270896,0.014290700156816211,0.007212478634985254,317.1682242990654,286.1428571428571,320.2072072072072,267.56,6.069744528635471,5.446791052504718,6.206269807655113,5.0936606896881855,3923.1118875011016,2332.436734693896,4624.380488596711,2282.406400000007,3176.7475980434974,2682.552040816332,3247.3631401671955,2368.931599999989
14,1,253,324,76,72,58,54,66.93675889328063,62.44268774703557,1.017271675493734,263,0.4619088726964974,17.94796937867892,1,0.7808641975308642,0.983021570432155,19.065748784778886,18.867962264113206,8.48528137423857,3.310994754027294,3.0,16.263455967290593,16.90993478864728,37.644441478102195,56.8700576850888,0.9619771863117871,0.8995357437911651,0.03468490696295848,0.08117861893136243,0.04744000124927575,0.01689249133348847,0.0061154775066515005,0.05081249706967859,0.02946437641442594,0.013007623168782503,0.002838380828724216,0.0030474662181462246,0.010099445420147277,0.020999079384282235,0.014453174907939393,0.013069271652844387,0.01144024013304379,0.014404068261499751,0.00300761705159022,0.005327613568830849,0.006691705532523749,0.00044131432492951466,0.0098541393394185,0.011579229857479478,0.0034451955164358336,0.008147478158340752,0.015054252213883887,0.002538804019447322,0.003425418154362607,0.007765951634626038,0.009178421426076914,1,15.974138468503952,148.50000223517418,0.3965517282485962,0.18103450536727905,0.19766742651896652,0.3965517282485962,1.0,0.32600282588783575,0.586956530573811,0.5344827771186829,0.27586209774017334,0.27586209774017334,0.02724283525805753,0.21944029609781704,0.7931034564971924,67.05294322065016,62.282770225855685,0.0,66.93675889328063,62.44268774703557,0,67.0,59.0,0.0,1,1,0.08684546527770033,0.29873446695630296,0.34564031436326453,0.26877975340273214,1.5694216225184354,1.4819572576459719,1.0664268235842178,0.6415214868951999,0.0158914275478234,0.05299051980709503,0.06003475862600961,0.039103714251954254,0.005181760204081632,0.008487654320987654,0.005164982164090368,0.009421487603305785,9143.348214285714,8414.958333333332,8320.146551724138,7915.8,-0.40375258326728036,-0.586817573709271,-0.2623512525741314,-0.5676786422112677,5.94223123465063,5.423057813792072,6.064540477736989,5.490450622615569,5.760971380739794e-05,8.721999180169753e-05,5.150975285188764e-05,7.642509523502065e-05,7.646640636343317,6.964996008356707,7.670438861488233,6.744996077161023,-0.5934677101714233,-0.6576763828657768,-0.5865498980881952,-0.711880411349748,0.999211636144663,0.9994567420091968,0.9991402210958995,0.9997107613555754,0.02423624139052663,0.004636812820538695,0.014270638373043274,0.004273125856812523,318.0982142857143,287.9583333333333,319.6293103448276,271.25454545454545,6.063745881743817,5.348822008681705,6.091654676251873,5.208454713445988,3883.6599968112278,2191.123263888905,4861.836727110567,2182.9533884297416,3256.7520527742417,2651.520399305544,3295.4958197086853,2524.6883471074398
15,1,254,324,76,72,58,54,66.83464566929133,62.425196850393704,1.013266668897302,262,0.4826808303390807,17.983404693292407,1,0.7839506172839507,0.9869070311848512,19.237334311253857,19.235384061671343,8.246211251235321,3.2882318096786114,2.914213562373095,16.263455967290593,16.84798683690247,39.97145576408114,56.8700576850888,0.9694656488549618,0.8637381776446645,0.030436997695640323,0.10976459537592681,0.04228328441777525,0.012233552068259145,0.008651772797151049,0.06924052247915384,0.019275794075822316,0.01131381270212134,0.007004579376272231,0.004042401421615905,0.007937893637722262,0.03164169780445749,0.00580806996732853,0.0069267769906791715,0.008673854896644498,0.013827427005905583,0.004154048704615013,0.0032113378050260643,0.004388839653284876,0.008326470518461615,0.011910880135767563,0.0034413908282838568,0.0032917198827424974,0.0014335389920320397,0.009125896845188839,0.002848927988052734,0.004677883888609001,0.002114254678441928,0.0027505871791705435,1,15.588235765695572,145.42857357859612,0.38655462861061096,0.176470547914505,0.1783671634728217,0.4117647111415863,1.0,0.31812726052439944,0.5725534392858115,0.5126050114631653,0.26050418615341187,0.26050418615341187,0.03153403524494076,0.21480402169177454,0.7731092572212219,66.96787241022878,62.30659887189269,0.0,66.83464566929133,62.425196850393704,0,68.0,59.0,0.0,1,1,0.08650179058947462,0.29215300927645593,0.35450133010823587,0.26684387002583354,1.569389629266176,1.4841372871243943,1.0719444981844266,0.6394183300619027,0.019992324207075515,0.05120226585881887,0.05987125656440416,0.02655256928944185,0.0048163521027488445,0.007943754565376188,0.005239298454221165,0.009945130315500683,8614.0,8256.283783783783,8029.672413793104,7334.444444444444,-0.391928774133146,-0.5983332742653106,-0.27525965437832156,-0.532980097931291,5.825456590787683,5.638309277703404,5.880532046978829,5.231467826117349,6.458546264084403e-05,7.034201444370891e-05,6.021869310159037e-05,9.994611491555211e-05,7.731683387193948,7.050603534518634,7.642463753748262,6.680813428089394,-0.5906626481913896,-0.6847266506213149,-0.5838090063278559,-0.7149224304159849,0.9992334139269217,0.9996757590155719,0.9990823824341064,0.9997043764165076,0.03825411196594469,0.015393630716935848,0.031040714573236847,0.009082589693016169,311.0265486725664,280.3918918918919,312.0,266.4074074074074,6.072131838406508,5.474797582161379,6.2556163142575105,5.3055419001914235,3763.0700916281494,2074.8329072315682,4563.327586206899,2234.4266117969964,3094.267522907041,2582.779172753839,3148.25,2392.2177640603586
16,1,258,324,76,72,58,54,66.74031007751938,62.43023255813954,0.9975571081392045,264,0.4721477707782243,18.12445316531431,1,0.7962962962962963,1.002448874195636,19.315372779989627,19.235384061671343,8.48528137423857,3.3273549741685726,3.0,16.263455967290593,17.026876152166544,40.37345814910336,56.87005768508881,0.9772727272727273,0.8775029294796393,0.022653143294434765,0.10150574427494198,0.04147361297430535,0.009632039635027376,0.00607729666314263,0.06827729148880281,0.021127126604489538,0.009602627978829353,0.0039062382858594453,0.0030676748403940996,0.003850079287712544,0.03528734476134772,0.004966389796931839,0.006392357627414139,0.006152291378129915,0.010177250529412004,0.003763824282472598,0.002673367884178472,0.005469437324400044,0.012027125688216895,0.01063208375119006,0.004340845058206103,0.0023451974981464944,0.0050324600085084855,0.007882339477403558,0.0028323278561195584,0.0029684449788872267,0.0026895201152308534,0.0026511633378782976,1,15.743590265512466,149.85470300912857,0.39316239953041077,0.17948713898658752,0.17783382087827102,0.41025641560554504,1.0,0.32129776052066256,0.5808321822059247,0.5213674902915955,0.2735042870044708,0.2735042870044708,0.0320692815894766,0.2179617295979864,0.7863247990608215,66.88832487042022,62.331660305803055,0.0,66.74031007751938,62.43023255813954,0,67.0,59.0,0.0,1,1,0.08509667411464815,0.30901728031431014,0.33690754689853036,0.2689784986725114,1.5682101372556523,1.4764158948350357,1.0600261841441558,0.6425597468287768,0.014885489637755248,0.05505051418820695,0.10090211861560061,0.042305736765692575,0.005016349583828775,0.007790858725761772,0.004766612527363887,0.009406887755102039,9074.25,8715.802631578947,8113.4789915966385,7878.607142857142,-0.4008411521502457,-0.5982189211908373,-0.25365825619051696,-0.5602859416645931,5.870021004316126,5.602933434382351,6.054153057280147,5.414497779200461,6.428286521811832e-05,7.536404681007617e-05,4.90132432798487e-05,8.688167649872448e-05,7.694187891679295,7.080100046309856,7.760363981795338,6.753783493486177,-0.5638432865967099,-0.6691118086528578,-0.5541797845366072,-0.723198202157801,0.9988103735954256,0.9995951799949516,0.998695005140048,0.9997621573086226,0.027980023420801286,0.006361254559411237,0.005678946983246287,0.026221669995726518,316.0258620689655,286.4868421052631,316.8067226890756,273.0357142857142,6.166044249381965,5.586550375200291,6.348434990125978,5.387537511266052,3881.18036563613,2191.0919321329857,4830.20634136007,2220.320153061257,3238.857591409036,2726.723640927983,3235.9213332391737,2524.731823979597
17,1,264,342,76,73,58,54,66.63636363636364,62.51893939393939,1.02397404943817,274,0.4573841895131444,18.333991376950163,1,0.7719298245614035,0.9765872490115116,19.45768940024277,19.235384061671343,8.54400374531753,3.341531596872516,3.0,16.734958127506975,17.30312381147603,37.441560159123675,58.284271247461895,0.9635036496350365,0.8981500572321014,0.011339985486885142,0.0860669010005784,0.04106852013573169,0.005421671633011564,0.009200639666207905,0.06025311482742958,0.02404533361193044,0.007226385320765791,0.006332732860732308,0.005889904411452337,0.00654345180509326,0.03298759612426531,0.006665577025364602,0.0016422999536663783,0.008942713319389653,0.009503742175219746,0.0034548190224783126,0.0061176979236151514,0.009224172301953024,0.011600867180923784,0.006367206327377523,0.002788529870301554,0.006143167631901215,0.005887901992868148,0.008297846474495748,0.0024843164404839487,0.006068474071596649,0.0027375942532286623,0.006319220056703246,1,15.923729300498962,150.92373058199883,0.3813559412956238,0.17796611785888672,0.20566970376212776,0.39830508828163147,1.0,0.31847458600997924,0.5716807976590864,0.5169491767883301,0.2711864411830902,0.2711864411830902,0.030653608586490442,0.21673117066162628,0.7627118825912476,66.79931494621768,62.39345275057662,0.0,66.63636363636364,62.51893939393939,0,68.0,60.0,0.0,1,1,0.08394631713511275,0.3096748813165227,0.3337638294688535,0.272614972079511,1.5829876945478336,1.4864394303193074,1.0616102527684008,0.6425924341874185,0.01418260054946957,0.05506547814469419,0.0862810986719296,0.04164553259877245,0.004791666666666667,0.007050152219195643,0.004877731529656608,0.008599838753023382,8922.074999999999,8345.518987341773,7958.814516129032,8044.360655737705,-0.3870497583972194,-0.5755713582090926,-0.2361771866871978,-0.5294014557306898,6.030895466618819,5.828973469641319,6.049849814520602,5.537294714612067,5.310058593749999e-05,6.172707057537855e-05,5.1810019470278356e-05,7.397293628014982e-05,7.75689059560852,7.18985669754419,7.754560120853297,6.881557009694033,-0.5602749865070835,-0.612120354272984,-0.5468984402156473,-0.6923972150305866,0.998805230732957,0.9991193394269945,0.9985403039974616,0.9996580246070413,0.007192881277772553,0.01781176419169558,0.02124072674308295,0.021884570483730742,311.4583333333333,282.53164556962025,311.9274193548387,268.2295081967213,6.189065883213371,5.606066628192751,6.330936532038937,5.422220124306265,3942.7482638888905,2248.1224162794388,4917.680215920904,2475.2588013974746,3216.2058159722255,2648.4103509053057,3219.123683012491,2629.9048642837915
18,1,265,342,76,73,58,54,66.60754716981133,62.58490566037736,1.0201099964214222,274,0.4355472040003534,18.36868202552426,1,0.7748538011695907,0.9802864431365552,19.373416869708628,19.235384061671343,8.54400374531753,3.3511558769131615,3.0,16.76007159889241,17.43928907725743,38.35332637296547,58.284271247461895,0.9671532846715328,0.901591245190845,0.009941368640364304,0.08456021870512845,0.036367017574141194,0.007621357659138734,0.012169408072149755,0.06133167211693853,0.021767709111800336,0.009264144956144091,0.007289743794013937,0.007180137911264816,0.0055255311480322394,0.03562434516987447,0.006656008546798605,0.0026626185019645995,0.008325140107560454,0.007615117207588744,0.0032001596684405223,0.005329628560493115,0.0055803429217896935,0.01383711486590134,0.005241686696958396,0.0031552897442725207,0.007103214916398034,0.008326978377272587,0.0058794711663739665,0.0017501927662491826,0.004813519172155791,0.002972815655372076,0.003932417969013487,1,15.847458273172379,151.05085054039955,0.37288135290145874,0.19491523504257202,0.20755497967368466,0.37288135290145874,1.0,0.3169491654634476,0.5700032095864134,0.5423728823661804,0.27966102957725525,0.27966102957725525,0.026475422269309695,0.21567663006320167,0.7627118825912476,66.74893401870908,62.432955574671205,0.0,66.60754716981133,62.58490566037736,0,67.0,59.0,0.0,1,1,0.08948608529935038,0.2984178621327126,0.34066427362593177,0.27143177894200526,1.5809208402885173,1.4920893106635613,1.0620709707161395,0.6422269769609943,0.0156358380374297,0.056909653071893856,0.08621418192167708,0.04307427698429641,0.005122600915238031,0.007691075148213428,0.0050728407908428716,0.009070294784580496,8884.776859504133,8157.987341772151,7954.338709677419,7642.015873015873,-0.3940439111875784,-0.5392297487278586,-0.2550971567563945,-0.5111961372056801,5.946559596846954,5.572458754369289,6.0829132457311665,5.381886669462981,5.864540122504866e-05,7.424509653275718e-05,5.130192243593912e-05,9.398629786115835e-05,7.6791938157869915,7.104351792453516,7.706173024079103,6.834422780642773,-0.5366713319832697,-0.6125722688440535,-0.5234527862705561,-0.6591935681506762,0.998208842259257,0.9990566307653357,0.9978791497651576,0.9993966369846288,0.011636207204979553,0.04075409765750192,0.033696838506487636,0.01771634409756407,311.2892561983471,280.1898734177215,311.9516129032258,266.8412698412698,6.168822844694732,5.46992881170967,6.27250820544348,5.465142423396893,3861.9907110170025,2442.1031885915727,4720.917013527578,2471.847820609735,3186.691892630286,2650.0226325909316,3168.813930801258,2528.4659234063947
19,1,271,342,76,73,58,54,66.51660516605166,62.67158671586716,0.9975245352460405,277,0.4195825583654645,18.575465448360347,1,0.7923976608187134,1.0024816078868164,19.500267212238164,19.235384061671343,8.54400374531753,3.40967841914048,3.0,16.97056274847714,17.700727540027483,33.90896054980013,58.2842712474619,0.9783393501805054,0.9153559970258197,0.006798156044766704,0.07511090258057815,0.03270877461663977,0.006357194571592649,0.00657767530817967,0.05834143311348967,0.021786096928182144,0.005850475950133211,0.005654039790044819,0.0058665752748629525,0.006292440769676086,0.03815726820846356,0.009419310727086695,0.002373103960562305,0.005534034769565906,0.0047339581615525594,0.004935610798812651,0.005340071355887288,0.005948439283832098,0.01870787731528957,0.0030434574024272073,0.002158341344571311,0.0062524292870509025,0.004694959047787049,0.003655699837577034,0.0038437725364084316,0.004221496932433414,0.0047909051529242425,0.005552064404612398,1,15.726496234536171,154.87179718911648,0.3760683834552765,0.17521363496780396,0.23281520468126418,0.3760683834552765,1.0,0.31452992469072344,0.5714826464543044,0.5170939862728119,0.24786324799060822,0.24786324799060822,0.026865356897065644,0.21896806650912917,0.7735042870044708,66.67207505221859,62.49828918551539,0.0,66.51660516605166,62.67158671586716,0,68.0,60.0,0.0,1,1,0.08830021993919311,0.29597130114110015,0.3475165569336014,0.2682119219861054,1.595290640234749,1.4853374557266306,1.070193033284158,0.6375914987564432,0.017861370476645037,0.08361569852372318,0.08722274243670122,0.04908694288839071,0.0050728407908428716,0.006618084473527662,0.004536986959918274,0.009244820672755625,9058.798387096773,8255.109756097561,8392.697674418605,8224.179104477611,-0.37999566180621336,-0.5032143331308334,-0.2709759902246631,-0.5289864045792139,6.076825443294364,5.8085331020735245,6.172940701257224,5.50624180233349,5.079382540159989e-05,6.142547625576295e-05,4.50684899471749e-05,8.133148716828637e-05,7.706173024079103,7.272186150959547,7.85033665463129,6.8458669889329435,-0.543656399393752,-0.6408562751274404,-0.5218427839738569,-0.689331304363291,0.9984128532120962,0.999474294796021,0.9980405091958576,0.9996270150717881,0.003804728196226201,0.02027839166454704,0.005093983159271942,0.004517077939614225,313.6532258064516,281.5975609756098,313.984496124031,269.7910447761194,6.2624669756222175,5.447439925556002,6.362787406650039,5.461173891756566,4069.9361992716003,2728.167311124329,4813.999759629834,2533.508576520384,3282.1836465920933,2745.819266805469,3301.6743585121076,2689.4219202495005
20,1,277,380,76,73,57,53,66.40072202166066,62.62093862815885,1.0524643663860278,290,0.45056011392991246,18.77997214831907,1,0.7289473684210527,0.9501509333126584,19.8981058931146,19.72308292331602,8.94427190999916,3.421467661636495,3.0,16.97056274847714,17.763956262625406,36.46041664753977,60.526911934581186,0.9551724137931035,0.9031717750762926,0.02109633559144933,0.0793918575416271,0.04672809718734918,0.014597520168606649,0.015557120937967281,0.05057842858114165,0.030691820628415866,0.00693865181907057,0.010701958925162822,0.010656836681164062,0.012202995939613192,0.019805155010204245,0.01464172040030523,0.005151027202982855,0.01833732092224912,0.011326809596059067,0.00721581063580949,0.007767419192206362,0.00477515266411211,0.004170735032995282,0.004737629088874537,0.00388181225360133,0.011615826961823797,0.008300581663826535,0.010225875069052016,0.005629625085422026,0.005625870564456798,0.00485840152761996,0.0026543639411044967,1,16.00000089406967,158.93913450837135,0.373913049697876,0.16521739959716797,0.20307535860370143,0.373913049697876,1.0,0.3137255077268563,0.5737874891998965,0.52173912525177,0.25217390060424805,0.25217390060424805,0.027970804544400353,0.2222707419755982,0.7978261113166809,66.5635736986732,62.49961702016495,0.0,66.40072202166066,62.62093862815885,0,68.0,59.0,0.0,1,1,0.0869351123467353,0.2986650586390484,0.3425976603285833,0.271802168685633,1.605401741336372,1.504185840782115,1.0662871001237921,0.6380440739484772,0.021527844162206492,0.07301773863001167,0.08315110200451237,0.041103946541934146,0.00567626953125,0.00720042277711719,0.0050313754310588495,0.008296576349506406,9345.34375,8672.896551724138,8706.834586466164,8102.507246376812,-0.3933521877489784,-0.5140342306318568,-0.26504109784843155,-0.49699414953934623,5.86821858249517,5.77323473140631,6.026005345353964,5.611935145089902,6.103515625e-05,6.576661059399359e-05,5.430244956037296e-05,7.253132855984825e-05,7.607307324168044,7.190069932630338,7.735660067047603,6.981642029210581,-0.4756396482844252,-0.5703315600993717,-0.46484300287316865,-0.5659231537067451,0.9956532317505775,0.9983858518397265,0.9953714906811688,0.997975436156737,0.002329905229713314,0.027944855837285502,0.024885406837879917,0.0024706766717115286,316.75,284.2528735632184,316.2631578947368,271.6086956521739,6.130793898701708,5.639790588021979,6.321081379172282,5.495993116104395,4068.84375,2783.775135420816,5058.464582508925,2722.5280403276993,3353.546875,2864.1679217862365,3441.3247922437695,2706.258821676125
21,1,280,380,76,73,57,53,66.325,62.70357142857143,1.0614389607634027,294,0.4008124486671342,18.881394877652593,1,0.7368421052631579,0.9421172926239538,19.753342447149482,19.72308292331602,8.94427190999916,3.4157130760078416,3.0,17.392527130926087,18.097224754041587,36.05534876760601,61.11269837220809,0.9523809523809523,0.9129534188496822,0.02051369735504968,0.07306526351990486,0.03709838278978925,0.01628080237537562,0.010574259811532254,0.04948957270818159,0.026193263877540698,0.009812008902692501,0.011642093670442746,0.01076095384134735,0.011319624833875165,0.02329797287313513,0.014928287101963332,0.005356913705014755,0.021126982045402153,0.008248849941181649,0.010723503341897027,0.0050414047526668535,0.0023759777123935687,0.0013315644344041766,0.007081961222861673,0.0037678312576053525,0.011874253127143799,0.006560842470669232,0.005889453263528712,0.009220944404367527,0.0018584144742785104,0.0019538965129557878,0.0028462861851218527,1,16.239316761493683,158.20513039827347,0.3760683834552765,0.17094013094902039,0.22815139352819278,0.3760683834552765,1.0,0.31229455310564774,0.5650183228509766,0.5128204822540283,0.25641024112701416,0.25641024112701416,0.028468948738076663,0.2173294292800223,0.7692307829856873,66.49621825351926,62.55278227766636,0.0,66.325,62.70357142857143,0,67.0,59.0,0.0,1,1,0.09216639579927924,0.2889249045747679,0.343976229036976,0.27493247058897685,1.6129119264873804,1.498129134832128,1.0701482681150356,0.6415090980409457,0.019934390188553353,0.06965066232082386,0.07744392462732151,0.0411048358187617,0.0044577821805256105,0.006407715682388691,0.00411522633744856,0.007330246913580247,8989.862595419847,8236.505747126437,8207.866666666665,8254.972222222223,-0.39062165133147986,-0.5159173958540024,-0.24756208167246152,-0.530123211426281,6.077252154467363,5.718580852071097,6.222118723085985,5.593400348604439,5.2800691736987206e-05,6.679878129025465e-05,4.3254585423096714e-05,7.516366464120371e-05,7.874988745795745,7.328000967113097,7.965704485939719,7.114369445886755,-0.5672356283194651,-0.63674015512817,-0.55125636018254,-0.6564475090457441,0.9990201583168897,0.9994676904589945,0.9988344576687458,0.9995215410499074,0.0031290633677474432,0.02533119652963165,0.038582744039936286,0.007093295024231164,311.46564885496184,280.91954022988506,311.4814814814815,270.33333333333337,6.350339463710244,5.7920332604109035,6.421042819176899,5.621178126382215,3939.4091253423394,2630.188928524236,4950.382990397775,2534.9722222222044,3232.317930190544,2716.673668912663,3289.562414266118,2697.486111111102
22,1,285,380,76,73,57,53,66.22105263157894,62.670175438596495,1.042817224609659,298,0.4105505820399803,19.04923279949934,1,0.75,0.9589408157065242,19.977765066242466,20.12461179749811,8.94427190999916,3.4500254810558624,3.0,17.59069164167323,18.216481851686414,36.31018670400931,61.112698372208094,0.9563758389261745,0.8959833833321514,0.02484042733326478,0.08606253212911909,0.0377904720712174,0.016336415156802182,0.00881006937278307,0.05678639600799932,0.0251924229566767,0.011010823026392766,0.00814360830002917,0.008192785926272317,0.011659344565083597,0.02624855061887649,0.012827776393038476,0.004916414439110435,0.020995163775609643,0.006125394962505302,0.008179603748544874,0.00288478467606979,0.00531355200257539,0.0033052551924594117,0.005702636625471935,0.001682913304089297,0.008257712772537298,0.009232255053243996,0.0056294273711577645,0.005433259332865158,0.001087864303081672,0.0038935762200207305,0.0005405798016151328,1,16.373913556337357,162.4695686995983,0.373913049697876,0.18260866403579712,0.21061692253547676,0.3913043439388275,1.0,0.3148829530064876,0.5700686621038538,0.5130434632301331,0.260869562625885,0.260869562625885,0.028348797462764135,0.2216511983101747,0.7739130854606628,66.3975058746771,62.55518091238564,0.0,66.22105263157894,62.670175438596495,0,66.0,59.0,0.0,1,1,0.09120102585710155,0.29110468579259036,0.34666024877719287,0.2710340395731153,1.6245182730796148,1.508451553652512,1.0623459236720418,0.6383859609779985,0.019299939902453597,0.0690707053108204,0.07736465614745265,0.04008618004342468,0.00430727023319616,0.006296296296296296,0.003959422390145437,0.0075785244704163635,9297.718518518519,8822.555555555557,8454.129496402878,8677.216216216217,-0.373286590137129,-0.5397023294303326,-0.2336187952897838,-0.5416395567142371,6.229381315614474,5.8138580962335205,6.167115443055896,5.665336304730431,4.239724660279492e-05,6.575972945601852e-05,4.721371494867954e-05,6.89153343852721e-05,7.923075689627397,7.358519762996341,8.018221648263076,7.087831744007329,-0.5550248390181702,-0.6261509055519676,-0.5314565895091058,-0.6416007919744995,0.9988628083402112,0.999388953712139,0.9984903533542614,0.9993815565498619,0.01669703830680126,0.024236417744272824,0.017470333801491125,0.021565189057201818,314.1777777777778,285.1777777777778,314.21582733812954,275.37837837837844,6.379489926773663,5.511421641246036,6.429916342429859,5.712765696680795,4243.109135802457,2637.5239506172657,5252.097303452174,2579.9108838568063,3385.2069135802485,2865.0198765432033,3426.5566999637704,2814.281775018262
23,1,287,380,76,73,57,53,66.16724738675958,62.745644599303134,1.0355502056228318,298,0.4321981769095046,19.115955360352558,1,0.7552631578947369,0.9656702249395527,20.158224447024157,20.12461179749811,8.94427190999916,3.457508662722333,3.0,17.44133022449836,18.178256453720934,34.93764389236422,61.11269837220809,0.9630872483221476,0.8947560088344367,0.028385892431669713,0.08670682453887406,0.03692410743319947,0.013226618114286322,0.009440944981334784,0.05771243082444921,0.01973103670737747,0.011747889759968348,0.004531845815983108,0.0033253674713760416,0.013784128423887522,0.029575974093758645,0.005955409225320069,0.004862385120650674,0.014298875551268537,0.013039046610261772,0.003589387818360626,0.005324672949454103,0.0107929303009071,0.01049741678921034,0.006876057968770584,0.00035164299574601195,0.00542534199061236,0.005564615833365278,0.013136564591887332,0.0032888546578285086,0.004562388355884253,0.008091298666574764,0.002600337154181347,1,16.33043545484543,163.80869922041893,0.373913049697876,0.17391300201416016,0.21837654080517394,0.3913043439388275,1.0,0.3140468356701044,0.570762018189613,0.5043478012084961,0.269565224647522,0.269565224647522,0.028569388421344797,0.22154927695541743,0.782608687877655,66.34478181321927,62.618483909639764,0.0,66.16724738675958,62.745644599303134,0,67.0,60.0,0.0,1,1,0.0903492931765496,0.284902853260889,0.35502707574678644,0.26972077781577497,1.620640446354352,1.5142059052939822,1.0613830285346628,0.6397509358109701,0.021624654337264425,0.06431851575253221,0.08304658930153537,0.04714516739359533,0.004471879286694101,0.006143667296786389,0.004336734693877551,0.00808888888888889,9319.822222222221,8716.467391304346,8658.907142857142,8267.093333333334,-0.3834507441757673,-0.5198807888647418,-0.25823163189398796,-0.4896440485448992,6.146084186000871,5.851015184525195,6.049763845894191,5.628558023713829,4.796994893475652e-05,6.135244675980624e-05,5.449567522321428e-05,7.154676649305556e-05,7.869408189643423,7.393127173448317,7.923890963358085,7.058753523800366,-0.5190371845489677,-0.586109283254913,-0.4988470847441982,-0.63332841859312,0.9979870767423287,0.9989105084300116,0.997415490447536,0.9992790723120939,0.002476406709891003,0.00521518069096911,0.016908112501297336,0.031014377548934654,316.074074074074,285.7934782608695,316.4785714285714,273.7866666666667,6.235712819112797,5.710583830845369,6.329901566957574,5.585289857076009,4153.4759945130645,2753.4682183365076,5104.706683673474,2832.3278222222143,3368.3245541838187,2867.483902410204,3440.9034566326554,2774.855288888888
24,1,312,420,76,74,56,53,66.01923076923077,62.81730769230769,1.0813516047595246,330,0.36113473290297554,19.931149940667517,1,0.7428571428571429,0.9247685910841036,20.672869489051724,20.615528128088304,9.219544457292887,3.5686409862771757,3.0,18.432707502761307,19.27773295277984,25.06599718667769,65.11269837220809,0.9454545454545454,0.9121752340163335,0.049030687966093785,0.07052779324019952,0.025731021621159946,0.030344126647950737,0.0012134346839210047,0.044010604740080846,0.011941301008025668,0.010086079924662495,0.010600103450496204,0.006803050849715575,0.010192640909189896,0.019242324312366815,0.0014067860345596454,0.0038631974121090084,0.013573529888874359,0.0078115062771908625,0.009262326507757311,0.004236372767499971,0.004607038494908468,0.003670868146630995,0.004746841901117278,0.0054144448241200205,0.007955958960761797,0.004826936278951084,0.011072227598850211,0.007273343394584213,0.006670739668534919,0.008681164614096803,0.0053735175439709295,1,16.643479079008102,170.8608729839325,0.3478260934352875,0.156521737575531,0.24563355634782924,0.365217387676239,1.0,0.2972049835537161,0.5476310031536298,0.47826087474823,0.260869562625885,0.260869562625885,0.021433068454638955,0.22371669556967866,0.747826099395752,66.22398086583186,62.68161229096363,0.0,66.01923076923077,62.81730769230769,0,66.0,59.0,0.0,1,1,0.09695149781967351,0.2936536180707343,0.3504504067239568,0.2589444773856354,1.6804926288743343,1.5528801497977798,1.0413383514083279,0.6214667457255246,0.01737147921980982,0.060799812827842574,0.05735344023443387,0.05430860063905121,0.0036473266992747516,0.005454881656804735,0.003691406250000001,0.006301306509423056,9310.512987012988,9013.221153846154,8791.36875,9500.870967741936,-0.3122315330213944,-0.4950665846913321,-0.25078921114954045,-0.5505820218509294,6.255178060310731,6.064488126915923,6.297469326148395,5.794167278687125,4.206010957133371e-05,5.191599828957101e-05,4.058837890625e-05,6.197196015706297e-05,8.14340991731828,7.565824333525708,8.14846004799884,7.367115800355344,-0.5429270562409406,-0.5972259635135005,-0.5309866225946631,-0.6345121889965303,0.9988422531284091,0.9992032689035416,0.9986164562678627,0.9994683658930956,0.012936427809059636,0.023230747765485237,0.011602098276693057,0.0278032369162154,304.7727272727273,279.9326923076923,306.21875000000006,270.69892473118284,6.495397011347686,5.9983286603655745,6.6108378604447555,5.917928300239027,4879.837957497017,3044.062777366853,5265.945898437465,2753.715805295389,3547.587736127498,3014.3209828032523,3514.328662109372,3063.646693259332
25,1,306,420,76,74,56,53,66.00326797385621,62.79738562091503,1.0828055487959825,323,0.380385231418897,19.738573927438622,1,0.7285714285714285,0.9235268521776072,20.560955784478512,20.615528128088304,9.219544457292887,3.524050867573662,3.0,18.19017187772497,19.01535035230131,29.38797188747674,64.5269119345812,0.9473684210526315,0.9167324722093171,0.048249889807005,0.06573969270145413,0.030538909140157854,0.030272825871180457,0.010666414532118943,0.038483880599290955,0.01688603768682263,0.012837354693845282,0.01032539228061292,0.012265806929347322,0.009384451969676437,0.012380076380296489,0.005294506396714025,0.007678132116448952,0.013517112853030266,0.00476788676792895,0.012886785881042948,0.002492681784274187,0.00782914538766087,0.004659423352505755,0.0005954620264985317,0.006003249436460052,0.005173435428975018,0.00709813499818415,0.008691444735657007,0.010572159658290467,0.008105561995684043,0.008242234828723188,0.00478579953483023,1,16.508621364831924,168.54310634732246,0.35775862634181976,0.1551724374294281,0.20395114564652286,0.3620689809322357,1.0,0.3001567520878532,0.5507944651873283,0.47413793206214905,0.2586206793785095,0.2586206793785095,0.022605336070397473,0.2217311532141064,0.75,66.17799599570228,62.692189669508664,0.0,66.00326797385621,62.79738562091503,0,67.0,59.0,0.0,1,1,0.10250115030485528,0.2771725196818887,0.3654033061250719,0.25492302388818416,1.6508079996466107,1.5420871095028699,1.044985155834317,0.6240515624782745,0.02083718791650142,0.07041031945773131,0.08408496128640204,0.042874428173002,0.004189000495473176,0.0058150711264898115,0.004058272632674298,0.006249210958212346,9239.24832214765,8820.872549019608,8587.167741935482,8819.61797752809,-0.3413759872659601,-0.48137463805053066,-0.24747076040652305,-0.5133342443063134,6.162356292391502,6.064198871213577,6.291586605699219,5.804110537586428,4.896269870832113e-05,5.007065153726932e-05,4.2461034038436524e-05,6.315223858552424e-05,7.987559292245203,7.486150832167574,8.026092873002217,7.3633738804046,-0.5180926625468856,-0.5708594748679587,-0.5082212281878167,-0.5777015898384643,0.9981215371495057,0.9987355125997545,0.9978893764672047,0.998736850841152,0.025271408111219966,0.016000777424758014,0.03150039235271796,0.046651404996017554,306.73825503355704,279.2843137254902,307.45161290322585,269.2134831460674,6.5279355106655785,5.89032301343407,6.5268407569683164,5.821074301679989,4536.528805008798,3088.164263744693,5180.157336108197,2836.2577957328613,3443.9442817891068,2977.259203191079,3441.8312695109234,2913.968943315249
26,1,310,420,76,74,56,53,65.87096774193549,62.84193548387097,1.0688338642953885,326,0.37005901497163085,19.867165345562018,1,0.7380952380952381,0.9355990986113017,20.64036633720787,20.615528128088304,9.486832980505138,3.5628299286047693,3.0,18.3412104289766,19.175070575519612,31.179326336570163,64.52691193458118,0.950920245398773,0.9287159032185892,0.03633127416889139,0.0586624193289193,0.030509855055809623,0.023246158916254415,0.005269982349519778,0.03830985961915354,0.01991197811335154,0.011931836100324758,0.00805054738365517,0.009471146261978078,0.012174882417677889,0.017464393317624626,0.010271665562215256,0.007718285016377638,0.013450217583617493,0.005319373397541469,0.011651264313460023,0.005965486808087242,0.0049750478340005065,0.002162996020861679,0.005356380829476751,0.0062009950878452475,0.008462210538912834,0.0025057037776717805,0.009960896561139859,0.010722463374561942,0.0073604031707042465,0.005650594326691684,0.007807799860578872,1,16.32758715748787,169.9051751792431,0.3620689809322357,0.16379308700561523,0.24080613067178883,0.3620689809322357,1.0,0.296865221045234,0.5480812102556228,0.4655172526836395,0.25,0.25,0.01998294091200783,0.2203232970926048,0.75,66.08392102811965,62.72951444281332,0.0,65.87096774193549,62.84193548387097,0,67.0,59.0,0.0,1,1,0.11213151273697719,0.2724643541039154,0.36176366001035803,0.2536404731487494,1.6552747118315625,1.535708177676612,1.0383956907704714,0.6240360847310498,0.016307177710958302,0.07424094512977136,0.07933729520816529,0.044611911629342714,0.004015549574949806,0.005351473922902495,0.004016390117246136,0.0062794348508634235,9153.18954248366,8680.409523809525,8433.662420382167,8739.659340659342,-0.3310804109135486,-0.47522606306140075,-0.24440155739187436,-0.5324337309467861,6.267041153328785,6.004442422304401,6.27267506752937,5.897797112678621,4.331243354418974e-05,5.241411343183108e-05,4.607103161988062e-05,5.6913201035314286e-05,8.03676766293995,7.5904359938566,8.041404904928802,7.364937497341555,-0.5077707945891846,-0.5744619599938416,-0.49706418230967114,-0.567033619214158,0.997890999845771,0.9988974935416347,0.9975482891860618,0.998527970351877,0.01238803513274908,0.03215145689171657,0.012294078063418428,0.019221816005249723,305.0588235294117,278.0666666666667,306.4140127388535,269.61538461538464,6.553801303530924,5.921062541331416,6.544216051260257,5.930549310385722,4599.833141099618,3087.8336507936183,5120.905026573106,2666.5883347421623,3438.255670895811,2942.060793650795,3388.641861738819,2851.5619188503806
27,1,325,420,76,74,56,53,65.75076923076924,62.972307692307695,1.0568600516331295,340,0.37838823039031655,20.342144725641095,1,0.7738095238095238,0.9461990719156566,21.187594869132234,21.02379604162864,9.486832980505138,3.6181783332564206,3.1622776601683795,18.631032838127485,19.612233381686398,26.60361638421396,65.698484809835,0.9558823529411765,0.9197954000218126,0.04341415875434601,0.06381360610999572,0.030268991131029294,0.025634433086761,0.013575976133826809,0.03894592861667066,0.016066061571457724,0.012816496145011019,0.006357078652216889,0.01102564884341696,0.015780435658453013,0.016326241537652608,0.005619024367801914,0.004498743688833929,0.017604376311599786,0.006310091089612075,0.010041111220645082,0.003655911092498369,0.008651600434559245,0.00304072044580913,0.004171140939168628,0.001534171449391208,0.006044006058350283,0.005351386275095878,0.009197921605727065,0.0063182167974076536,0.001953727892869216,0.010501156066035975,0.002841480687087563,1,16.715518042445183,174.95689968764782,0.33620691299438477,0.16379308700561523,0.27314756262105955,0.38793104887008667,1.0,0.2932547024990383,0.5383289221158395,0.4655172526836395,0.23275862634181976,0.23275862634181976,0.024989893871893546,0.2231575718765312,0.7413793206214905,65.97423008448408,62.815225427800016,0.0,65.75076923076924,62.972307692307695,0,67.0,60.0,0.0,1,1,0.10923872705137959,0.2743532874767517,0.36590293172397415,0.2505050537478946,1.690599347223726,1.5642950601744594,1.034073502698187,0.6167738065762554,0.013290237049497534,0.06528161027990595,0.07885498468733258,0.05143437145923094,0.0038766984079190046,0.005325397446941812,0.0034948096885813146,0.00575,9186.815950920245,9088.194690265485,8791.976470588235,9481.0,-0.30469663583206275,-0.48820520083580715,-0.23986610927955743,-0.5332192876495988,6.189532047250143,5.993771192634178,6.315934633494925,5.806370130156179,4.869614902323903e-05,5.8467129176986254e-05,4.367287183715398e-05,6.755371093750001e-05,8.107840654191259,7.627657834077457,8.2284798331838,7.493856189774724,-0.5001532557268827,-0.5663272465804474,-0.4749694585108834,-0.5783677313448615,0.9977559227329285,0.9987918616918636,0.9970239670082036,0.9988751314834455,0.01139600550244805,0.01613924411146983,0.007896958346703422,0.012770404957325987,301.478527607362,276.7964601769911,302.2705882352941,269.72,6.522542322940289,6.066909798886305,6.533314741979533,6.060210910008721,4895.869170838181,3125.436447646658,5390.162076124587,2886.441599999991,3520.671280439612,3053.407784478033,3545.5346366782032,3091.8603999999978
28,1,327,420,76,74,56,53,65.71559633027523,62.95412844036697,1.0503960757821622,342,0.37723056432085017,20.404639941160397,1,0.7785714285714286,0.9520218354351375,21.241651358940274,21.02379604162864,9.486832980505138,3.632292716404684,3.1622776601683795,18.741484552810732,19.672304933168668,25.837378179309933,65.698484809835,0.956140350877193,0.9254907275761273,0.041371826152179096,0.05979721693806819,0.030513121210427412,0.02545810112686201,0.009628911541623746,0.037125392699957085,0.01790861150816356,0.009147337569010991,0.00765024669725832,0.009225712149873201,0.014360865337744553,0.01587768488064034,0.007030730283700632,0.003325803902631728,0.02002373883961853,0.004900913889661129,0.008769561283033958,0.0019201623059398104,0.010178718056802951,0.0027007917763885634,0.002731719429142792,0.0006380801508767076,0.006583648552917289,0.006803362607192488,0.008803111336463604,0.005787867448294199,0.0033164051267553702,0.010503029566939211,0.00304900970423428,1,16.52586306631565,175.47414134442806,0.33620691299438477,0.16379308700561523,0.23960233995919908,0.3620689809322357,1.0,0.28992742221606405,0.5366181692490155,0.4655172526836395,0.24137930572032928,0.24137930572032928,0.02090728259032366,0.2223436086813085,0.75,65.91952835816763,62.82834684666734,0.0,65.71559633027523,62.95412844036697,0,68.0,60.0,0.0,1,1,0.10862195836277896,0.2816998243995688,0.35922377802258143,0.2504544392150708,1.6913990659346951,1.5612854674348964,1.030405047485825,0.6157789595738956,0.009403693782215915,0.06171980138972449,0.0716794325915617,0.04808251133196025,0.00408982748364069,0.004809172052939366,0.004005543537047052,0.005538672679149104,9107.975609756097,9127.342105263157,8791.470930232557,9426.544554455446,-0.30119012885775204,-0.49857801524299045,-0.24133506610052427,-0.5408282710305737,6.19570692241488,5.972897908749761,6.088885214589608,5.979703314306441,4.661147045564396e-05,5.507535221173822e-05,5.3137556935336665e-05,5.4051205055723704e-05,8.038865038115095,7.736398786094565,8.086091644211823,7.539399601563676,-0.5100996740272208,-0.5794101944779965,-0.5141558635134339,-0.5887497277213757,0.9979638367426679,0.999091322074368,0.9981422306153672,0.9990727647689104,0.020254359853890555,0.013645975578762954,0.010073412683397205,0.02355931820555594,301.0975609756097,277.2894736842105,301.33139534883725,269.35643564356434,6.438842916201021,6.2185119438374805,6.702987847760773,5.9069807601683575,4891.478286734113,3053.9951523545606,5373.070409680891,2809.140280364678,3499.8634741225433,3045.334314404441,3541.1353349783712,3058.921208705029
29,1,348,484,77,75,55,53,65.60344827586206,63.083333333333336,1.081442144120258,366,0.34776910409419226,21.049640414216977,1,0.71900826446281,0.924691168581644,21.791606544554156,22.135943621178654,9.848857801796104,3.7373270687646185,3.1622776601683795,19.40285000290664,20.431379040906595,23.95512705773759,68.76955262170047,0.9508196721311475,0.8970289462229186,0.02011842050753025,0.08659415778828557,0.025551922407197517,0.01050462266184372,0.013522815848148548,0.06023507174370148,0.012644245122869673,0.01494736873929012,0.0053088386282548914,0.011008375109071312,0.01145360814978885,0.03287546683688175,0.0058110522116939945,0.0034098914860133827,0.013419972606499842,0.00857540890532564,0.008416287552923068,0.0026269373869204364,0.0068011246287463115,0.011339835371116685,0.007194432658783586,0.006008559711316556,0.003450124928277334,0.004629667555517869,0.008032633848064864,0.0037860290192129175,0.0012869056481807945,0.004124408846755816,0.0016339247002255706,1,16.136752501130104,180.76923383772373,0.3162393271923065,0.1538461446762085,0.28120306028044906,0.3333333432674408,1.0,0.2782198707091397,0.5194518213727694,0.4444444477558136,0.23931623995304108,0.23931623995304108,0.01964289812883524,0.2218982235399509,0.7008547186851501,65.82581560414073,62.911205670172244,0.0,65.60344827586206,63.083333333333336,0,67.0,60.0,0.0,1,1,0.10482269393249806,0.2879432611337107,0.3540898347668287,0.25314421016696254,1.7370617851671042,1.590543728167162,1.0268605208238024,0.6117651745701591,0.009769334951893794,0.057207832428626884,0.0761461631726672,0.03530284928246851,0.0035339506172839506,0.0050880000000000005,0.003251821019771072,0.005141776937618148,9173.511111111111,9200.912,8841.75806451613,9506.88695652174,-0.2817586027542603,-0.4921851810172838,-0.24682234859438287,-0.5106807403993212,6.274449296623516,6.082555260710823,6.289917547817121,6.140972224782168,4.23704547646605e-05,4.94912109375e-05,4.3228825112549154e-05,4.64732525254017e-05,8.230741985218561,7.703745184644779,8.342869698181543,7.6628813552922,-0.5201591606627449,-0.6034634320251624,-0.497019501956191,-0.5871351610227703,0.998463942220594,0.9993578078916223,0.9979906354114423,0.9991425494758366,0.0219094032176929,0.023715466723987142,0.010133062782051215,0.028376762214639608,293.72222222222223,272.30400000000003,295.39247311827955,264.695652173913,6.6289458044827185,6.098555260710824,6.6906989319245636,6.010367442098221,5140.433950617284,3131.2195839999767,5341.109405711657,3079.342155009479,3578.486265432097,3083.032895999997,3545.716867556941,3146.5572778828027
30,1,349,462,76,75,55,53,65.46418338108883,63.07163323782235,1.0707474082053916,365,0.33939088482268015,21.079862454783044,1,0.7554112554112554,0.9339270796611437,21.780859823026702,21.633307652783937,9.848857801796104,3.7594610401456436,3.1622776601683795,19.523741203679055,20.48806628085372,21.826662318474572,68.52691193458118,0.9561643835616438,0.9229345402194812,0.0374034299541553,0.06287537151708614,0.02468261026445302,0.02193511845837382,0.016614795467744015,0.04082108511457505,0.01184252921702183,0.016898832833853968,0.00478663475733347,0.015444742523564321,0.011501661962822032,0.019484258602635293,0.0020226501763975857,0.007327254717610547,0.012819899694983818,0.00705994586900008,0.014190550301591616,0.0042789097678848625,0.00961273091204052,0.004731358675278303,0.003040341387218843,0.003644921867480625,0.0024939395720793307,0.001573063692463292,0.010951033022282583,0.010436827876158027,0.004733937229979235,0.008508792135079593,0.007474189420198128,1,16.706897154450417,182.7241417914629,0.31896552443504333,0.15517237782478333,0.2824863618628683,0.3534482717514038,1.0,0.28316774838051556,0.5235648761933034,0.4568965435028076,0.24137930572032928,0.24137930572032928,0.02146027712386389,0.221687786219782,0.7155172824859619,65.71296471034097,62.93781845966217,0.0,65.46418338108883,63.07163323782235,0,66.0,59.0,0.0,1,1,0.10431213339847419,0.29052651523889755,0.3541234181843302,0.2510379331782981,1.7335683121936838,1.5842774034121114,1.021397297077117,0.612672997756825,0.013594376777225093,0.05112269493435491,0.06906978721175028,0.03707094972414414,0.0034186990629101674,0.0045119999999999995,0.0032600303125625554,0.005016349583828775,9117.243093922652,9268.952000000001,8658.844919786097,9567.982758620688,-0.2846588004795152,-0.4850267589333156,-0.2291522219467584,-0.5259008812544173,6.173732423344589,6.179354184471702,6.391534200606071,6.112038538119117,4.8293338467184686e-05,4.6991210937499995e-05,3.8025012304424985e-05,4.9187368785300246e-05,8.269155900883408,7.837784284662089,8.347618189799453,7.694187891679297,-0.4643483685552036,-0.5226888755605117,-0.45105258944781557,-0.5450467891609623,0.9966281486373777,0.9980469406277054,0.9961236072999802,0.9984306177422811,0.03250955594625594,0.02000880010667578,0.018314379240601145,0.027976303483881353,295.56353591160223,274.648,297.283422459893,268.3103448275862,6.57068530418417,6.1867116607800545,6.659795147324685,6.115403706442937,5076.787399652021,3214.260095999969,5430.28865566646,2972.7829964328266,3548.507623393667,3120.803023999997,3522.2833938631375,3135.1914387633806
31,1,355,462,76,75,55,53,65.34366197183098,63.135211267605634,1.0707238632272138,373,0.3164420686323994,21.260292528114064,1,0.7683982683982684,0.9339476165086593,21.88399838495057,21.95449840010015,9.848857801796104,3.774541822937088,3.1622776601683795,19.64538562794297,20.75941990773566,21.920660803872934,69.11269837220809,0.9517426273458445,0.9103435158977442,0.04482377425259141,0.0730104402273217,0.018424623950844782,0.026859831566161025,0.013826004846679191,0.04783493206759174,0.005974160520416411,0.014811622305307812,0.008330730543988809,0.009418108558202373,0.007911416591902967,0.024877288581490933,0.0039034175109692423,0.0025991634897855023,0.014891342192142049,0.007051968132047986,0.007633525643072298,0.00693334069238944,0.003185239538879805,0.010917764153180779,0.00520363881805406,0.002420642592458364,0.005659305138177528,0.005286626141804187,0.009569265750084158,0.0026545405399369818,0.010986741102404362,0.0011014991887535479,0.005259442748408679,1,16.80341900885105,183.81196846067905,0.32478633522987366,0.14529916644096375,0.32127500603315323,0.3504273593425751,1.0,0.28005698348085084,0.5177801928469833,0.4444444477558136,0.23931623995304108,0.23931623995304108,0.021755274385783816,0.21998506567165166,0.7179487347602844,65.63298615654155,62.99553612435112,0.0,65.34366197183098,63.135211267605634,0,66.0,60.0,0.0,1,1,0.10745838288732111,0.28047986542901143,0.3570166463586671,0.25504510532500035,1.7339875420454025,1.5804817813856973,1.0304138980270467,0.6159252543562931,0.022225683319548675,0.07911555058885245,0.108955544847505,0.05575069208938882,0.003858827610128339,0.0045069406886605375,0.0032893835147062857,0.004507888805409467,9041.177419354839,9063.914728682172,8478.507853403142,9567.768595041323,-0.28298634972224057,-0.4763945806281982,-0.21245143940603364,-0.52969436186486,6.315154763136268,6.231930162299371,6.409513024400637,6.306969848701804,4.345464601669993e-05,4.225165201676206e-05,3.752982007650386e-05,3.943564779290606e-05,8.16270961751312,7.848436557748835,8.327403239019185,7.827954146365505,-0.5116861545003671,-0.5696316842683482,-0.4866311224409712,-0.5392366360131171,0.9981727708052027,0.9990354099254372,0.9976359960265802,0.9984534173951267,0.029635274975803736,0.011673131578159185,0.027894071690727277,0.016041337237184684,292.89784946236557,271.62015503875966,293.9947643979058,266.04958677685954,6.687526402538634,6.15158498418619,6.780685029581689,6.171725815837339,5052.77988784833,3214.5301364100887,5507.219867876411,2941.61737586229,3523.4893268007836,3069.611216273064,3496.43193031989,3127.3464927259047
32,1,380,529,77,75,54,52,65.2421052631579,63.09473684210526,1.0911529083662184,399,0.3441506478301656,21.996159369293583,1,0.718336483931947,0.9164618380546669,22.769649784699794,23.08679276123039,10.0,3.8675693070578343,3.605551275463989,20.192002900457286,21.378753048836078,20.131899814367934,72.18376618407356,0.9523809523809523,0.8980330177637836,0.03291415146758933,0.08276846328207695,0.02603241559584737,0.016861610215851332,0.01297617488214123,0.05328578629074816,0.01119485630758387,0.015157660649823409,0.0018233568080911662,0.009030299138740936,0.013506140262462392,0.02540803762749643,0.00586083918896303,0.008467181875740925,0.02187721276271746,0.008399433298435644,0.007456665303165922,0.004071213847249196,0.007084398678469649,0.006878066398880349,0.008047463999001145,0.007957939150230414,0.007709087817251577,0.005651106530603189,0.008185966353449906,0.003969043081193484,0.001503184922908414,0.008212807590230959,0.0016568834693918458,1,16.72173961997032,193.8173952102661,0.30434784293174744,0.14782607555389404,0.2994313233122402,0.321739137172699,1.0,0.27412687901590693,0.5100457768691213,0.43478262424468994,0.2347826063632965,0.2347826063632965,0.018868596463209056,0.22481592891219795,0.7130435109138489,65.52559558744335,62.99833998833374,0.0,65.2421052631579,63.09473684210526,0,66.0,59.0,0.0,1,1,0.10292072084773113,0.2972318153373567,0.3410651011085252,0.25878236270638694,1.7777215419153491,1.6135441404027917,1.0205097513483425,0.6107906697417825,0.027160698867271415,0.07586201860110298,0.09137057335279687,0.05227319909250999,0.0034677972747769827,0.004222180521673859,0.0030210462478381,0.004342266503276679,9587.544554455446,9649.31506849315,9070.018957345972,9882.802919708029,-0.28858216101864775,-0.45627145716497036,-0.21184207847485742,-0.47761349806505354,6.360348876876716,6.143864733672039,6.507107558585089,6.171799579386942,4.218043258243677e-05,4.924674668529508e-05,3.413854590302189e-05,4.655357440918202e-05,8.281877076768362,7.965476014344651,8.452118679218259,7.946536553747653,-0.4863717263661533,-0.5505418231686344,-0.4503513795923337,-0.5253057744750235,0.997556512694778,0.9988215399102509,0.9963166456223513,0.9982595323304462,0.008071772297804768,0.010642500785958268,0.014646528608513492,0.017593523776986073,293.1287128712871,270.7397260273973,292.85308056872043,265.1678832116788,6.607458515296981,6.299145791638184,6.799569672066352,6.289316845592124,5293.221056759154,3602.7678738975083,5898.959457334728,3493.906121796579,3720.191402803648,3313.020735597667,3742.2446036701804,3344.177260376153
33,1,355,462,76,75,55,53,65.26478873239436,63.140845070422536,1.0707238632272138,372,0.28966843000302167,21.260292528114064,1,0.7683982683982684,0.9339476165086593,21.784915286998707,21.95449840010015,9.848857801796104,3.773768066883978,3.1622776601683795,19.611613513818405,20.85093182625645,22.079799596402356,69.11269837220809,0.9543010752688172,0.9103435158977442,0.03828224979270748,0.07469143026317747,0.015132233671884847,0.02349663051387761,0.007582736550244629,0.05125700603073779,0.0055055282090624436,0.01829362570982622,0.0073588192426653435,0.007854055884669888,0.007943974049599942,0.028448327999048804,0.0036200167784635057,0.006317356510871893,0.014532588852386664,0.005315086679290091,0.007207748450012854,0.005759820858103377,0.0032306294473710305,0.012884241944451898,0.005037742057101015,0.0005250151085682936,0.0038124246404672413,0.005078291439051247,0.008317393080609107,0.0027925151087932827,0.011037449913520025,0.002215580125626942,0.0050994886342896825,1,17.146552443504333,186.7672442495823,0.32758620381355286,0.146551713347435,0.27299944460466924,0.37931033968925476,1.0,0.28577587405840554,0.526104913379105,0.4482758641242981,0.25,0.25,0.02349434875266101,0.21983566598890864,0.7413793206214905,65.51857836269936,63.04024924394791,0.0,65.26478873239436,63.140845070422536,0,65.0,63.0,0.0,1,1,0.10648511427580155,0.27588275708399196,0.36108931562174523,0.2565428130184612,1.7182825258140644,1.5796512704002745,1.0337637664977377,0.6195421674935625,0.024203094935711118,0.06911451933497667,0.09384934323582562,0.04737224861258002,0.003574594640967714,0.004446848146145064,0.003133138020833334,0.005054299569701524,8893.534759358288,9116.720930232557,8309.036458333332,9579.793388429753,-0.27590041589552095,-0.4716257188352463,-0.19165495918492112,-0.5313168841071925,6.225120214088618,6.268789755339398,6.425162714425618,6.077752183466187,4.584443808154186e-05,4.178217902835993e-05,3.62396240234375e-05,5.0107733032985284e-05,8.236629486579329,7.863940433717828,8.388322461647387,7.7060129273393585,-0.4938710261228961,-0.5602655019128556,-0.4692974395857911,-0.5854537814441116,0.9977430109865421,0.998900636357507,0.9970772463775365,0.9991510132936047,0.008778511614899225,0.014471919882503006,0.01068239850610308,0.013123090916975765,296.4438502673796,275.9767441860465,296.84895833333326,271.19834710743805,6.593398403610641,6.105273600844818,6.6687468601053475,6.104571295018556,5047.262889988298,3273.2785289345484,5636.336561414981,2932.043303053055,3485.1994123366385,3097.4998647917782,3486.3432549370773,3127.9591728707055
34,1,383,529,77,75,54,52,65.1070496083551,63.08093994778068,1.1002484664084393,405,0.32558151400634466,22.082815618339236,1,0.724007561436673,0.9088856113240655,22.781046605361595,23.08679276123039,10.04987562112089,3.88511883483521,3.605551275463989,20.466724028354665,21.539797940338456,24.15429635723888,72.76955262170047,0.945679012345679,0.9047101915130997,0.027166135321512266,0.07876024756026839,0.02166460561908795,0.014925597057662282,0.018755313396472094,0.052542913126571895,0.009463170483082647,0.014129316070084604,0.0021603917609393534,0.013455762375850047,0.009910231718824615,0.026197059431301187,0.0027234858029496424,0.005615238376205264,0.024077790110963237,0.005231276548525028,0.008336588149570367,0.001660401075812357,0.004879266496248849,0.006809066902997741,0.0062279540711494925,0.0042575035489946945,0.00939968211044951,0.004248774804882714,0.00555965438151614,0.002878848992024331,0.002415837249403282,0.009072665963947468,0.00754090294541396,1,17.210527151823044,197.30702143907547,0.31578949093818665,0.14912286400794983,0.27688052348840864,0.31578949093818665,1.0,0.2775891476100491,0.5151619358722597,0.44736841320991516,0.22807016968727112,0.22807016968727112,0.019996677599630877,0.22591402316669607,0.7105263471603394,65.38034054679477,63.03650024420405,0.0,65.1070496083551,63.08093994778068,0,65.0,60.0,0.0,1,1,0.10256524195781781,0.29849286240158335,0.3404170165395979,0.2585248791010009,1.7855676213565486,1.610179807039525,1.0185915416770774,0.6112038808375512,0.01800846560687782,0.06416549611649905,0.07850239267282524,0.0430150240842969,0.0031885782272456876,0.004040357925493062,0.0028146137415450334,0.003985300967858808,9752.117073170732,9837.952702702703,9238.89150943396,9943.978417266188,-0.2962056384922144,-0.4592192418368242,-0.21480871216745312,-0.46878803184833223,6.2793679075101325,6.2497297168633565,6.400390046681563,6.034996536749418,4.227764758235425e-05,4.252175330419102e-05,3.810623185241633e-05,5.2065948269936204e-05,8.39038418483964,8.021920341965686,8.534524228148106,8.011027403658758,-0.46791652825324587,-0.5393884546941968,-0.4458306582063669,-0.5365006386051165,0.9970225967973272,0.9986629636127721,0.9962564424709951,0.998592484124974,0.017791305043909314,0.011847459342328495,0.007604740993121499,0.023533924238582336,296.46829268292686,274.14189189189193,296.2311320754717,267.94964028776974,6.567312553185889,6.15615896394468,6.805641947616634,6.3093775834214885,5295.058750743599,3645.9055423666723,5971.555068529735,3596.407535841863,3761.793955978581,3370.9645612673557,3802.611644490924,3385.096488277013
35,1,386,506,76,75,54,52,65.01036269430051,63.10362694300518,1.084429202293428,405,0.314448832782459,22.16913314200113,1,0.7628458498023716,0.922144108518222,22.82846863783809,22.847319317591726,10.04987562112089,3.886412824902682,3.605551275463989,20.615528128088304,21.670481410988373,14.565480781088873,72.52691193458118,0.9530864197530864,0.9118152453731502,0.019551683596019154,0.073463768430908,0.021551814873925535,0.009454461047528192,0.0134908532290313,0.05019688659878621,0.010362542581217658,0.01205877894281528,0.0021035519245186647,0.011841900747455614,0.014826489871824751,0.02692259296821867,0.0011472387249441903,0.002841126432108214,0.027316478377341843,0.006502527265146444,0.009124938947439867,0.003167837169056229,0.0015758585228138001,0.009808621635793196,0.003281778335789642,0.005186747555322409,0.009114659938194193,0.0017548559793580162,0.005688469949305645,0.00428975499562883,0.0035612388466742103,0.00794270351903301,0.007606507620847753,1,17.526316553354263,198.81579393148422,0.3245614171028137,0.14912277460098267,0.2921758436578754,0.359649121761322,1.0,0.2781955008468931,0.5150668236566949,0.4385964870452881,0.22807016968727112,0.22807016968727112,0.02139724412657438,0.22561850511212064,0.7236842215061188,65.2983013348318,63.05404808757082,0.0,65.01036269430051,63.10362694300518,0,67.0,60.0,0.0,1,1,0.10200749977383439,0.2995808493340846,0.3361570691813199,0.26225458171076116,1.789767950577269,1.6060862200410626,1.021705737826688,0.613516779032447,0.020299122417490503,0.06357570126832478,0.07272466545392105,0.05353887275610279,0.0033022941025461503,0.0037664353542731926,0.002957818930041152,0.00416584011108907,9586.932367149759,9760.831081081082,9039.833333333332,10265.598591549297,-0.28460024059888894,-0.45497116878777116,-0.19423779778037664,-0.49416175626930015,6.444131269564674,6.344324311457952,6.317235768999735,6.236024542308525,3.5883740518120316e-05,4.0738403231145e-05,4.100407101980453e-05,4.4408191695286156e-05,8.360059179679743,8.103001423046765,8.477109724385691,7.966648527955387,-0.5060444110796868,-0.5400783146993805,-0.4812462464308553,-0.5554503565607593,0.9982634393964265,0.9987538741403346,0.9976755080043859,0.9989073892667549,0.022603287733019187,0.011040012519632585,0.0027144619589704903,0.019242868413071216,295.8502415458937,275.0202702702703,295.21296296296293,269.669014084507,6.777120578228541,6.195284741113561,6.874433495197146,6.230708433138361,5339.006557912668,3656.3847242512566,6099.250943072708,3475.348194802631,3731.4847312656057,3354.303951333084,3784.771069101509,3435.236696587981
36,1,397,529,76,75,53,52,64.82115869017632,63.03022670025189,1.0959020593757012,419,0.30333653479961353,22.48279562821002,1,0.7504725897920604,0.9124903009760441,23.126417973757622,23.40939982143925,10.44030650891055,3.9251459454727096,3.605551275463989,21.0674064953035,22.036781883881105,16.872405999465425,73.94112549695427,0.9474940334128878,0.9025380428212273,0.030717935043772526,0.07821851855387375,0.018829506487430366,0.01576748531069032,0.02480735277313127,0.04883695157293468,0.006293184226716506,0.023753718336395422,0.0027458986102438495,0.018315473266542218,0.010613256654045345,0.021534548388069338,0.004178362435953813,0.005445307653920426,0.020282237364980287,0.0082227878431456,0.012547330210628439,0.003078669402462499,0.0052848785000851545,0.0042871493989333,0.007596706488176631,0.003876271105294647,0.00918350034443457,0.0013711978668651237,0.00746491083382585,0.00615145570133455,0.006677503244805069,0.00312181523841896,0.009391625025573742,1,17.72566382586956,203.76106506586075,0.3185840845108032,0.13274335861206055,0.347552718772217,0.3539822995662689,1.0,0.2769634972792119,0.5132520530626216,0.4247787594795227,0.2300885021686554,0.2300885021686554,0.020969891122913767,0.22669451233533341,0.7168141603469849,65.16864277292234,63.0371335493248,0.0,64.82115869017632,63.03022670025189,0,65.0,60.0,0.0,1,1,0.10006514613795305,0.3001520093908558,0.33876221321666933,0.26102063125452185,1.8057210462166908,1.6102749692995892,1.018853020053164,0.613166808331628,0.016653206144464583,0.06354437799137529,0.08797827055125299,0.053661537635433895,0.003257887517146775,0.0035379812695109265,0.002825313197530616,0.004017531044558072,9387.129629629628,9932.309677419355,9195.439461883409,10487.27027027027,-0.24826975778877589,-0.44518138401535284,-0.20035188936539994,-0.5036191025525301,6.391610452176914,6.358035614798121,6.505468106606568,6.131312234192206,3.8994683159722226e-05,3.8558848814711246e-05,3.39925280763928e-05,4.965515359637509e-05,8.409844330807076,8.17935021172585,8.546393677937509,8.020264176439762,-0.4726178450324329,-0.5121669520389336,-0.44209575708748594,-0.5360436954254499,0.997250366126576,0.99820637642795,0.9960801712764421,0.9985923856093464,0.020301535527465112,0.011588486250407655,0.0020116949652062093,0.020684448936332825,294.4259259259259,275.35483870967744,295.7533632286995,271.52702702702703,6.877928344744199,6.432833215078336,6.883104875254839,6.327234277586459,5653.0963648834,3813.1063475546252,6125.8001568501495,3462.1006208911567,3760.0564986282625,3436.3540062434986,3830.3099046833886,3487.3427227903594
37,1,401,552,77,75,53,52,64.77306733167082,63.042394014962596,1.1094183055692641,424,0.28937014194434973,22.595775212167435,1,0.7264492753623188,0.901373264691969,23.172567326238934,23.769728648009426,10.44030650891055,3.9571840686371456,3.605551275463989,21.18726032312814,22.181181864466716,22.38828737033204,74.76955262170047,0.9457547169811321,0.9036620485642483,0.021011321269989943,0.07981453999434673,0.01775763518011192,0.011372584119403471,0.018206023412629026,0.05340533853587358,0.00761221135234,0.019873127734903347,0.0023961803778742127,0.013830143788486054,0.0068053652053413375,0.026639659094086124,0.0070780161783544635,0.006151814878220939,0.024456865544763732,0.005010605369167623,0.009382652235743449,0.0021092343685007293,0.004122742042520364,0.006942960888142859,0.009920607862326607,0.0045509358539405475,0.010800407845963525,0.0033638644751865024,0.004662457036830856,0.004034693754824595,0.003887848293619577,0.0035870452203416456,0.007689631120120908,1,17.50434835255146,202.36522184312344,0.3130435049533844,0.13043475151062012,0.33964446046578095,0.321739137172699,1.0,0.27350544300861657,0.5046514260427019,0.417391300201416,0.22608695924282074,0.22608695924282074,0.01974134637487683,0.22243504325019214,0.695652186870575,65.11223787806429,63.06033001184715,0.0,64.77306733167082,63.042394014962596,0,65.0,60.0,0.0,1,1,0.10407356226095446,0.3065056707571624,0.3276899282440868,0.26173083873779635,1.814499933332286,1.5962178438132724,1.0107973940452208,0.6137664697886333,0.015120754428108982,0.06606515868468811,0.08365280029188885,0.04963282993649234,0.0032145123973710624,0.0037973181440607573,0.0030346933980734602,0.003925266435682646,9060.488687782807,9864.025157232705,8798.694690265487,10137.774834437085,-0.23848638645246775,-0.4690349327661919,-0.19026926118974616,-0.48760855663383185,6.434184079914434,6.340126411256692,6.444712332503683,6.367220136532795,3.5687777346869185e-05,4.1138554792569034e-05,3.598225369730891e-05,3.665094077391069e-05,8.418991586482017,8.113166681685843,8.465025588492665,8.05297427574892,-0.4342957619685832,-0.4988608206330846,-0.42030091597315394,-0.4947183714484198,0.995305316588863,0.9977217936557625,0.994454932138757,0.9974842629231433,0.01799923262055311,0.02328332400674459,0.020098761178766376,0.018321241583643365,288.9773755656109,271.20754716981133,290.146017699115,267.52317880794703,6.785358923690167,6.3431523398151635,6.914567057546167,6.31507243467235,5571.062836551253,3565.2336537320516,5985.682218654561,3491.8521117494674,3657.8878810835195,3357.314702741187,3696.0942272300126,3407.40673654664
38,1,456,625,77,76,52,51,64.46491228070175,63.175438596491226,1.1056798210121754,477,0.3119401871692461,24.095585330081406,1,0.7296,0.9044209553219188,24.810325330606357,25.0,11.180339887498949,4.175128879563932,3.605551275463989,22.58470645187228,23.572333309372166,28.683970650159676,79.59797974644667,0.9559748427672956,0.924731141416128,0.031103892545797242,0.060310959454682525,0.020493941275651108,0.017488140257046432,0.024373826135027216,0.03760424654923772,0.008403407894441916,0.023815855539922368,0.006596781054731212,0.015153091707008437,0.013360474265023342,0.01671414125232762,0.0064711410271009375,0.0074023320594776496,0.012128344306543654,0.00975367450032818,0.010170536391570383,0.0052481203118533515,0.009563772291859375,0.003744513808137654,0.007866009246715372,0.0017602715311262826,0.004813720520067162,0.008804461081590165,0.010925953786574074,0.005371419879134346,0.002228908796173476,0.008594624999423395,0.009730579303683142,1,17.42982506752014,218.2807060033083,0.2894737124443054,0.1315789520740509,0.41491185202965997,0.2982456386089325,1.0,0.2563209568752962,0.47868575877918484,0.4035087823867798,0.22807016968727112,0.22807016968727112,0.018291949038850487,0.22530618778215114,0.640350878238678,64.8795209685766,63.15958044737537,0.0,64.46491228070175,63.175438596491226,0,65.0,60.0,0.0,1,1,0.1089856905340281,0.3000723352576117,0.32366178876573204,0.2672801854426282,1.9114413416737162,1.6485901792466355,1.0108888745011897,0.6063669878698429,0.015405771395848885,0.09662845419332385,0.10656119242099818,0.04641488139150903,0.002566178490364181,0.0030098969492908896,0.0026428854090112495,0.0033173763332493486,9133.585551330798,10062.358585858587,9019.469924812029,10404.58201058201,-0.18492237751542048,-0.40450256868111595,-0.15822905867271386,-0.4310730768001859,6.477710981955282,6.547144847479431,6.556989041397012,6.346297781215119,3.6866711523022415e-05,3.177085077017015e-05,3.3434077973511076e-05,3.799682388226638e-05,8.717514711676404,8.437437428160418,8.692390236204268,8.31885618083483,-0.4085851919716736,-0.4585413103905276,-0.41216532960796887,-0.47237698414640383,0.9942961808897044,0.9966916311135982,0.9945004137958112,0.9970808380581045,0.013271996151501134,0.015011570926754666,0.025217926470072195,0.02754787009852869,277.7908745247148,261.6212121212122,280.43233082706763,258.6349206349206,6.980201392291484,6.701005420442614,6.965332542769685,6.554608942680248,6282.758547904406,4266.356519742869,6555.11760133419,4136.3693625598535,3854.086024808803,3582.1787764003675,3893.6468815365406,3635.237843285464
39,1,410,552,76,76,53,52,64.6170731707317,63.0609756097561,1.0850652208128657,427,0.25611241607724516,22.847936741452536,1,0.7427536231884058,0.921603587340916,23.31028042580479,23.769728648009426,10.770329614269007,4.030078036427358,3.605551275463989,21.18726032312814,22.53281273587021,18.95441423015775,74.76955262170047,0.9601873536299765,0.9155094668909247,0.0299092660253659,0.06974568264977501,0.013543199127871783,0.01722087226353609,0.025167094418545335,0.04625562671559546,0.005365233698084407,0.022194313217043928,0.0032487375497935755,0.018148531757668566,0.008879593086957602,0.022467107364869548,0.0033180041120744585,0.007367114049943736,0.01920826653906944,0.006052546205378809,0.0123031381207471,0.0035952249863076624,0.004007131177159107,0.004692020616715177,0.004592765632319288,0.002465400603537059,0.009806984871991126,0.004401492611863594,0.008306964974874858,0.006989397300845712,0.007765899084595668,0.004982389658444704,0.006158860759805648,1,17.761062264442444,209.07964977622032,0.32743364572525024,0.14159289002418518,0.34473614440654315,0.36283186078071594,1.0,0.2775165978819132,0.5099503653078544,0.4247787594795227,0.22123894095420837,0.22123894095420837,0.023170346435140165,0.22414502292438626,0.6902655363082886,64.95877423206743,63.106619820148296,0.0,64.6170731707317,63.0609756097561,0,65.0,60.0,0.0,1,1,0.10666214997944913,0.30441039713082085,0.3253618860711322,0.2635655668185978,1.8221450621489157,1.600105933636364,1.0029952878884518,0.6174964708321431,0.019474168666767547,0.057678950440131674,0.07883347832674789,0.05754024691890102,0.00280855647891659,0.003606484235574063,0.0028518876337693217,0.0037253645249158782,9233.179824561403,9812.317073170732,9087.801724137931,10404.443037974685,-0.22902903596263396,-0.43578670176144124,-0.20076301606477626,-0.49797541644840326,6.522699650354611,6.390828873634392,6.456670894453808,6.226235815101963,3.283293146689366e-05,3.7897349396750444e-05,3.757544845236327e-05,4.5766587479720804e-05,8.566421209330692,8.182217324726844,8.557313376583764,8.142326475997816,-0.4594756840487069,-0.512819669949709,-0.455995200713396,-0.5220848503558848,0.9969774793422158,0.998227131424514,0.9968046485701164,0.9984116048232733,0.022317221219321337,0.016792783536629465,0.016121015195821986,0.02048766662001079,292.8815789473684,274.0975609756097,294.1120689655172,271.72151898734177,6.848605380558369,6.420826950088928,6.848273670016054,6.373440757925895,5791.98159048942,3855.892920880433,6048.9098543400905,3486.897131869904,3756.2903537626917,3417.052498512785,3784.177894619501,3472.8350424611453
40,1,413,552,76,76,53,52,64.53510895883777,63.06537530266344,1.077183391121731,432,0.2881676866177499,22.93137440223813,1,0.7481884057971014,0.9283470282238983,23.509376065440353,23.769728648009426,10.63014581273465,4.021607023089946,3.605551275463989,21.2908874120468,22.51210744878433,17.665556831522302,74.76955262170047,0.9560185185185185,0.911995496504685,0.02388372949819728,0.0739828203318894,0.017988148735158752,0.013424224315443952,0.018223419892056125,0.051422055446265394,0.008889042063170479,0.01951757641007676,0.0020169239566329568,0.013154992891745269,0.00873800086333075,0.02816565310353842,0.003505497277268394,0.00558061366001712,0.01848200912473072,0.005499518567615596,0.007996806982761019,0.003246843268254872,0.0074616776832423905,0.010339908758869552,0.0046417429871497325,0.0030366480450018767,0.005654079479403371,0.0029644023549371657,0.0070637278375464616,0.002897320039585533,0.006335569977059382,0.005136371817899902,0.0033412925526930736,1,17.778761133551598,210.70796884596348,0.3141593039035797,0.14159291982650757,0.3521087046339785,0.3539822995662689,1.0,0.2777931427117437,0.5101887865519696,0.4336283206939697,0.2300885021686554,0.2300885021686554,0.02259548812743821,0.22389661300691766,0.6902655363082886,64.88038638911591,63.134397299298854,0.0,64.53510895883777,63.06537530266344,0,65.0,60.0,0.0,1,1,0.10062998719073696,0.29899202007757586,0.3377152441584296,0.2626627485732576,1.8069645525988782,1.6036844713251777,1.0180758820250462,0.6163620179588372,0.012165330417553256,0.07863391237581395,0.09212178438662093,0.05239967356780772,0.0029747716481379077,0.0038104224125417334,0.002969669533725668,0.0038085937500000008,9169.506550218339,9917.71686746988,8992.272340425532,10187.225,-0.23151868811345713,-0.4481747440038801,-0.19426963445758816,-0.47767737522510595,6.435663984944352,6.306826705247817,6.510708530101613,6.282066867106456,3.6659676451124826e-05,4.172743898220896e-05,3.503263239517315e-05,4.33349609375e-05,8.503944235647959,8.12498054577869,8.518986946528173,8.126523954221796,-0.4500451517625045,-0.5180396551755212,-0.4355091725155531,-0.5005315977622283,0.9964105784915865,0.9982924416740461,0.9956337148422626,0.9977958424962605,0.019143860196693698,0.03902153101518282,0.023285137233789655,0.03418698409432634,293.2183406113537,275.066265060241,294.3659574468085,271.5625,6.8159853121487215,6.532343217797093,6.857804833996493,6.510837860444755,5721.8737247573445,3779.13416315864,6066.759692168387,3600.93359375,3722.8450687439217,3424.2127576571365,3764.758008148485,3447.0396484375015
41,1,471,625,77,76,52,51,64.19532908704883,62.99787685774947,1.102210600560527,492,0.3364477554878303,24.488687706168772,1,0.7536,0.9072676306065756,25.322286138299525,25.495097567963924,11.180339887498949,4.235738736534719,3.605551275463989,22.978625750451446,23.84605087600489,36.18738634525943,80.76955262170047,0.9573170731707317,0.9061494414961863,0.023181902534437124,0.07700327258632952,0.023167418830167597,0.012645698054143546,0.024565653368489836,0.05087061830792618,0.0141621138929598,0.023342810413531177,0.003044316011283467,0.012210025780710341,0.007547606282412459,0.02587839313940052,0.007308381237792498,0.004482741515438866,0.010188630631535977,0.005837186505509568,0.0025440991052853323,0.0053833828829390265,0.011462149248276073,0.009367546896825861,0.004070643710139188,0.008043729437589563,0.002289257941743752,0.008880588358027589,0.00665366253307777,0.0031777180747110285,0.004691771086022859,0.007294147391404998,0.0012327944188948066,1,17.96491275727749,224.28947930037975,0.2894737124443054,0.12280702590942383,0.4596340648715701,0.31578949093818665,1.0,0.2566416108182498,0.47619846985218633,0.3947368562221527,0.21052631735801697,0.21052631735801697,0.01931451708430027,0.22364935497863336,0.6491228342056274,64.640345724131,63.11287105895303,0.0,64.19532908704883,62.99787685774947,0,64.0,65.0,0.0,1,1,0.1063005954813283,0.2998161831366192,0.32774062329361264,0.2661425980884399,1.9256761719886701,1.6613343794982054,1.0023755426707237,0.608510503396384,0.015099791305951966,0.07305816597634604,0.08837568026504548,0.04787125244714546,0.002277620247847091,0.0029705215419501144,0.002358951634975042,0.0031564843206472724,8792.155797101448,10254.628571428571,8802.238267148015,10188.532994923858,-0.15504484417601255,-0.4151237548675093,-0.14509961572535182,-0.4116566737230856,6.55369333599978,6.503212036751156,6.564607502697092,6.344072761435061,3.284117024226791e-05,3.381292295564059e-05,3.468362189033401e-05,4.241549396463289e-05,8.85578935713265,8.48441379144474,8.832083140747189,8.388549281385309,-0.42379437916474244,-0.4792204607845796,-0.42107399969092724,-0.4918507285663622,0.9957170587146468,0.9976162654630736,0.9954908074789098,0.9978953103587643,0.01728467396755676,0.01379962271002424,0.015438931581706544,0.03503319679952284,275.70652173913044,262.50476190476195,279.1191335740072,259.0913705583756,7.053774389707103,6.6227520512643,7.071570473021236,6.621885228202577,6431.765319785758,4238.278548752816,6571.51288300383,4246.326676801778,3805.9802792217997,3623.2267800453483,3843.437787537954,3608.714917931411
42,1,476,650,77,76,51,51,64.11344537815125,63.023109243697476,1.1131200255069054,499,0.29145240460608374,24.61832697999475,1,0.7323076923076923,0.8983757160820177,25.260019991446693,25.709920264364882,11.180339887498949,4.2713516700746625,3.605551275463989,23.10993218331117,24.163364589403198,29.616091206638313,81.59797974644667,0.9539078156312625,0.9108464111414699,0.026230254389526354,0.07297812483370925,0.018328388643028846,0.015456436097571746,0.02501652830555891,0.04764311897404038,0.009521145324103475,0.027228942120242197,0.0038813691217148556,0.013020530845854734,0.006267139757680769,0.022969808643233697,0.005439800988521233,0.007560938664983359,0.01142017084195168,0.0035499032744100347,0.004557235442625048,0.006074109773850918,0.010528026742774216,0.006152701611291743,0.0070521662582994585,0.004424177093439411,0.005923773389380088,0.006003172546253887,0.00542095312058955,0.0037782372334464256,0.00563851326849571,0.006178399023785683,0.0038666825763965613,1,18.07017593085766,225.6929871737957,0.2894737124443054,0.12280702590942383,0.46098458893202443,0.30701756477355957,1.0,0.2581453704408237,0.4741449310373859,0.3947368562221527,0.22807016968727112,0.22807016968727112,0.0170075596929475,0.22233984147122565,0.640350878238678,64.55890239608215,63.14174665941842,0.0,64.11344537815125,63.023109243697476,0,64.0,64.0,0.0,1,1,0.10459014933861235,0.2964747944894062,0.33425317536092414,0.2646818808110573,1.9148042725068952,1.6409535136855486,1.0069905789354416,0.6115950255634136,0.041546343624628876,0.10479029587856327,0.1362105070320857,0.058191225235665396,0.0025629167148417927,0.0031519274376417238,0.002232030581962678,0.0032517168579679198,8723.792114695341,10096.280952380952,8692.620567375885,10230.295566502464,-0.15733103882973565,-0.41639672613863904,-0.14168883383661796,-0.42144450504972847,6.514209432987459,6.347821872723779,6.628039131046377,6.361279745024046,3.778403220135838e-05,4.001331978103742e-05,3.0324934090258907e-05,4.019405497642353e-05,8.751221311767152,8.408223315254265,8.893931981808402,8.373391766906899,-0.4019142813050819,-0.45525066532329256,-0.3665936614588315,-0.45362984126833394,0.9938535876217952,0.9964730820932425,0.9907276709111557,0.9963168842538602,0.01974001062581595,0.015760708486667968,0.015665423471304545,0.039980881610480946,274.9534050179211,262.1571428571429,277.76241134751774,258.6600985221675,6.953380071875982,6.599710429639206,7.051089574117822,6.526558656276722,6351.915391631686,4160.008639455758,6535.032204114468,4163.928801960734,3768.926876581758,3564.0723979591858,3806.913192872591,3598.5560921157994
43,1,540,702,77,77,51,50,63.727777777777774,62.907407407407405,1.0650225868654735,558,0.22299527478270342,26.221162334209897,1,0.7692307692307693,0.9389472226529534,26.614143408464603,26.92582403567252,12.529964086141668,4.583309448707781,4.123105625617661,24.81691581048756,25.94398665078311,20.52838065882967,85.01219330881976,0.967741935483871,0.9242987051057774,0.024445369819086998,0.06476076552777499,0.010611290812834224,0.016160129427892356,0.021884501144685105,0.04689802482229939,0.008145495743877204,0.018847721401073013,0.006328923747195726,0.010469761463024568,0.01227442486722982,0.028050959134357314,0.005623538734562445,0.004565154362457189,0.00710397855943675,0.0018084167675619033,0.0017701964190781597,0.010541833416020979,0.014272918723086468,0.013172842009146793,0.0037215325987850277,0.004515963831242759,0.006388106257351786,0.0030359681424503714,0.005387547392168876,0.003777401619215438,0.00898359451447297,0.00489832512781599,0.004215669656668811,1,17.71681399643421,243.51327830553055,0.2654867172241211,0.10619470477104187,0.5850191435750192,0.2743362784385681,1.0,0.2426960821429344,0.45095051538061215,0.36283186078071594,0.21238937973976135,0.21238937973976135,0.01493206965502322,0.22329235162114042,0.5752212405204773,64.28618672938654,63.08184032033511,0.0,63.727777777777774,62.907407407407405,0,65.0,60.0,0.0,1,1,0.11596467685920797,0.30624704792425933,0.3173674478671723,0.26042082734936045,2.020029854966841,1.6537340587909986,0.9682396714591691,0.6061519257269593,0.0462960402939656,0.11064429941760737,0.1421397831507867,0.06342419930892101,0.0021710811984368213,0.0027604767397154937,0.002196206389615978,0.002849161124426596,8511.057750759875,10092.482352941177,8402.91616766467,10838.191235059761,-0.10647653077639338,-0.33433125135668873,-0.07452243283307171,-0.4059304493111641,6.68647159816347,6.518348551386974,6.6639668015012195,6.482733634192055,2.8660855526888492e-05,3.5382791098976354e-05,3.1102455514214836e-05,3.849779813452861e-05,8.989955694752705,8.633415789732162,8.960697668177215,8.582003962274207,-0.3633478451965543,-0.41963923254364577,-0.3702167337073381,-0.4275566183487859,0.9907224662529825,0.9948846732460526,0.9914328953181345,0.9952886632343847,0.014698744763766166,0.02897012645262919,0.02210308324886022,0.037101744921290064,263.9878419452888,252.42745098039214,265.34730538922156,252.37450199203187,7.101091115813779,6.811795302066622,7.170498053007812,6.639141526487599,6873.015049750073,5034.919246443693,7237.364408906724,4579.628672560764,3846.018200127495,3781.850399846211,3910.07014414285,3854.45497690513
44,1,515,702,77,77,51,50,63.86407766990291,62.83300970873786,1.0861551704728751,535,0.2528340578364635,25.60699837034026,1,0.7336182336182336,0.9206787641259709,26.09904084978597,26.419689627245813,12.083045973594572,4.469466231319093,4.0,24.291690079048674,25.251074098501785,42.15098277644468,83.84062043356596,0.9626168224299065,0.9239532898641969,0.03425228508549259,0.06294605144039558,0.013643067045585535,0.023053005177289646,0.023631855015049046,0.041993385876691124,0.007053173446033362,0.022198292057785805,0.01035255111133224,0.01208998282049346,0.009001222246496469,0.020737703542578756,0.0027967790486854815,0.008585967719269057,0.00492333313570275,0.0029585616761651904,0.005738361837239224,0.008399645412125772,0.010027255282312578,0.005106275907894222,0.003263826385082072,0.004376853836436375,0.004521492085808641,0.005303463539941444,0.004650886362875654,0.004813920862580161,0.007026203919891962,0.00980091443400537,0.005438926661054123,1,17.526316180825233,236.87719935178757,0.28070175647735596,0.11403509974479675,0.5279560087916866,0.28070175647735596,1.0,0.24684952367359483,0.4599557268966749,0.37719300389289856,0.21052631735801697,0.21052631735801697,0.014963126536361235,0.22124483701690426,0.596491277217865,64.33702413529933,63.06765665222591,0.0,63.86407766990291,62.83300970873786,0,66.0,61.0,0.0,1,1,0.11090949331565549,0.29758554357740746,0.3253962363804925,0.26610872672644453,1.9695996226745638,1.6479199456168243,0.9915920812778315,0.6118124743933878,0.04765771238541483,0.10247805865534076,0.13608095825452937,0.05057499999507743,0.002378303340852719,0.002868794576654191,0.0022959812623274153,0.0029111531190926278,8463.0,10282.193277310924,8283.330128205127,10451.55652173913,-0.12044381919785672,-0.3849433246066085,-0.09088205050201655,-0.41173284147152367,6.643009486733132,6.64185145338873,6.591830057760725,6.47944077280059,3.079372499807018e-05,3.2186659705242386e-05,3.1450561282667654e-05,3.598766651405954e-05,8.86412823184061,8.55542937040535,8.89588515151295,8.528013746558925,-0.3652311670151405,-0.41426177167961864,-0.35295023437834305,-0.41300865281933546,0.9904298011431086,0.9942603204716158,0.9888934410004919,0.9940772222855058,0.02132300761022078,0.0182080506331708,0.017147663630830434,0.031725727924465694,267.14057507987224,257.1512605042017,269.70192307692304,255.84347826086955,7.094075398177066,6.756837591670031,7.0728878986330015,6.66976441415197,6643.513784972791,4566.346868159031,6903.151534763339,4355.149413988678,3776.6284462432013,3712.1350363674865,3796.6204157421053,3701.6764839319476
45,1,547,702,77,77,51,50,63.654478976234,62.87202925045704,1.0513934129933376,562,0.2322280202803852,26.390567083147985,1,0.7792022792022792,0.9511187607243806,26.80205174419109,27.294688127912362,12.649110640673518,4.642766948481512,4.123105625617661,24.981993515330196,26.06932044969201,16.714193044073056,85.01219330881976,0.9733096085409253,0.9226164974614303,0.023454312339488345,0.06729228065602251,0.009918382632095343,0.015936565454490872,0.019134534682626807,0.050230046471547364,0.007376821502775451,0.018747277305454266,0.0064846539021921985,0.01001453734897312,0.011916703685898112,0.031101653033612238,0.004559378821119511,0.00772384244143246,0.006721940126783232,0.0018751179907310269,0.0018917979113265775,0.009889907479336818,0.007871827638282208,0.01459781019776682,0.0025407047452922714,0.0009889005510158335,0.005045882835781695,0.002169252899972182,0.00664407571853492,0.0032104661663018663,0.007546959214484344,0.0025972275977729736,0.007344914989031752,1,17.666666969656944,245.55263735353947,0.2719298303127289,0.10526314377784729,0.5729940042966125,0.28070175647735596,1.0,0.24200913657064307,0.4489079293483354,0.359649121761322,0.21052631735801697,0.21052631735801697,0.016351945179692476,0.2212848717797777,0.5789474248886108,64.18308147411477,63.093166149671255,0.0,63.654478976234,62.87202925045704,0,65.0,61.0,0.0,1,1,0.11895830930751708,0.3050405457591466,0.3157217874024017,0.2602793575309347,2.0334435997253624,1.6358546914730683,0.9648034508889028,0.6084308058522273,0.047977700676745685,0.10751171650205593,0.14607358418728894,0.05809250620036212,0.002245488973045222,0.0028032544378698227,0.0020940652385170407,0.00261688232421875,8248.253731343284,10022.238461538464,8212.58357771261,10650.44140625,-0.08830323088835258,-0.33478360588311906,-0.07236153504298011,-0.40275399915016685,6.625244200332366,6.539127925627798,6.6598743035488805,6.496696721710778,3.086089238102863e-05,3.374269022744083e-05,2.9386563574646223e-05,3.552436828613281e-05,8.96896033613542,8.638160686145449,9.025755018447954,8.687423632778696,-0.37837510796736307,-0.4208698019404974,-0.3612951603452791,-0.4113448960552649,0.9923633154997935,0.994983994783066,0.9906124211459867,0.9944233287709757,0.027192609914450803,0.01868017172146521,0.028976378030820957,0.024343995521476862,262.27761194029847,251.9153846153846,263.68035190615836,252.09765625,7.091961252830353,6.801173657674402,7.189019646357522,6.769086865334872,6909.752782356896,4994.785147929011,7104.235068497859,4534.603744506836,3789.5016284250305,3754.255902366869,3829.2046615526197,3796.261287689209
46,1,552,729,77,77,50,50,63.58152173913044,62.88586956521739,1.0768221341077995,571,0.20730031179280733,26.510907730475957,1,0.757201646090535,0.9286584741578976,26.85367249501261,27.294688127912362,12.649110640673518,4.639511368716713,4.123105625617661,25.16384664716807,26.27033966511274,31.074092331859365,86.42640687119284,0.9667250437828371,0.9310653664858024,0.019080161196676243,0.06008984802844168,0.008341649152743848,0.01276179559499104,0.020456493716192663,0.04514194437399654,0.00702872017230196,0.02136521972944412,0.004901920009083593,0.011599064708795563,0.008266811000885799,0.02840043595016512,0.005466272554854953,0.009942164876095248,0.007624298292997824,0.0020247401048138856,0.003506550589979682,0.00701193538476686,0.0058571956279028356,0.013985193948657184,0.004028074868781839,0.0013054477431557535,0.00464638194946231,0.0018476678388879117,0.005689220070670522,0.0028772516291327055,0.006652117720084481,0.002174153357373083,0.0074438395479661445,1,17.859649315476418,247.19298686087132,0.2719298303127289,0.10526317358016968,0.5592630337080402,0.2719298303127289,1.0,0.24134661237130295,0.44781338199433207,0.359649121761322,0.21929824352264404,0.21929824352264404,0.015548134091604028,0.22028337896822453,0.5701754689216614,64.09599005352112,63.10518097477086,0.0,63.58152173913044,62.88586956521739,0,66.0,60.0,0.0,1,1,0.1178140516596612,0.3036550733467334,0.31774308037041565,0.2607877946231897,2.032292391129148,1.6433098086999671,0.969028620798173,0.6074044836793275,0.04496736345024976,0.0984513724626139,0.13790199554288912,0.05080671224628474,0.002179930795847751,0.002654384756657484,0.002192963816097034,0.002742952549902357,8131.2941176470595,9962.863636363636,8069.551020408164,10475.208494208495,-0.08784279761838466,-0.34084122201594996,-0.06827119665737286,-0.39236672335574846,6.586231571332096,6.605227680211012,6.637222101029931,6.530243595036437,3.380587356725779e-05,3.2156952156508256e-05,3.119161638081019e-05,3.52282154544273e-05,8.982862847876953,8.687331003803568,9.003687234207744,8.655305621728676,-0.3760440281488098,-0.4201515582853979,-0.37147443737740415,-0.42462290819293025,0.9921667278892934,0.9950648264708131,0.9917420386853767,0.9952832801841762,0.01740321011927593,0.017258301140060862,0.019450133798016155,0.039795662826823085,261.74117647058824,251.5681818181818,263.34110787172017,251.54054054054052,7.141590111848327,6.888292286094348,7.216069559305178,6.6451409891669915,6818.097716262957,4897.752926997258,7038.131458830903,4571.414379630623,3737.3479584775087,3715.154140840219,3776.9206198097672,3761.6557184597714
47,1,567,756,77,77,50,49,63.499118165784836,62.72486772486773,1.082923719636401,589,0.17989938431645597,26.86869594648831,1,0.75,0.9234260750477946,27.149649109362738,27.730849247724095,12.727922061357855,4.684225386124755,4.123105625617661,25.93067681338071,26.706703029848875,27.811530677143825,87.84062043356595,0.9626485568760611,0.9306271880743472,0.020476950935617414,0.06024237657284235,0.005138739327332119,0.014208077947036445,0.020997777262308333,0.044955939595314166,0.005342980221943003,0.020380706812646514,0.006590779961828625,0.010360344398774788,0.006052070237799055,0.02809567488787382,0.005288890401630936,0.008923930272304877,0.007332857599242925,0.0016509929999083785,0.0028940318650127134,0.004822036768979713,0.01032805243117371,0.013871965537132304,0.004626423277058345,0.0009294745157804419,0.0047998192066337365,0.00039418264099547044,0.0038190127152055464,0.0065576641599549325,0.003990139084465068,0.0036061239461386216,0.004430450091203483,1,17.86086955666542,250.0869615674019,0.26739130914211273,0.10434785485267639,0.6043048091708184,0.269565224647522,1.0,0.2381449274222056,0.4410704789548534,0.35652175545692444,0.208695650100708,0.208695650100708,0.013537935726050708,0.21773044263148045,0.5652174353599548,64.01623782603747,63.03755216542591,0.0,63.499118165784836,62.72486772486773,0,66.0,60.0,0.0,1,1,0.11571627094388776,0.30066064089364375,0.3215229499809974,0.2621001381814711,2.050347675787003,1.6550930425892796,0.9696995353150288,0.6090605670036641,0.04595959830433492,0.09873050329501824,0.1418881615652837,0.050946838119554444,0.0021428397496773563,0.002585123966942149,0.0020317826032066662,0.0024897119341563785,7826.769230769232,9713.65090909091,7756.946629213483,10285.996296296296,-0.07237026733191901,-0.3260463584580212,-0.051148301284409725,-0.38043663639784575,6.544278797241395,6.574324412938337,6.525495609066306,6.587600753431501,3.569326286889667e-05,3.5309392755681815e-05,3.393303488649634e-05,3.135900929140946e-05,9.01931838834642,8.757762172016918,9.097787152815739,8.760040319224975,-0.37987214938805486,-0.40058679986956797,-0.36020092200517356,-0.41233011073340486,0.9926936766480364,0.9937610077752681,0.9907708771606143,0.9947028965779181,0.025505330141415934,0.05124692717845134,0.02071315871492374,0.02470371262200702,257.994301994302,247.97818181818184,258.7780898876405,248.7888888888889,7.1863790841108734,6.955504741049859,7.164414254530899,6.6990135368528625,6770.370337903092,4936.894069421476,7002.049070508758,4616.529506172839,3649.284892168085,3662.6362446281037,3689.748924930569,3725.6314506172857
48,1,569,756,77,77,50,49,63.48506151142355,62.72759226713533,1.0791173093740585,590,0.19818788062884746,26.916041702938184,1,0.7526455026455027,0.9266833098804147,27.250363810091873,27.730849247724095,12.806248474865697,4.681085949611649,4.123105625617661,25.4911749434976,26.70982694299848,31.631774163250252,87.84062043356595,0.964406779661017,0.9307324445845387,0.019020808016730742,0.06002598180518407,0.009249493329102814,0.01312608017506166,0.02283930559844537,0.044568200342037546,0.008928830288515231,0.021467604796503736,0.0060827067350441985,0.012331289120055378,0.006077185124105952,0.02755121032851081,0.008079479339936859,0.008942990694125236,0.004992215575948734,0.0012603257675191245,0.003951366351516305,0.004342277299180564,0.009040893724260741,0.013251120223183655,0.006460413838205429,0.0023039280341914125,0.003969379617759206,0.002315043179158517,0.0025952005002834503,0.004444995582688637,0.0037846683874065354,0.0039339646448565005,0.00531454400225765,1,18.115044102072716,255.23894110322,0.2743362784385681,0.10619468986988068,0.5978992354184454,0.2743362784385681,1.0,0.24153392136096954,0.4485745889336028,0.3539822995662689,0.22123894095420837,0.22123894095420837,0.013461668675460513,0.2208002102449967,0.5752212405204773,63.981728059741094,63.06046737208657,0.0,63.48506151142355,62.72759226713533,0,66.0,61.0,0.0,1,1,0.11562998420886152,0.3023022002021363,0.31721101113981165,0.2648568044491906,2.056045656713811,1.6539418453366856,0.9652035579601749,0.6126159419983307,0.0398153912517743,0.09490602635531048,0.13682035182973473,0.051978897689910715,0.0020102881814315176,0.0026717408020435563,0.0020047234580106554,0.0026892335344017647,8053.158640226629,10081.119133574008,7949.030812324931,10466.966789667895,-0.07026137648266105,-0.330803041717786,-0.049024430790649706,-0.36765051704518775,6.514425489659322,6.544623363515541,6.654279307265234,6.475478539951245,3.64341564711292e-05,3.437816371936866e-05,2.9274955807997214e-05,3.660044147629985e-05,9.077505499315116,8.690857814109053,9.089628408244378,8.67986287896031,-0.3426671734989517,-0.39896953040928185,-0.3403297635217976,-0.40113569064381993,0.9882150846363675,0.9934039771238788,0.9879041764234072,0.9935602596407379,0.027162197127867,0.028359022071798343,0.019065211372628434,0.02105612891714153,261.9745042492918,252.4765342960289,263.24369747899163,252.4870848708487,7.10562837783627,6.7809441428262245,7.159754305384984,6.806321324196746,6995.7982168222225,5069.310821201885,7206.061059717977,4839.526585966974,3762.2392142622084,3787.6074886939714,3788.7729680107404,3826.623343908719
49,1,570,756,77,77,50,49,63.463157894736845,62.69824561403509,1.0772241211119988,590,0.1475817776999939,26.939683377854365,1,0.753968253968254,0.9283119272967247,27.151515347507864,27.730849247724095,12.649110640673518,4.695271211207513,4.123105625617661,25.93067681338071,26.854202361617542,20.90395053267149,87.84062043356595,0.9661016949152542,0.9323739480141411,0.01668487541414707,0.0588641688873334,0.005206982851231902,0.011563133023252459,0.02477488375783663,0.04406225234119498,0.006630552053686498,0.01987609750100054,0.005420893522993053,0.01412131511482117,0.006769069506336266,0.02748380019411336,0.007232823418717587,0.008456665477648326,0.006813416778997784,0.0007277749578008306,0.0045177772161767975,0.004755824902349191,0.0103860765547445,0.013196210786174934,0.006329146665889715,0.001993901809713772,0.005411352052003956,0.0008132250141689404,0.0018782275857879465,0.0031262897716609946,0.0033993890792366277,0.004561450719089125,0.005471716070137218,1,18.105263456702232,254.8157944381237,0.2719298303127289,0.10526314377784729,0.5873768773486198,0.28070175647735596,1.0,0.24140351275602975,0.447045253400217,0.359649121761322,0.21052631735801697,0.21052631735801697,0.015780377486994058,0.21867385080907076,0.5701754689216614,63.92977381115292,63.055010498224945,0.0,63.463157894736845,62.69824561403509,0,65.0,60.0,0.0,1,1,0.11800750284901519,0.2993906841291648,0.3186340319444488,0.2639677810773712,2.0383114128466184,1.6408912495540742,0.9712374235739876,0.6116326634719573,0.052733470155654,0.09346372160394205,0.14423103366154047,0.04785458099295481,0.002318139742730377,0.0026380165289256203,0.0022042071096407727,0.002965288679574394,7851.519774011299,9856.52,7745.606145251397,10365.992673992674,-0.06822005882052523,-0.3296626933366684,-0.04704227196217554,-0.37308065941876134,6.5865004671899765,6.672046265178103,6.63820895546389,6.54795717800137,3.330593930418901e-05,3.1280467135847106e-05,3.301919851591515e-05,3.689163225000923e-05,8.943400959601956,8.71554529756442,9.010900239488286,8.623762406708654,-0.32748501647859735,-0.3747416167309505,-0.310727673071041,-0.3876232640300137,0.9848208862478129,0.990975148362234,0.9816641684619067,0.9920577413640415,0.025535937988162612,0.03013128525861935,0.03905968350198337,0.015438144645025987,260.8305084745763,252.11272727272728,262.01955307262574,251.94871794871796,7.05734258475596,6.898536596272512,7.228648599976152,6.808516459858911,6848.671837594564,4969.074565289244,7049.605762928739,4732.891143044988,3675.0479029014605,3706.3986413223156,3698.802977045041,3774.7209542594155
50,1,601,756,77,77,50,49,63.272878535773714,62.68718801996672,1.0490946416053584,616,0.19321456191258912,27.66255531193445,1,0.794973544973545,0.9532028478095816,27.959720163182986,28.178005607210743,13.341664064126334,4.863483867435038,4.242640687119285,26.0,27.432861968106913,6.285759628805855,89.01219330881976,0.9756493506493507,0.9432635550822408,0.01137432412045619,0.05140572373553058,0.008077408469525331,0.007990443046732512,0.017254074056740717,0.042056186607394935,0.007719034554312095,0.015559792472159207,0.0036239376125651738,0.010495146443323717,0.007096715851353627,0.030847176199776814,0.006771299040952745,0.007948955935446013,0.005495342136377974,0.0008482838181569887,0.0038905410227614737,0.004270761835122486,0.007774618261669818,0.02005201314559074,0.0050329520566981655,0.001347257176201944,0.0010644026658143543,0.0015922674892482414,0.0032266701388333134,0.0020444420569449054,0.002606438948073015,0.003209171099526755,0.006350700085490077,1,18.087719455361366,262.0964962095022,0.2631579041481018,0.09649123251438141,0.6190539374795095,0.2631579041481018,1.0,0.23490544747222553,0.4361006592504197,0.34210526943206787,0.2017543911933899,0.2017543911933899,0.014666221014294791,0.21834435139931788,0.5526315569877625,63.775025928468004,63.049231903383095,0.0,63.272878535773714,62.68718801996672,0,66.0,60.0,0.0,1,1,0.11944844122363511,0.300746341332871,0.31466916697326186,0.26513605047023203,2.0511003764401265,1.6283653255950923,0.9648784150557667,0.6152384800486849,0.06169405321870709,0.14174708582960002,0.18046256711012273,0.05923252604728461,0.0019875346260387807,0.002533783783783784,0.0020403232301538297,0.0025107727664464233,7547.626315789474,10213.358108108108,7435.841968911916,10456.589830508474,-0.025725273450808488,-0.34195620232411794,-0.011459998956623927,-0.3631462832162311,6.644699758139394,6.638927565276003,6.608038821914429,6.596980055211642,3.0999434621710535e-05,3.0127470296521187e-05,3.177477224115916e-05,3.2455588989783825e-05,9.135924416253104,8.763375325029939,9.102836004989088,8.781540678081502,-0.3287973414696267,-0.38484275609266155,-0.33341530677156106,-0.3793949000008128,0.9861720954779826,0.992291070092486,0.9868158808309102,0.9917757304197871,0.02750416470352797,0.027608605067050266,0.027398620995063676,0.027380602561367602,254.0263157894737,249.43243243243245,255.14766839378234,248.65762711864403,7.162271410181766,6.85272558052987,7.170391024614097,6.831479281956502,7169.03614958447,5008.2386778670625,7267.34347901959,4885.255662166048,3679.165616343489,3805.3991964937923,3675.7963619828733,3835.461373168626
51,1,590,756,77,77,50,49,63.35254237288136,62.69322033898305,1.068654033228509,610,0.18314709008732613,27.408234736913393,1,0.7804232804232805,0.9357565394470102,27.689433997255172,28.0178514522438,13.0,4.786614653155931,4.123105625617661,26.0,27.221081672633215,4.844990314206427,89.01219330881976,0.9672131147540983,0.9350509056444922,0.009070528903044758,0.05748826678204507,0.007414758729198564,0.006273220884388953,0.0185721264634843,0.04451826875237783,0.007735469999487435,0.020393098206958782,0.004483626306996956,0.011523286242677731,0.011023750947902242,0.029217090476987364,0.007504094560120122,0.010902637667681292,0.00714497172752037,0.005543182234836906,0.0050009461541430265,0.008102402932655507,0.010910320569371818,0.014870646957294753,0.006237525214755024,0.0034176544780135216,0.0032308941036815267,0.005208326703735147,0.0064840864416561275,0.0018543582945615947,0.006238126032661576,0.004588916018664037,0.005805138699654023,1,18.663716584444046,263.91150729358196,0.2743362784385681,0.09734514355659485,0.5809861349900315,0.2743362784385681,1.0,0.2423859296681045,0.4473076394806474,0.3539822995662689,0.21238937973976135,0.21238937973976135,0.014273457891152986,0.2203131287152147,0.5752212405204773,63.79568774947812,63.06894239616305,0.0,63.35254237288136,62.69322033898305,0,64.0,60.0,0.0,1,1,0.11991147469388454,0.29313929301075536,0.32103816113183076,0.26591107116352936,2.0213648591254745,1.631624366757976,0.9713462311168206,0.6176674487656781,0.05379853410033824,0.13212389835803134,0.17098611691196322,0.053720892442653226,0.0019941563184806424,0.00261012200524419,0.002086133020002955,0.0025378568672839515,7821.791891891891,10135.584775086505,7637.424403183024,10654.222222222223,-0.04502691694533261,-0.32965405083195604,-0.01815807167697104,-0.37229018501789707,6.566881187480016,6.420878941725544,6.557272729326395,6.507656908764143,3.30771313173393e-05,3.7918331062977425e-05,3.46243716576908e-05,3.645155164930556e-05,9.116490176720836,8.746227229249532,9.083199186753884,8.760918100333036,-0.3566981680267356,-0.40531837408988397,-0.36124249307513556,-0.40204045040949066,0.990400272487678,0.9941202425989168,0.9908417541900028,0.9938941986492017,0.02844583070226955,0.032815956160290476,0.03268713024365391,0.024756218021995888,260.8945945945946,253.91695501730106,261.17506631299733,253.97222222222226,7.138632966557183,6.872164988869098,7.188544669980153,6.767436503978955,7147.759159970781,5109.8616156415665,7365.009139584465,4873.429783950596,3742.38776296566,3811.361597682022,3750.6083856918667,3881.9130015432147
52,1,611,784,78,77,50,49,63.297872340425535,62.67266775777414,1.0512219260434452,629,0.1697150651340243,27.891743614073043,1,0.7793367346938775,0.9512739177385382,28.13882633404143,28.653097563788805,13.341664064126334,4.891646000443918,4.242640687119285,26.832815729997478,27.73062128607686,27.37081103945472,89.84062043356595,0.9713831478537361,0.9446246762686961,0.014725483764284727,0.04928359475063178,0.006194188863299686,0.010726596933730364,0.017567922272225898,0.03881361379331173,0.0073851796813914645,0.017416579342831744,0.005871479191103769,0.010389310593429048,0.010159439140485864,0.02667303057792336,0.007716284892821636,0.009110684399791591,0.0065846661001485365,0.002042677809518581,0.00396135191405963,0.004649598010550766,0.0026391107414319884,0.015494822143325688,0.006570691827895985,0.002411149801225822,4.0944054897451276e-05,0.008551199149038118,0.0011354232872068917,0.0011644861955064968,0.0012707755293082405,0.0012062309986575163,0.011182649398868648,1,18.15789495408535,266.991233676672,0.2631579041481018,0.09649121761322021,0.5822706797722944,0.2631579041481018,1.0,0.23581681758552403,0.4369741958701669,0.35087719559669495,0.21052631735801697,0.21052631735801697,0.013849745048986138,0.21725904779646432,0.5526315569877625,63.72786409354782,63.06528237386645,0.0,63.297872340425535,62.67266775777414,0,64.0,60.0,0.0,1,1,0.11827709468218311,0.29924105497972364,0.31888819596338297,0.2635936543747103,2.0647801385946747,1.6324668267197404,0.9598063435154033,0.6170717349538233,0.056443018752247144,0.1352848361543378,0.16712070114129646,0.04611246457298289,0.001810720256937239,0.0021893288905976338,0.0017643364476299622,0.0024666666666666674,7435.079691516708,10109.872549019608,7295.343511450383,10439.080000000002,-0.017428459368616,-0.3353461910627634,-0.0030891440347784785,-0.3653262325616946,6.669412624353983,6.7034641130387485,6.718120291065316,6.647214986277745,3.035512936256988e-05,2.812730175727017e-05,2.8571415406289057e-05,3.0748155381944444e-05,9.217291608443405,8.929725546919807,9.257636297396479,8.806172065430978,-0.3271599058102352,-0.36797755648723013,-0.32392934552176966,-0.38762333247761216,0.9863164602124707,0.9910445189872026,0.9859409110510847,0.9927270901390316,0.021117088800820482,0.028090023167425596,0.022050399740775294,0.031602809228316424,254.36503856041128,249.55228758169937,255.30279898218828,250.3733333333333,7.264000463592875,6.917176283962896,7.3495965404665275,6.896567765734432,7180.355178726022,5032.07733136828,7250.409585041023,4852.620622222232,3653.8587175606845,3785.4874700969685,3636.4382741228437,3822.9251555555566
53,1,616,812,78,77,49,49,63.29220779220779,62.60227272727273,1.075774343933671,639,0.10827518848794805,28.00563442518059,1,0.7586206896551724,0.9295629753944541,28.13516696445262,28.460498941515414,13.341664064126334,4.907412378371109,4.242640687119285,27.0,27.969759198781347,-15.201740999404798,91.25483399593905,0.9640062597809077,0.9502312432578812,0.01157612815082715,0.04397973970943615,0.0027961002776457624,0.007510769245966786,0.024381948080845862,0.03412243875705052,0.0038316932620562206,0.016412755209869553,0.0029767153331897657,0.01611746167332211,0.010174323983081454,0.022864039034227082,0.005403781769208918,0.009138188697795454,0.007091077303591804,0.0027466806485164624,0.008861955309886541,0.005391906277545555,0.003597322936165528,0.012691456851947247,0.005556524251345221,0.0035449223695520715,0.0023666045224923554,0.008721564696854344,0.004419702780621378,0.004621446234525865,0.002731707877701282,0.003266185593198259,0.007509885218326354,1,18.315789610147476,269.0789536982775,0.2631579041481018,0.09649121761322021,0.578196589464727,0.2719298303127289,1.0,0.23481781551471123,0.43681648327642447,0.35087719559669495,0.19298246502876282,0.19298246502876282,0.016072041423782883,0.21633496840028732,0.5614035129547119,63.67585981426768,63.034849219974305,0.0,63.29220779220779,62.60227272727273,0,64.0,61.0,0.0,1,1,0.12042379553003109,0.29773430979626797,0.3174572148935218,0.2643846797801791,2.0605849457360796,1.6230472109247864,0.9633184451941346,0.6168975861537509,0.0601348508475459,0.13387013267297193,0.167738722521671,0.04086389172441016,0.0018776424580282164,0.0022716731320627423,0.0018177895932338889,0.0023441838609081977,7329.5623409669215,9925.91233766234,7134.982367758186,10402.245098039217,-0.014990764827198104,-0.3250855564005406,0.007330573326930676,-0.36490194754792404,6.596921039386102,6.712501549968296,6.626047544987975,6.582031595336469,3.2162811271590875e-05,3.053044605303382e-05,3.175728394094523e-05,3.263278041932323e-05,9.203527741400316,8.916073715991482,9.24498738853513,8.859368275635555,-0.3637668743166637,-0.39961618003881416,-0.3569872807144661,-0.4105690216099165,0.991614041901442,0.9941593523459407,0.9909595381377546,0.9948436542460445,0.03506850674752137,0.033898835372875274,0.026608021474509143,0.02819950976058743,254.21882951653947,249.17207792207796,254.94206549118388,250.62418300653593,7.186871143864154,6.881853711798616,7.201293907700139,6.851869674519031,7113.056439342428,5055.629480097807,7240.361882887388,4840.234578580908,3610.6546950773372,3745.3854544400383,3593.8360626613976,3810.6199191550277
54,1,621,812,78,77,49,49,63.18035426731079,62.6231884057971,1.0808567864148446,646,0.09654924429153328,28.11906394744562,1,0.7647783251231527,0.9251919519485619,28.247884269847287,29.068883707497267,13.341664064126334,4.888305894064908,4.242640687119285,27.0,28.11591605544569,87.97340361431142,91.84062043356596,0.9613003095975232,0.9317985861619703,0.02287975777377816,0.05853680631783988,0.0015047407197722603,0.015183223595505259,0.0248496659917739,0.042674477776737496,0.0035403128186888453,0.017855005048410675,0.0062175889303627534,0.013607744065716137,0.007887113256842727,0.025720990839458134,0.0060651226422651795,0.006721732744423377,0.004010934294754744,0.0006793297985817433,0.004598523390233507,0.001325093698172972,0.0009482835857328651,0.01194865016006953,0.005626580431100983,0.0014926050061310028,0.004772507107120957,0.010011619582981962,0.003971023498562138,0.0009613741911130894,0.0022281555100784364,0.0034513958946847806,0.010619095138436879,1,18.517544075846672,271.0877264291048,0.2719298303127289,0.09649123251438141,0.5903342512265207,0.2719298303127289,1.0,0.23439929209932497,0.4365341810452573,0.34210526943206787,0.21052631735801697,0.21052631735801697,0.013088257520792053,0.215998191107386,0.5701754689216614,63.58532876195397,63.05271161455267,0.0,63.18035426731079,62.6231884057971,0,66.0,63.0,0.0,1,1,0.11953145155213096,0.294945637450081,0.3176287860855159,0.26789412491227205,2.0619175392742513,1.6353682219330365,0.9668993929367904,0.6184470318606724,0.051677293452537854,0.12757438381657246,0.16153180132660802,0.04031419734350368,0.0019791166889725005,0.0023678911900065743,0.00195625,0.0024245661440496008,7293.14824120603,9866.73076923077,7088.985000000001,10169.961165048546,-0.012768428395502265,-0.32373025338772643,0.011528481334484062,-0.3538508181689953,6.5652338516338995,6.628557601826936,6.550330506304124,6.630675451454148,3.366674312103072e-05,3.201235759266108e-05,3.4643554687500006e-05,3.1666449990295844e-05,9.145246668206243,8.856575335787019,9.175959901034549,8.827907526202235,-0.34080948192548466,-0.3757453946070989,-0.33146159013312687,-0.38321668738895553,0.9882541323330184,0.9916594243289971,0.9868618633977218,0.9923585941619771,0.029411568639635958,0.02939255345367644,0.03592097377799133,0.038152582715190585,254.1633165829146,249.29487179487177,254.635,249.77346278317157,7.194596035482576,6.988697493283166,7.221167770162994,6.794080798364337,7109.252222166084,5040.733563445108,7254.341775000015,4853.793341083547,3600.600115843039,3726.8660831689685,3585.8316937499967,3755.9386265330268
55,1,607,784,77,77,49,49,63.12685337726524,62.56507413509061,1.0581492533979324,626,0.13022910244545952,27.80029502818709,1,0.7742346938775511,0.9450462652492516,27.968850667175065,28.653097563788805,13.341664064126334,4.872013303663093,4.242640687119285,26.7865123033834,27.73066594079705,25.84946429564932,89.84062043356595,0.9696485623003195,0.9375413340990296,0.02346858640427922,0.05456710972546614,0.003771275613575959,0.017398976869851143,0.02045697240143997,0.041324457309342026,0.006334731260069597,0.021785550903930223,0.010225918079522238,0.011910608696488701,0.007452879980456763,0.026597813514106443,0.007507369989926251,0.011476790095195834,0.007073164376596734,0.004895201914038322,0.006270795350325841,0.004327945709693524,0.0043165399272370895,0.013865086083853288,0.006119062535674243,0.0044049628424096925,0.00103769017248086,0.0067998568274801555,0.0030633473453685212,0.00609557863084679,0.005125830424307455,0.004753566110131163,0.0029492222717536153,1,18.796460047364235,271.6725698262453,0.2743362784385681,0.10619470477104187,0.6171344783576805,0.2831858694553375,1.0,0.24410987074499008,0.4475660128933201,0.36283186078071594,0.21238937973976135,0.21238937973976135,0.015050037363039991,0.21759070073025386,0.5840708017349243,63.52167821632101,63.039382379634596,0.0,63.12685337726524,62.56507413509061,0,66.0,63.0,0.0,1,1,0.1207856930595393,0.29101925189485645,0.32023844456485184,0.2679566104807524,2.036580991309447,1.6058971445470693,0.9719236792543248,0.6231787837617496,0.052719843076702334,0.12730715746363094,0.17720621276878876,0.044627773859891494,0.0020819769965277775,0.0023675235372678004,0.0020216962524654833,0.002561821539570289,7529.03125,9992.574750830565,7234.984615384616,10337.674496644297,-0.02933065585178697,-0.33048717350843554,0.0014510105471351562,-0.3570827117436308,6.52285015884862,6.6270180382325075,6.611518791347908,6.525705092224358,3.782908121744792e-05,3.143461112072094e-05,3.379405446149737e-05,3.5942451872593e-05,9.063338119148765,8.84485040762796,9.078974800862529,8.756772589188769,-0.3124507284699919,-0.34431778489014225,-0.3074902736689994,-0.3548072577299799,0.9824109440910749,0.9872922824724175,0.9813641730121598,0.9884883881760678,0.023488186647287128,0.021837502939886445,0.024075480241900347,0.016340827742517345,260.703125,254.9136212624585,260.24615384615385,254.8221476510067,7.094358932228926,6.841140828595271,7.209660107914493,6.79822006481132,7099.953531901032,5028.351342700422,7256.011203155824,4897.468368541973,3657.246195475258,3755.231523382743,3622.748954635099,3808.7857162965665
56,1,614,784,77,77,49,49,63.09609120521173,62.583061889250814,1.046085662561148,629,0.1385387861979357,27.96013377055607,1,0.7831632653061225,0.9559446571055032,28.1406076222472,28.653097563788805,13.416407864998739,4.908457106511276,4.242640687119285,26.870057685088806,27.86924798830322,45.39623091196203,89.84062043356595,0.9761526232114467,0.9379422558301154,0.01450472167313958,0.054916200131284496,0.004435914509156071,0.010195669603021257,0.02481286439447726,0.042668973583396275,0.005136778713753325,0.017668738480819145,0.00530462529061195,0.01563688280004614,0.007140573834969029,0.028534205328420666,0.005489950474547878,0.009621603203613051,0.005703240047771457,0.0032753362447061865,0.007344089106622703,0.003942677345553731,0.004395498190274231,0.015643980670123975,0.004573204494807954,0.004192542404907026,0.0009366811403546942,0.008637088883762302,0.004198438041055657,0.002893610112582742,0.002981352438689188,0.002910068090150043,0.004361464581345925,1,18.64601756632328,274.0177033394575,0.2743362784385681,0.09734514355659485,0.6121043788933684,0.2831858694553375,1.0,0.24215607228991273,0.4462829044616572,0.3539822995662689,0.21238937973976135,0.21238937973976135,0.013747389781524913,0.21691091093350962,0.5796460211277008,63.4810747896676,63.058939405382795,0.0,63.09609120521173,62.583061889250814,0,65.0,60.0,0.0,1,1,0.12272316166438008,0.2943095219656346,0.3140098178648751,0.26895749850511025,2.0365411151872728,1.5991685529814108,0.9688544129097145,0.6231694493665569,0.05005562745143894,0.13082312484106795,0.17466283515114814,0.038727857615290545,0.0018903591682419665,0.002398170011806376,0.0018779041820221115,0.002191179016620498,7348.710997442455,9945.097402597403,7185.177215189874,10098.983552631578,-0.013773064919947807,-0.3309147068945836,0.002267587308265603,-0.33411375893463163,6.645600264523672,6.6872593337670265,6.622221275290645,6.636529407616214,3.0860619170046885e-05,3.1683412404863814e-05,3.173388038149935e-05,3.174335342364958e-05,9.199160091380735,8.84623678415925,9.187635172134572,8.932073730520381,-0.3335320018296124,-0.3912016713127535,-0.32812098627780645,-0.3738991005975416,0.9873372637811023,0.9932073620239638,0.9863306301937651,0.9917423897194895,0.03171502018563404,0.03871461463222439,0.02535168816013981,0.02979422446161627,259.3401534526854,253.8961038961039,259.6126582278481,253.46381578947367,7.213619651760555,6.988325370098577,7.252312296808451,6.845158093455203,7149.032633224546,4999.658036768422,7217.837308123708,5040.630269650275,3624.435907666746,3736.188859841459,3600.753630828396,3784.903455570462
57,1,641,841,78,77,49,48,63.06552262090484,62.47425897035881,1.0796296748397705,664,0.12845177105299116,28.568278705151968,1,0.7621878715814506,0.9262435289659962,28.741492164774673,29.154759474226502,13.601470508735444,4.9523303903604265,4.242640687119285,27.574350900541738,28.503390657054005,-45.80923770211961,93.25483399593904,0.9653614457831325,0.9525867801857532,0.013789499021975054,0.04148818567245739,0.005205144893211652,0.00871619522215818,0.020600615894384628,0.03153704040835989,0.0037584904370544727,0.01660063211332727,0.0025701323636022825,0.012595051694194144,0.01113059651192272,0.020452084920572204,0.005419473285754822,0.00940264753567934,0.00846553768670274,0.0026288867192172027,0.005728940080653494,0.00464951098983534,0.0033502676833714064,0.010835339809079783,0.006566620861261493,0.0042694765639851254,0.003956616634456577,0.0058643987915510285,0.0054193382809751426,0.0021283520129260734,0.0016634265681382645,0.0005497935833001093,0.011600142099856624,1,18.6491229981184,279.65790171921253,0.2719298303127289,0.09649123251438141,0.6445291307543779,0.2631579041481018,1.0,0.23311403747648002,0.4362837780330929,0.34210526943206787,0.19298246502876282,0.19298246502876282,0.015739141143492178,0.2157897210992764,0.5592105239629745,63.422100930561996,63.011166513119235,0.0,63.06552262090484,62.47425897035881,0,63.0,65.0,0.0,1,1,0.11982058032038143,0.29500329295247973,0.31394874762396824,0.27122737910317063,2.0758105941990324,1.6162146220729854,0.9721794552027223,0.6209169643040439,0.053209681777893786,0.13414620740614502,0.17673508636686244,0.034897998083240005,0.002004130784849121,0.002404117580639091,0.0018546314027914352,0.002267455621301775,7142.768115942029,9754.549079754603,6837.311750599519,10183.443076923078,0.006815680397556176,-0.30891372543836726,0.036674002740837756,-0.3404969173555292,6.552474778414239,6.587424583048573,6.585663977170526,6.628930850604116,3.5519087900789684e-05,3.215607882865135e-05,3.1219316223055716e-05,3.3003045257026624e-05,9.135725114508418,8.879668635831584,9.218127973851644,8.924205677106643,-0.32856165281156235,-0.36152007023327415,-0.31751900730919336,-0.36067058948952035,0.9861279976682559,0.9900145437821729,0.9844648893059266,0.9900981307075919,0.030056124885480394,0.02402477792964705,0.03193766393647017,0.02850062821456569,253.66666666666669,249.43251533742335,253.6618705035971,250.2676923076923,7.153346954296383,6.911200356733268,7.263412342653405,6.854399473493399,7240.80193236714,5150.25158078962,7357.907251177487,5010.091417751493,3595.8925120772965,3726.2001651360606,3548.8047504442475,3798.383623668644
58,1,641,841,78,77,49,48,63.073322932917314,62.42277691107644,1.0796296748397705,664,0.130124174513329,28.568278705151968,1,0.7621878715814506,0.9262435289659962,28.75620746360588,29.154759474226502,13.601470508735444,4.939802118504475,4.242640687119285,27.574350900541738,28.51171370738025,-34.50818696146671,93.25483399593904,0.9653614457831325,0.9397146429601799,0.026585254963841117,0.051611736691051555,0.005261309896773828,0.019238269679157483,0.020292769533784148,0.03746770946636279,0.0029707077081646224,0.01703907570833809,0.010605392236857959,0.010834963865506529,0.012258137474187926,0.02263807078740296,0.0023059299064839512,0.00702832983161217,0.009259361174014664,0.004997829595904707,0.002842239274633365,0.00287500283365259,0.0027834755308464997,0.011224212610932887,0.0019475210409989779,0.0005913527286032186,0.0014031800341418191,0.0040541211994936915,0.005108465935047443,0.0019436207570860886,0.0020719772468010753,0.0008480123901614989,0.007189600443676432,1,18.850877344608307,280.0263220220804,0.2719298303127289,0.09649123251438141,0.6460546605989451,0.2719298303127289,1.0,0.23563596680760385,0.4368585366959133,0.34210526943206787,0.2017543911933899,0.2017543911933899,0.016218810232611694,0.21462095896964792,0.5657894909381866,63.37534064538218,62.993891545663146,0.0,63.073322932917314,62.42277691107644,0,63.0,65.0,0.0,1,1,0.11922438236021565,0.29370672981603213,0.3123140066188273,0.2747548812049249,2.06548186737562,1.6229828776903135,0.9718120303042143,0.6245314852920453,0.0565140432300758,0.13167711095274112,0.16645844073620533,0.03293890288158392,0.0019229754527493271,0.002234747261846513,0.0019092639557418806,0.0021349112426035503,7081.430992736077,9691.622699386504,6760.031175059952,9841.338461538462,0.0038279437207517203,-0.3152099371294901,0.03494418451862074,-0.32296919322311424,6.564998934973908,6.709945989520525,6.640978126023478,6.669262340574585,3.4322502086536465e-05,2.8333484828124423e-05,3.171352517244297e-05,3.1745648807322485e-05,9.200111016135057,8.965172632705594,9.192685190939324,8.984235754043034,-0.3348859737138562,-0.3663788079686256,-0.3383257520847155,-0.3588934931126354,0.9875687945013738,0.9909947286412595,0.988091882086342,0.9901247275123176,0.025037068261546426,0.017431692110081515,0.025996563227048214,0.016821490166268365,254.089588377724,249.56748466257673,253.72422062350114,249.64615384615385,7.295798398058932,7.064823390710101,7.206243195995702,6.975568102109156,7135.8539593947135,5046.135016372456,7249.585816239116,5036.314792899393,3554.321238032704,3684.4394289397424,3502.404247824763,3719.4133136094697
59,1,628,841,78,77,49,48,62.99363057324841,62.468152866242036,1.101978696771167,656,0.10641219951393753,28.277100878514442,1,0.746730083234245,0.907458558799759,28.427470939608106,28.861739379323623,13.416407864998739,4.89917064667517,4.242640687119285,27.280029325497434,28.266062677353954,-47.044545799356385,93.25483399593904,0.9573170731707317,0.9367717619792215,0.014102413675048163,0.0544693757428597,0.002611570875854078,0.00789669216886583,0.02436460439221921,0.03997703412481102,0.003047389235861749,0.021674429572473584,0.0034975592778481177,0.014011588723291881,0.012590584802626013,0.024266101494956775,0.005813128808592533,0.01075601074899063,0.007798916565732421,0.00715848567093569,0.005483206644427022,0.006138310753765276,0.0034176860041888408,0.011225461288958953,0.006106903249118787,0.0031332742607568646,0.0018389892506439375,0.007035868650507109,0.00934574895002548,0.0011956438307015181,0.0032557096821643635,0.0015209703171605645,0.008141976871408585,1,19.35087738931179,278.6315849274397,0.2719298303127289,0.09649123251438141,0.649677173601452,0.28070175647735596,1.0,0.2418859673663974,0.443680867718853,0.34210526943206787,0.2017543911933899,0.2017543911933899,0.017586300599147058,0.21386813500874952,0.5614035129547119,63.31003650931706,63.03557485517029,0.0,62.99363057324841,62.468152866242036,0,64.0,61.0,0.0,1,1,0.12023044826864057,0.2891323509955507,0.3157347922362126,0.2749024084995962,2.040668148992054,1.5927641791684704,0.9767559089869033,0.6300682939333807,0.05264872045339494,0.1296021577127355,0.17904730901952481,0.03802853035623971,0.0019120813841241556,0.0023583960903701333,0.0019109903176490572,0.0024685547187950655,7076.0497512437805,9548.357594936708,6785.854679802956,9761.791139240506,-0.003484716460290753,-0.3188241305207135,0.022244083054095448,-0.3267589590521734,6.514809809120186,6.635175479511343,6.518528765845886,6.597145758782352,3.6323705801488514e-05,3.0432005681931985e-05,3.578626480922704e-05,3.37962251579775e-05,9.202534868980425,8.878830708572215,9.184340319857235,8.848420453906275,-0.33439907190524065,-0.37263125548968135,-0.3304093416453611,-0.38269636999788587,0.98749995863652,0.9913909643276652,0.9867216262861415,0.9923791336634427,0.03691510561625934,0.03506002937959401,0.03635627653156845,0.022450092230419032,257.4179104477612,252.49050632911397,257.1009852216749,252.29113924050634,7.218806878395963,6.878972088856678,7.1995541617499565,6.877032174385432,7026.90495284769,4931.749909870181,7094.61295469437,4953.453212626184,3525.738676022869,3620.026876201722,3470.1169086243353,3678.811087966669
60,1,628,841,78,77,49,48,63.0015923566879,62.468152866242036,1.101978696771167,655,0.1805799231751134,28.277100878514442,1,0.746730083234245,0.907458558799759,28.581523218361223,28.861739379323623,13.416407864998739,4.891538345018625,4.242640687119285,26.92582403567252,28.111651952270964,-60.56818853318912,93.25483399593904,0.9587786259541985,0.9529410118596385,0.02524656999339795,0.03897552035248649,0.007288951936009164,0.017095080268104062,0.023556752763749272,0.025966058934963537,0.0021636252316063215,0.02126827251086073,0.00773754389874721,0.01297219845508376,0.01160240091125807,0.012633729068155308,0.0055880407408609506,0.010520358995893434,0.010265974919160196,0.0030517273485010325,0.004558316255476852,0.005146993427695321,0.0029379144896462314,0.0027204269060975683,0.00745162219986021,0.003562199488192028,0.0032096445040910187,0.008463582684141185,0.005258976125691592,0.0015823514122239029,0.0038637341980887847,0.00436814555786667,0.00735603393407072,1,19.723214372992516,283.8660763502121,0.2857142984867096,0.0982142984867096,0.6401358870760042,0.2857142984867096,1.0,0.24654017966240643,0.45201604514364985,0.3660714328289032,0.2142857164144516,0.2142857164144516,0.016613725641889458,0.21681250613778483,0.5714285969734192,63.2737394961603,63.0475576370194,0.0,63.0015923566879,62.468152866242036,0,66.0,66.0,0.0,1,1,0.12037240759376922,0.286415248518212,0.31664202985861356,0.27657031402940524,2.043077620780724,1.5917590802605037,0.9795625357202423,0.6315860262198778,0.043136318549200366,0.12809874005453362,0.17845559043127934,0.038340934927131684,0.0017976040197024829,0.002202066011589821,0.0018930041152263371,0.0021644160057319706,7291.44527363184,9884.55238095238,7009.627160493828,10046.03785488959,-0.004979656794113526,-0.32175106687502525,0.02061935435785403,-0.32421765015136966,6.474310617733385,6.576798030384477,6.461130668521008,6.515735296079205,3.7193888470234336e-05,3.2651578788344044e-05,3.625298505729882e-05,3.368158003262485e-05,9.254212574231214,8.964256351706878,9.21260920148005,8.959666080571644,-0.35250121498211356,-0.38795812812247593,-0.3550977713617616,-0.3954822725327591,0.9904234389661675,0.9932923696472479,0.990590408544927,0.993945057552383,0.03060044878093024,0.02649669772974166,0.02842216091212849,0.030929834433559497,262.7786069651741,257.0730158730159,261.91851851851845,257.4447949526814,7.122587221935497,6.9019720049565105,7.150296541471599,6.869545144284505,7219.18730353209,5072.201017888627,7304.781015089204,5126.751684263945,3627.6581442909846,3739.1883497102463,3578.602043895742,3793.1973847883855
61,1,641,841,78,77,49,48,62.94383775351014,62.34009360374415,1.0796296748397705,664,0.1584511997132184,28.568278705151968,1,0.7621878715814506,0.9262435289659962,28.821329924007234,29.154759474226502,13.601470508735444,4.935047979720394,4.242640687119285,27.617415691634438,28.457224584395494,-43.013800944868386,93.25483399593904,0.9653614457831325,0.9306450980739248,0.01838950056651595,0.05947262208172602,0.00573874302546024,0.010782051271059469,0.023119320566945205,0.04353044155460567,0.0038527619076887927,0.01940795614220774,0.003420900271031388,0.011826587900043218,0.013577268451362689,0.027031883735989408,0.005616714315768457,0.007447991629189242,0.009028590930482366,0.005496698730289926,0.003216009331463151,0.004869552241948478,0.0027087385364804326,0.014323764577809364,0.005616192815201161,0.0005732648225305194,0.0013065262774094367,0.009320031652843506,0.007359432680138922,0.002536163412622809,0.002513780187315696,0.002220899885683359,0.005550671230936377,1,19.29824584722519,283.8421116024256,0.27412281185388565,0.09649121761322021,0.7155460244582406,0.2894737124443054,1.0,0.24122807309031485,0.4428114065560461,0.35087719559669495,0.21052631735801697,0.21052631735801697,0.020003082274885006,0.21287384965250478,0.5701754689216614,63.21676245023659,63.00154520668632,0.0,62.94383775351014,62.34009360374415,0,64.0,62.0,0.0,1,1,0.11799245663358027,0.28379380572582324,0.31899375865563956,0.27921997898495693,2.04413958654391,1.5957178023706358,0.9830528812416578,0.6346808742175791,0.04287310933592674,0.13399126789252588,0.18590093211074013,0.04166523560826717,0.0019234847770760674,0.002150062102450224,0.0017595460428994083,0.0022117479823060156,6954.1844660194165,9304.720858895707,6531.853365384615,9533.761467889908,0.004768829266043465,-0.30252116174453686,0.04404507364179854,-0.3048094234148561,6.493795530051008,6.65010474632466,6.557988613707147,6.578632839926389,3.6059298763873824e-05,3.090638463617139e-05,3.516744579789201e-05,3.4094929292670257e-05,9.183093663120333,8.981261934846197,9.26642799933909,8.966206993654106,-0.3246190654551133,-0.35427213248216227,-0.3092680067959518,-0.35776925630818723,0.9856578516746595,0.9894815682388914,0.983001566769582,0.9898953530562764,0.026942556929117744,0.031096491573306614,0.02864854790101058,0.04276768285535704,257.0776699029126,251.6349693251534,256.1033653846154,251.4495412844037,7.158020334884357,6.925501268350918,7.162222239332589,6.905792841327754,7020.828918842497,4982.526261808853,7133.756142520331,5079.50127654797,3493.753346215475,3571.8117801761455,3416.402376976239,3653.315686109474
62,1,649,841,78,77,49,48,62.89522342064715,62.36055469953775,1.0797598639245907,675,0.18262497153313045,28.745999104799274,1,0.7717003567181926,0.9261318496923118,29.070829943992397,29.68164415931166,13.601470508735444,4.9706261978983415,4.242640687119285,27.72724292099739,28.581935570459674,-34.47226333223239,93.84062043356596,0.9614814814814815,0.9258881812732457,0.025652934015703416,0.0623696099663696,0.006842024324481765,0.016509237899234676,0.02358986887496163,0.043824169055396336,0.0044537976055980585,0.022126204823290023,0.007251318561200844,0.011002479583167425,0.013694800693449524,0.025384773171761292,0.004477861088279585,0.008502192326005348,0.003381735888651538,0.005330586662600996,0.004429341429594292,0.0027424456643632272,0.0009622992443472679,0.0121250939268779,0.003156959728081237,0.0023078886564793723,0.006062200949528759,0.010524040497866307,0.0067235130554527045,0.006008923350510822,0.0020885281370842303,0.0034665643868551687,0.0059015752015866224,1,19.26956543326378,283.9217453747988,0.2717391401529312,0.104347825050354,0.691848563518508,0.2956521809101105,1.0,0.2378958695464664,0.4374757247685651,0.3478260934352875,0.20000000298023224,0.20000000298023224,0.01948285361705731,0.2107253624439416,0.5652174353599548,63.15778995732534,63.000643168938225,0.0,62.89522342064715,62.36055469953775,0,63.0,65.0,0.0,1,1,0.11742366029912579,0.28979204321246027,0.3115371662987083,0.2812471301897056,2.0596744738954684,1.5938562376685295,0.9767517919220364,0.6359908971885674,0.03958706194850378,0.12643455761529063,0.18190692048148052,0.03587217993298957,0.0017942481530636072,0.0023411615447102526,0.001827540532837047,0.0023316156191029182,6701.878281622912,9202.851963746223,6364.189125295508,9466.876506024097,0.02241197097220146,-0.308057760907848,0.04585633388440844,-0.30893092034900677,6.5818277624633055,6.571110955731738,6.576124781413,6.604153024929956,3.589419337665222e-05,3.5547668070969026e-05,3.375244584072977e-05,3.4214329314622956e-05,9.268554017174775,8.924618704415238,9.258464289319907,8.890419392221684,-0.3119356010388629,-0.36682304731337867,-0.31653897869606834,-0.3779091666308059,0.983598208106219,0.990883258559389,0.9845025875970757,0.9920268173847232,0.030987073445570442,0.015824314910217078,0.03336925699791108,0.03695868008411225,253.24821002386636,249.1117824773414,252.79432624113474,249.72590361445782,7.2446929280437615,6.860316214119532,7.2331220265686245,6.934392898836186,7009.169895364001,4868.165752411893,6975.917509179628,4998.174871171446,3427.7620442467305,3517.754429039527,3335.026658618781,3616.2628442988826
63,1,654,841,78,77,49,48,62.90672782874618,62.29969418960245,1.0849239986914672,680,0.21239152062032682,28.856518540128786,1,0.7776456599286563,0.9217235504110017,29.26751287499924,29.966648127543394,13.601470508735444,4.978608397350947,4.242640687119285,27.72724292099739,28.5997643516775,-44.9283632298441,94.42640687119284,0.961764705882353,0.91918062719708,0.03198569594107734,0.06742636946447783,0.010889535434560164,0.02190911310093548,0.02357574640330391,0.0463208709448252,0.0060514885458794795,0.0175309494514994,0.010988972834735022,0.010313655810489734,0.010820310656166662,0.025428376412505723,0.002246774051891819,0.006089221512109412,0.005402537613869963,0.005646020155690371,0.0036559511055726125,0.00023732279107487178,0.0027920520070868556,0.010549485585375459,0.0006415601677817366,0.0008235227970214458,0.005345253570638929,0.010280528233779328,0.0065216074591664865,0.005903714834907833,0.003724614516416803,0.006424481454685113,0.005812470584160084,1,19.46956543624401,286.817397326231,0.269565224647522,0.104347825050354,0.7183835029427155,0.3130435049533844,1.0,0.23743372483224404,0.43855871150799847,0.35652175545692444,0.19130435585975647,0.19130435585975647,0.02102491799160963,0.21079108978089112,0.5652174353599548,63.13646008427755,62.98035412530361,0.0,62.90672782874618,62.29969418960245,0,63.0,65.0,0.0,1,1,0.1159956318368169,0.2896859073601406,0.31172689950487303,0.2825915612981695,2.0503011681426475,1.5920553228027876,0.980141309020129,0.6372926934103543,0.0409560171741935,0.1326307533434041,0.18575174721939808,0.03774359783830977,0.0016965557137771444,0.0020696372047723397,0.001823303345270329,0.0022675736961451243,6630.846698113208,9155.258258258258,6283.51168224299,9452.96130952381,0.028905199158160116,-0.3033055424909346,0.05826776547677555,-0.31454784158655963,6.578318279092413,6.764010325820971,6.603299914382504,6.603958076666725,3.250029724490477e-05,2.7189346009508948e-05,3.331771052261659e-05,3.2074597417091835e-05,9.322167860182756,9.03397431299122,9.248339299424599,8.917469580452465,-0.3082063934617601,-0.3573223297385575,-0.33319975799778034,-0.3743374087451968,0.9831135350194358,0.9901316130088468,0.9875302522366706,0.9917357390115603,0.02649824739196225,0.025439802913321534,0.0273101442372484,0.0245269630412326,253.7193396226415,250.19519519519517,252.75,250.735119047619,7.401958068261781,7.051688428926192,7.33236653148233,7.021258178837531,7025.588682582769,4894.030967904844,7061.070677570096,4929.1113857001255,3414.1088451739943,3512.322306540771,3336.1455899532702,3595.5181738059855
64,1,663,841,78,77,49,48,62.8974358974359,62.244343891402714,1.0701965235961086,684,0.22737052596290644,29.054394128245264,1,0.7883472057074911,0.9344078194533543,29.514635734326156,30.01666203960727,13.892443989449804,5.03794771663808,4.47213595499958,27.973079034760037,28.74159783716062,-51.04118463805004,94.42640687119287,0.9692982456140351,0.9245047021705137,0.027884310046093357,0.06366344982334163,0.012532635790279259,0.01743458865762785,0.020435300164542435,0.04501450986175597,0.005656629175786228,0.018858156234672276,0.006960447940475907,0.007887053491894638,0.01104315314133384,0.02649680522619769,0.0049448216819425305,0.007456914579826924,0.008412383080595224,0.005803540779112032,0.003418049873232514,0.0008137528636739818,0.006250333377776099,0.013092246787434864,0.005000411150602812,0.003324353119293368,0.003342357911092651,0.0125538370116274,0.007392061124988839,0.005581354393480074,0.005106939420754274,0.006924700102327952,0.0042334301559616705,1,19.86725664138794,295.1150489449501,0.2831858694553375,0.10619470477104187,0.7249687294626443,0.32743364572525024,1.0,0.2422836175779017,0.4451207374735296,0.36283186078071594,0.20353983342647552,0.20353983342647552,0.02388381898082977,0.2139284934747345,0.566371738910675,63.08816120981052,62.943774741393106,0.0,62.8974358974359,62.244343891402714,0,65.0,61.0,0.0,1,1,0.11484946466067332,0.29468034156500905,0.3100335858358339,0.28043660793848374,2.057978245135841,1.588398914289437,0.9741813621287096,0.6367447639151186,0.04280371208570819,0.12920509840208436,0.19090906979547667,0.04356911685374424,0.0016905649862825783,0.0021280276816609,0.0017175320385784119,0.0020229666210507522,6751.893518518518,9401.523529411763,6387.650574712643,9669.099125364432,0.038479411192290466,-0.2944351910746062,0.0684653852196693,-0.3082987596961827,6.544770202592909,6.673441819727399,6.607831076520154,6.755910707408571,3.49759074395576e-05,3.056192893057959e-05,3.153983030597668e-05,2.8269789590952222e-05,9.352586605127653,9.001951744923053,9.323965872300526,9.104938126199583,-0.3211555198531935,-0.3779747641385178,-0.33008662641165065,-0.36326441938890053,0.9859384114457631,0.992438948437136,0.9873853829387158,0.9911762379688585,0.032280796120243475,0.02725256747654647,0.0285406360449783,0.0328510417998232,257.11574074074076,253.7,256.09655172413795,254.74344023323619,7.328935963241618,6.980108723296738,7.2994026347852845,6.933187190898384,7292.306048525366,5124.539411764716,7326.602172017418,5112.079949680818,3511.0498917609766,3631.5157352941187,3428.563186682517,3695.2947687613123
65,1,680,870,78,77,48,48,62.86470588235294,62.17794117647059,1.0881109762563488,709,0.2000702631891726,29.42452872043851,1,0.7816091954022989,0.9190239064038347,29.785967591998123,30.083217912982647,14.0,5.093936428637488,4.47213595499958,28.0,29.183741557357546,-53.63517043716282,96.42640687119285,0.9590973201692524,0.9438387649287827,0.022530556809721512,0.04828154512794458,0.010555910801551622,0.016334134492686562,0.025227911732878187,0.0351061404779759,0.005780835004885182,0.014779184626676213,0.0089365578809281,0.01551650258345371,0.006703374242267689,0.020617884299535393,0.0013629989392173472,0.00810358398780911,0.004850806928814316,0.004371842139058391,0.006954080897065011,0.0010044982077768874,0.004485574974967246,0.008473825847242121,0.001576774063115003,0.003913355050816555,0.005691365341835675,0.011404520550382094,0.0052285425484669195,0.00169795493828552,0.0032770699895394305,0.0030779481249085397,0.0072324831288538656,1,19.956896975636482,296.0172470957041,0.26724138855934143,0.11206895112991333,0.7587960170800524,0.3620689809322357,1.0,0.23758210685281528,0.43531948102309426,0.3620689809322357,0.18965516984462738,0.18965516984462738,0.03201757000395529,0.21219137599897533,0.5603448748588562,63.028947511596996,62.91874889967534,0.0,62.86470588235294,62.17794117647059,0,64.0,61.0,0.0,1,1,0.11322732727646971,0.29497932245994474,0.3124526760244808,0.27934067423910475,2.080934663459435,1.591951898990176,0.96576281680294,0.639567873678758,0.0685467531492324,0.13533693393957755,0.18597999875658933,0.05114990444080362,0.0018360371492346938,0.0020741864669421486,0.0017261819137801898,0.002023408053957548,6509.066964285714,9326.193181818182,6189.131403118039,9299.323943661973,0.055272060968889904,-0.3023425319270698,0.08042877679065044,-0.27368835668618086,6.6011488896612605,6.720222731363407,6.576542124870398,6.801886327994074,3.2269224828603304e-05,2.9067362635588846e-05,3.323969928825222e-05,2.519077451615503e-05,9.27544090200517,9.053126078839986,9.337188839592738,9.081396693204338,-0.34695682379104,-0.3785531182855156,-0.3391320684121225,-0.37959595001785273,0.9897620621634029,0.9926765773737688,0.9888987329468267,0.9928767862429952,0.022640008081112724,0.0238482642786131,0.02358176506230286,0.026057977178254768,251.15624999999997,249.9886363636364,250.10244988864142,249.17746478873238,7.347436942692829,6.943088548466937,7.241740813428537,7.0786328752351215,7270.703264508935,4995.988507231392,7271.775695557073,5302.872731600888,3444.942557198665,3580.5454222623957,3365.226774668774,3650.5491688157126
66,1,668,870,78,77,48,48,62.73502994011976,62.278443113772454,1.107657880021433,697,0.2447177868088934,29.163744887841286,1,0.767816091954023,0.9028058374672965,29.69070003541541,30.01666203960727,13.892443989449804,5.01543535413644,4.47213595499958,27.973079034760037,28.78793502128913,-56.14349480482569,96.42640687119285,0.9583931133428981,0.931438877320466,0.03534867199672297,0.05685183112696936,0.013061502941783399,0.02567641425342797,0.022012965867514545,0.03834177258956714,0.006527248560287946,0.014966642320920287,0.015460030484506771,0.009611676770120866,0.011638817345042676,0.01993274516897088,0.0017297744406086955,0.003345803028945894,0.0044812925059395615,0.009449314342521262,0.001237566580598573,0.0006627558416272887,0.0024447158562962887,0.006759726565469382,0.0005915826967829508,0.003995247863503572,0.004405059592518124,0.008024081036646112,0.00688080904559197,0.0038490841408120383,0.003368303244327711,0.0016501050712417547,0.006132185467151488,1,20.11403538286686,293.7631657868624,0.28070175647735596,0.10526314377784729,0.7413046988922207,0.2982456386089325,1.0,0.23945280217698642,0.43976521824380593,0.359649121761322,0.2017543911933899,0.2017543911933899,0.022024852102566102,0.21178134000076207,0.5526315569877625,62.97028873550742,62.98142672367558,0.0,62.73502994011976,62.278443113772454,0,62.0,61.0,0.0,1,1,0.1141270256089995,0.28878139200617026,0.31249066751982957,0.28460091486500066,2.06045548937328,1.5942642137200123,0.9754381584263832,0.6422750376007444,0.046311796473501074,0.13635958467738069,0.1952304550340268,0.03879942946715926,0.0017987212584241424,0.00203996634055538,0.0017227539042138401,0.0020147971991015994,6606.629290617849,9086.265306122448,6250.760273972603,9396.221264367816,0.04064704590785869,-0.28841472529476625,0.06961384469878325,-0.2951756253347178,6.535961794842946,6.6335168924605705,6.55975039407912,6.594035693727884,3.5407974914899476e-05,3.119161638081019e-05,3.4056996158825656e-05,3.396285101544953e-05,9.271938525510212,9.057519285072788,9.322370357555345,9.07002844553029,-0.32614156996019716,-0.35730895696516835,-0.323207048803911,-0.3556810060448605,0.986424693950955,0.9902309144875718,0.9861578043610272,0.9900683299993053,0.03377065023503637,0.02280263596670969,0.02816892173982333,0.026091324899780683,254.0938215102975,250.77842565597672,252.95662100456616,250.83620689655174,7.159727588210169,7.027627725849468,7.158860842233372,6.878964922401977,7166.464881734726,5018.300759037462,7186.155652509362,5113.34960860086,3443.2735430881457,3526.1415162899793,3359.2289816204793,3627.392718242174
67,1,735,930,78,78,48,47,62.67891156462585,62.179591836734694,1.0666111800461955,757,0.25143444764173634,30.591356056578213,1,0.7903225806451613,0.9375487700744797,31.134135189015286,31.32091952673165,14.560219778561036,5.32152232926432,5.0,29.0,30.13393023404472,-46.03751859503665,99.25483399593902,0.9709379128137384,0.9445710493358092,0.02690507119339931,0.04835620553547939,0.013371224297563026,0.020832295747790417,0.018689638336982815,0.03627856611479138,0.009231672036706764,0.009028523611593632,0.013010727837935155,0.01097818421567632,0.007845582333694734,0.022533035657475192,0.005765768221985367,0.003662976422581961,0.007818360304222225,0.006038814131388869,0.004380498464178312,0.004468628469141533,0.010891804924582195,0.010485198614270544,0.004282491723610366,0.0006732666312609741,0.004178532333610521,0.009339085473115925,0.003018410266914134,0.003887899765728784,0.0033532447040183345,0.006152929340644059,0.0028870708372788654,1,19.16666680574417,306.7719359099865,0.2631579041481018,0.08771930634975433,0.7825065884340159,0.2719298303127289,1.0,0.22286821867144385,0.41737678355100205,0.3245614171028137,0.18421052396297455,0.18421052396297455,0.018935895761707598,0.20946167661080364,0.5087719559669495,62.940266483636,62.917162285744034,0.0,62.67891156462585,62.179591836734694,0,63.0,61.0,0.0,1,1,0.11443440303057821,0.2956079127719202,0.3171108329133636,0.27284685128413794,2.102732155686866,1.5631065891177058,0.9752153229762431,0.6326259801067549,0.056936113314377194,0.21051467532859125,0.22985229934316126,0.04813344544619564,0.0017380050688357855,0.0020136096705061215,0.001679420467299255,0.0019943342064434265,6097.985743380855,8811.872773536896,5915.563636363636,9235.929824561403,0.0943228817538405,-0.2552957492359972,0.11147611514723503,-0.2756662460228917,6.415423991602619,6.530399222354609,6.483081197100692,6.594809604733397,3.981541317658147e-05,3.742344746865269e-05,3.730281179455539e-05,3.167971163787248e-05,9.370449422031156,9.107828910676561,9.386460522969106,9.126878802044954,-0.2916033151420877,-0.3336296003449523,-0.2888966122525188,-0.3249872264611118,0.979382956784714,0.9868795503098865,0.9787633179248874,0.9854102083817564,0.028548407600351575,0.02220305319744404,0.02469730277423513,0.021565617599425515,241.77393075356412,240.57506361323158,240.38787878787878,241.24812030075188,7.182676213387862,7.011469227816093,7.211219804136398,6.936336737808735,7368.15052202373,5227.643856548108,7399.922277318634,5244.236681930386,3366.5340663511397,3509.8791575212526,3328.8714784205768,3620.0416266229495
68,1,703,930,78,78,48,47,62.758179231863444,62.24466571834993,1.0889917886854485,729,0.22745034887384313,29.918011296689148,1,0.7559139784946236,0.9182805695965137,30.37441718985581,30.870698080866262,14.035668847618199,5.157308438271262,4.47213595499958,28.597082079265984,29.578293963098098,-39.51563297887047,98.08326112068524,0.9643347050754458,0.9385034444854018,0.03356990653238816,0.051718571639260975,0.01294259982666158,0.025949805874827633,0.022947496914185857,0.0354385340399311,0.009654565666852372,0.015122869407714734,0.01634551503402487,0.013208079034159955,0.006448964952999319,0.017759726431648963,0.0062183216020516175,0.008195684908095148,0.009646926476214129,0.00818773767610006,0.004407623536954077,0.0038483540798451305,0.00812475392073794,0.0034660696027563774,0.0035749321456419753,0.00408263701681432,0.003510257573160695,0.009202480232945648,0.004649218546797478,0.0013420486106335162,0.005905434002491649,0.0026227303924494625,0.003919190553040052,1,19.313043624162674,295.9913102388382,0.269565224647522,0.08695653080940247,0.7605223270121967,0.30434784293174744,1.0,0.22991718600193659,0.42104027061001165,0.33043479919433594,0.20000000298023224,0.20000000298023224,0.01806914925742887,0.2057492985627478,0.530434787273407,62.970328132775684,62.97499924060245,0.0,62.758179231863444,62.24466571834993,0,63.0,61.0,0.0,1,1,0.114075029016846,0.28584858470373137,0.3200740343198308,0.28000235195959183,2.110388036811642,1.5948536114819278,0.974078121761216,0.6390962773623148,0.04334753886181438,0.16025269165337339,0.19744368346533675,0.04299362199059829,0.0016953403686087985,0.0019685902118334554,0.0016896771501542945,0.002033944350710629,6052.536637931034,8662.505405405407,5885.717344753747,8928.09625668449,0.06904990191664374,-0.27860006507378204,0.08131081000761237,-0.2842741038798651,6.332812169306537,6.577848657703353,6.443587650967835,6.383701621168953,4.25468018449019e-05,3.302006411500183e-05,3.9746707546682494e-05,4.3833728595997505e-05,9.362122805397798,9.130343411907521,9.366040624003846,9.088863009289245,-0.3152682238718725,-0.3547947833497828,-0.3175746704210559,-0.3574888783800985,0.9848454988986323,0.990208358204975,0.9853256075894581,0.9903873056725477,0.03581080755237121,0.028316769067037856,0.018726375261996858,0.02492463334786474,243.6875,241.44054054054055,242.53104925053535,241.45454545454544,7.1088510470876525,6.874115239480781,7.048010381915017,6.899962664058261,6950.387257543101,4887.478897005109,6927.576659070379,4975.627613028679,3250.7309738685326,3387.4960756026303,3203.323500956032,3475.9309674282977
69,1,733,930,78,78,48,47,62.615279672578446,62.27012278308322,1.0695214424746982,753,0.2490786435816561,30.549706811864404,1,0.7881720430107527,0.9349976169586306,31.082326107316202,31.38470965295043,14.422205101855956,5.300500781804174,5.0,29.0,30.10271258758435,-43.84155167067739,99.25483399593902,0.9734395750332006,0.9457233342588512,0.030733482419848007,0.0465947135268865,0.014484050945592668,0.023187030459405237,0.016687601688737758,0.03373931447770598,0.010857521392654548,0.014650946455698694,0.013715366182645133,0.00855251541618733,0.007668302572170709,0.019600460171139044,0.009521805272401757,0.007529976895178036,0.0067055883460984496,0.005407860754400957,0.002241768695438296,0.0023417076947082915,0.009284882833771976,0.007795806538166712,0.009540560360434321,0.0027427457394491248,0.002601369496892572,0.009851237010427491,0.0009101173137687686,0.003769653568294294,0.0025524329196450267,0.006159720003429154,0.002258168408023107,1,19.11304374039173,301.63478974998,0.260869562625885,0.07826089859008789,0.7871902630732251,0.260869562625885,1.0,0.2222446946557178,0.4115072165756889,0.3130435049533844,0.1826086938381195,0.1826086938381195,0.017522489816074457,0.20528742563223318,0.5130434632301331,62.91850206792824,62.99656940138055,0.0,62.615279672578446,62.27012278308322,0,64.0,62.0,0.0,1,1,0.11453528374217738,0.2911093160562009,0.3186404544939032,0.27571494570771854,2.0988590745753917,1.5806157679199628,0.9731810547667953,0.6355316201376024,0.06540306162307784,0.19685012231019453,0.21448857344469222,0.0397451212849555,0.0019048933385189923,0.00198847469600539,0.0017239322112002104,0.0020144788685925296,5813.206543967281,8558.836317135552,5782.578093306288,9013.254408060453,0.10238633802817634,-0.26666672975072714,0.09821718741017167,-0.2832476943289261,6.3058082114206915,6.581692700471052,6.3987356685850525,6.531873216139994,4.454683758676962e-05,3.4999867997566335e-05,4.255169874037102e-05,3.676373979054773e-05,9.261824410614146,9.117895545317264,9.33925187381111,9.10820209250541,-0.2854595272988978,-0.3116112124469115,-0.27078119927500005,-0.30394478259062635,0.9768454990836245,0.9825779585207329,0.9727948416888308,0.9807059492446236,0.04082222664036947,0.027580904835098584,0.025574662912238255,0.022275388892819877,238.0204498977505,237.0,236.80933062880325,237.904282115869,7.110315710264902,6.960017310338375,7.178616649929333,6.935113327855174,7139.373814930528,4955.1150895140745,7042.190825718273,5034.313256222689,3238.145089724445,3378.4878516624085,3206.1922297561414,3511.891916070781
70,1,739,961,78,78,47,47,62.54803788903924,62.232746955345064,1.0786203098997489,763,0.25399359332142235,30.67448489476694,1,0.768990634755463,0.9271103008369496,31.226526395925802,31.38470965295043,14.422205101855956,5.326248323604483,5.0,29.399110399937143,30.202480591777043,-43.70866805044127,100.08326112068524,0.9685452162516383,0.9417160825217499,0.02646669021853677,0.05116928270175605,0.01511172645488824,0.019822555937755035,0.01488382763665136,0.03904944472662282,0.010827743607869396,0.008613976897658181,0.011282765888832457,0.00808303068569549,0.0074537091600825655,0.02529777249519006,0.007053450686315065,0.0026075792122529696,0.005592669126523103,0.003728996659944877,0.0020040086917268813,0.0029904581465342228,0.008594574547136578,0.013256367366427577,0.004899772504496702,0.0027742442994917694,0.003157213429830734,0.00800045034367376,0.002946468408549344,0.0022536360656149348,0.002443871948127629,0.004413191633023757,0.002007785493741446,1,19.660714402794838,309.38393162190914,0.2678571343421936,0.0892857015132904,0.7997711933416985,0.2678571343421936,1.0,0.228612958172033,0.4186521402190922,0.330357164144516,0.196428582072258,0.196428582072258,0.01729166057679889,0.2080380989927731,0.5089285969734192,62.848979821163525,62.97373812613491,0.0,62.54803788903924,62.232746955345064,0,63.0,62.0,0.0,1,1,0.11393610577263615,0.2910161313890202,0.31762431235485816,0.2774234504834855,2.104969554149444,1.5697877452298226,0.9699354001249588,0.640674780960299,0.06721364863235958,0.19967060121712282,0.2162748555941212,0.04116235133028222,0.0018398924748807555,0.0019449545964697489,0.0018185190561442561,0.0019210758024493714,5964.188259109312,8700.489898989901,5939.417670682731,9302.908188585607,0.10727011272182502,-0.2507858472447478,0.10061108430256568,-0.285969519752409,6.5600868092283395,6.7686160778930065,6.504078980489773,6.613293214866465,3.50667776571643e-05,2.7835107606207284e-05,3.9490831911355263e-05,3.5274317169297494e-05,9.299952189090464,9.148791563201334,9.31106260683833,9.178375599230476,-0.30774164110634783,-0.33246027679517004,-0.30237493767536683,-0.32359348817301276,0.9828710875103294,0.9868927894907162,0.9817001394061949,0.9854360581954136,0.04013128210481822,0.023522720578142937,0.03824382983115003,0.03283671895611497,242.04655870445345,240.81818181818184,240.61847389558233,241.57816377171216,7.264890666589929,7.041885090850177,7.2755956404354345,7.0410901274693,7397.497832287045,5211.547750229562,7268.256044257345,5165.410143526526,3340.4215228490903,3478.0094123048657,3301.9184287350217,3617.0795830280294
71,1,740,961,78,78,47,47,62.45945945945946,62.252702702702706,1.06459036820429,761,0.23219956840558334,30.695231927842155,1,0.7700312174817898,0.9393284307904846,31.159688654594667,31.304951684997057,14.422205101855956,5.326080914079208,5.0,29.399110399937143,30.308037205302263,-51.565594153735994,99.49747468305831,0.9724047306176085,0.948929372012257,0.023791506942883855,0.04482816032327051,0.01253796435429049,0.018063352583876646,0.018763050984089976,0.0341252621962401,0.00814111550542321,0.012535959668896432,0.01071953639075588,0.012202799800320152,0.005090507371597253,0.021844165034447645,0.0039023228008524063,0.006481151712465348,0.004080104922402142,0.004576342475048124,0.006110326960027391,0.0021599273846210376,0.009278443760596382,0.010907181599155137,0.0021654447903917944,0.0018536875678756694,0.002105230255072688,0.00806617797712329,0.0038427120560004325,0.002587155540984961,0.0034765507934055783,0.005749687428810018,0.0029740563968534603,1,19.258928641676903,308.02679039537907,0.2678571343421936,0.08035716414451599,0.8294322214164731,0.2678571343421936,1.0,0.2265756310785518,0.41625241945321495,0.3214285969734192,0.196428582072258,0.196428582072258,0.015249552550092098,0.20652062527932022,0.5178571343421936,62.805646532824824,63.00643496296399,0.0,62.45945945945946,62.252702702702706,0,63.0,62.0,0.0,1,1,0.11359749686638239,0.29018232531324234,0.3155743643917612,0.2806458134286141,2.1015536920280655,1.544855544833087,0.977092174267377,0.6449624283763178,0.06900084881957261,0.23308366758560328,0.23877242987554592,0.04418011063407033,0.0018169549947970863,0.0019507083154465797,0.0018238201846896263,0.0020103565689093585,5819.772177419354,8529.0,5876.30181086519,9168.13151364764,0.11296334505245151,-0.2534361546770443,0.09665236012804003,-0.28483065089276965,6.431594650102602,6.554211637331606,6.4590870578130914,6.608571226432805,4.066364077946148e-05,3.5146345908839094e-05,4.023324260436233e-05,3.565914805921123e-05,9.297235347593663,9.141502384297516,9.30252797208049,9.140842852284887,-0.3024055924179697,-0.3227427576873381,-0.29393774551976626,-0.3165656499517661,0.981616272344225,0.9850600818858553,0.9795203321589893,0.9838015641418306,0.03443708316128952,0.03287320361122857,0.035063732308463415,0.02306071659959592,240.21169354838707,239.00502512562815,239.21529175050304,239.88337468982627,7.2240918462406105,7.0779568787298865,7.227824454770472,6.969875214380766,7302.0580084222165,5079.989924496862,7133.754454291127,5103.214686378225,3280.4575464603986,3402.2474811242173,3252.5140662890863,3567.8365500064665
72,1,761,992,79,78,47,47,62.449408672798945,62.253613666228645,1.0772486362671454,786,0.2718503851599008,31.127725479762553,1,0.7671370967741935,0.9282908015230121,31.759580950345136,31.622776601683793,14.866068747318506,5.4038320644296425,5.0,29.67646049804976,30.563500156697074,-54.61935657161922,101.49747468305833,0.9681933842239185,0.9544139413585068,0.023519874086822695,0.040044794046957495,0.017917386421801903,0.01716062802704592,0.015021336311016336,0.03072806045456359,0.011821628236889065,0.0095874610427647,0.00906925179886155,0.008004139022660763,0.008789925289834822,0.02038366045432038,0.006050990166519615,0.0036041309856528186,0.004465996093391412,0.0018982930892452012,0.0021268194033696175,0.0048087318028392795,0.005401143066692881,0.011579162249518446,0.003571215259510818,0.001964460439653536,0.005032875000132615,0.004981751579656247,0.003080093190589321,0.0030418241708416406,0.002881855692820596,0.005116502618663476,0.0037064896942774193,1,19.49549551308155,314.70270712673664,0.2612612545490265,0.0720720887184143,0.841020127836398,0.2702702581882477,1.0,0.22408615532277645,0.41353837993000875,0.3243243396282196,0.18918919563293457,0.18918919563293457,0.013849644156449433,0.20794292187074842,0.5135135054588318,62.80705368961937,63.01480017252619,0.0,62.449408672798945,62.253613666228645,0,63.0,62.0,0.0,1,1,0.11708462133095728,0.2869002635246173,0.31569907344097814,0.2803160417034473,2.121461829353765,1.5375429615650247,0.984618831510591,0.6406021253343042,0.07409042308014173,0.24127609956917215,0.2443115534885416,0.04238165478948585,0.001956880497812231,0.0022102492246539518,0.00206331292819443,0.002220862065092878,5829.4494163424115,8491.636803874093,5879.157894736842,9348.639810426539,0.12453204928656779,-0.23297429773685752,0.10991787090283216,-0.28258404276477883,6.39805664787556,6.641374900367666,6.476233607222461,6.553271782840222,4.3114066696103455e-05,3.162014995924487e-05,3.8963141522029324e-05,3.606881476490728e-05,9.197500656162546,9.015209011349102,9.152864876211634,9.033427114030934,-0.23852919005924986,-0.270283840612326,-0.24207078221596803,-0.26572615785420467,0.9576895039959027,0.969659661303319,0.9589577171465311,0.9681042229553509,0.04038783203211842,0.03897292470632667,0.05166645543290358,0.03294817872174628,238.76459143968867,237.43825665859566,237.7231968810916,238.93364928909955,7.194526881799447,6.992908764038042,7.16097026298509,6.984281789025129,7487.884271525705,5282.594856040661,7331.213828376436,5229.180431706387,3329.3334219670232,3443.55791497869,3302.592930778319,3644.455060533235
73,1,775,992,79,78,47,47,62.41935483870968,62.321290322580644,1.0700338198171948,800,0.2964176198397054,31.412746571571088,1,0.78125,0.934549900647851,32.16519366047167,31.953090617340916,15.0,5.476228136028254,5.0,29.953810596162374,30.719639188519178,-54.66662349796504,102.08326112068522,0.96875,0.9515918148907505,0.01590921186227673,0.04334209715290278,0.020626414307875613,0.011161999962432343,0.015197094907296345,0.03463298115581807,0.014518445581314907,0.008379573270591932,0.005255695214664548,0.009643412935622778,0.005660474325941511,0.024529220931160913,0.007904934435038704,0.004562286655310958,0.005355033718841052,0.0015293169685206063,0.0055457017725371776,0.002767418534920876,0.0010216815888202057,0.015213494745883793,0.00259823615969628,0.0038523185127212417,0.006255210668923253,0.008253053534020137,0.00372121012063784,0.004329674240104346,0.003375844354798582,0.0027781559011810127,0.002262297456140762,1,19.51785744726658,313.71429066359997,0.2589285671710968,0.08035716414451599,0.8317219053962333,0.2678571343421936,1.0,0.2217938346280293,0.40479263311432256,0.3214285969734192,0.196428582072258,0.196428582072258,0.015042260432601404,0.2042935088893509,0.4732142984867096,62.779172366301275,63.07115209301158,0.0,62.41935483870968,62.321290322580644,0,63.0,66.0,0.0,1,1,0.1257399823527094,0.2830714935423869,0.3121015493713163,0.2790869747335874,2.118445354855422,1.5449324471503492,0.9675148030510798,0.641817226761217,0.08408333437476218,0.2254058496115029,0.22968561587859893,0.036146821869113735,0.0016778946382984851,0.0018502504436108806,0.0017863906532253363,0.0018130561277580753,5596.075901328273,8202.090047393365,5670.998091603053,9138.566820276497,0.13367168979884445,-0.22283885482573662,0.1147858248377362,-0.28495128033844624,6.411031380624909,6.586261867601938,6.422718248362989,6.585111970347622,4.056507610822398e-05,3.655138198037864e-05,4.187475502001269e-05,3.5675346298199954e-05,9.416266943859922,9.259455734849071,9.361259589429851,9.262590690919973,-0.29030447267515064,-0.31305827537697317,-0.3004055145528204,-0.31045930942145433,0.9793598611244037,0.9837830333965673,0.9815577799380619,0.9832407070166942,0.03332225137551896,0.03365150867455842,0.04793078712834504,0.03757241348568835,233.40796963946866,232.59241706161137,232.33778625954199,234.4516129032258,7.2312548819767555,7.124259268512088,7.193683795681221,6.956072017083988,7322.989158496246,5212.743828754974,7141.716053114615,5085.422773896244,3229.7662649561244,3353.7084690370866,3203.17853617941,3555.997398543186
74,1,817,1089,79,79,46,46,62.38678090575275,62.31823745410037,1.0890495484290696,848,0.31481742265206675,32.252700786889584,1,0.7502295684113865,0.9182318668994246,33.13212632082872,33.015148038438355,15.297058540778355,5.574360544382628,5.0,30.6,31.447432187357776,-49.497166018531225,105.74011537017762,0.9634433962264151,0.9444148210373718,0.02909824599588162,0.04804207925897416,0.02250819940616557,0.02093820556042843,0.011181835056752963,0.03532688061219654,0.015021160105171886,0.008512573815408441,0.010554318647074777,0.005777491279855138,0.007133345363097853,0.021160858781380215,0.0077946779790547815,0.004487089983010705,0.006274247432633866,0.001237643909245262,0.00388984587688473,0.004027184129866143,0.010136515313316193,0.009097483231634042,0.00415856224213679,0.00353623864910233,0.005111451352763554,0.007023492353889495,0.004646196013846709,0.004661405453866721,0.0015453021929702163,0.008493637241125928,0.00041381079560357437,1,19.000000163912773,322.7027059495449,0.2522522509098053,0.08108106255531311,0.810916122464864,0.2522522509098053,1.0,0.21111111293236415,0.39498495220262536,0.3063063323497772,0.18918919563293457,0.18918919563293457,0.01369909177645462,0.20313295925834257,0.46846845746040344,62.75086542256304,63.042825214342336,0.0,62.38678090575275,62.31823745410037,0,63.0,62.0,0.0,1,1,0.12624232249123465,0.2785036299205502,0.31393076596758546,0.2813232816206297,2.148749530736215,1.5584757920896524,0.9715205901345346,0.6402259640224355,0.09046996235672528,0.2437114552915617,0.23118547985356044,0.037774306748475636,0.0015664668071085181,0.0018371513919954782,0.0016993033176417127,0.001696161151289357,5281.231729055257,7918.19646799117,5514.336314847942,8937.931623931625,0.16803924113111351,-0.19574416867627675,0.12524062433421182,-0.27476179043225873,6.470849871958075,6.61977756189074,6.494290306879568,6.665801485019584,4.125207691085418e-05,3.429054235083957e-05,3.9582045260226815e-05,3.22174578328174e-05,9.53028018344091,9.262224600943856,9.455492761923562,9.362174361598834,-0.29024679789727414,-0.3416232208663955,-0.29928415661859903,-0.3189665751612125,0.9801366005358234,0.9889310023785359,0.9819014785692266,0.9855743495990733,0.03193359156897391,0.029596613925819765,0.03778169378806791,0.026767004975599074,227.79144385026734,227.5739514348786,227.1377459749553,230.18803418803418,7.295608148352308,7.106081012396085,7.238435091504597,7.118699906426389,7414.635648717442,5325.767709993219,7093.328074346915,5084.97319015269,3173.9668444431663,3310.9910444960988,3151.9160972987156,3505.726203521075
75,1,810,1089,79,79,46,46,62.31975308641975,62.4320987654321,1.086324137573125,841,0.27898700031406465,32.11423409074988,1,0.743801652892562,0.9205355615442964,32.79143270239794,32.89376840679705,15.297058540778355,5.574151653488886,5.0,30.6,31.489444882490176,-56.7790339347109,105.1543289325507,0.9631391200951248,0.9434182720511041,0.021114171656559946,0.050992455795891976,0.016873245132308323,0.01669234104151536,0.007086440283166293,0.04115212699172531,0.012218568783250009,0.0063093794398919635,0.010958493519155149,0.004703540300608798,0.007011548412408441,0.029280457812498266,0.007048959310993336,0.002442541193581018,0.0028573549883170652,0.006020643449606209,0.004513231216316974,0.003301774907443294,0.008554116844664793,0.01775490757666827,0.002791705306466249,0.003505883538680939,0.0015289946387618304,0.006539386512542782,0.0043540125964422775,0.005208486984641568,0.0006125147237646673,0.005552702666838264,0.001106143418920464,1,19.181818410754204,323.2636413574219,0.2545454502105713,0.0727272778749466,0.8055304110122332,0.2545454502105713,1.0,0.215526049559036,0.3990909152560764,0.30909091234207153,0.19090908765792847,0.19090908765792847,0.013435859871852121,0.20348481752398512,0.48181816935539246,62.710509268149025,63.136505501278585,0.0,62.31975308641975,62.4320987654321,0,66.0,67.0,0.0,1,1,0.12595967117351917,0.27731375994163154,0.311819794545786,0.2849067743390633,2.125569451053128,1.5491320382946296,0.9714385907003327,0.6464271350550173,0.09750951400623059,0.25227865372085906,0.23664329504340031,0.03476308269781339,0.0017144557735106882,0.0018166085712459626,0.0016824226886716876,0.0018139383872652587,5327.133093525179,7910.450110864744,5624.980108499096,9030.84381778742,0.1650551307744775,-0.19746303275288682,0.11439122696564821,-0.27920979254231487,6.390663105302984,6.5454389054580275,6.3668481005371,6.508378416015775,4.3827260443219175e-05,3.853350423989279e-05,4.6526610484275926e-05,3.854104130720465e-05,9.442634351614355,9.272442658645751,9.433819464177436,9.268745906736383,-0.26377879738929383,-0.292859962614848,-0.259016077055671,-0.2885127261347443,0.9712129719859296,0.9790155919423736,0.9693383796806103,0.9777835222572965,0.026320240160350436,0.04196911333934369,0.03864058758024302,0.03783143011607213,230.05755395683454,229.23059866962302,229.36347197106693,232.36659436008676,7.1207340995275965,6.974515873595003,7.142834864511357,6.933313089509419,7433.309637182341,5301.5654495307535,7078.101161182298,5088.566259334373,3190.1106826768755,3303.0038900988693,3175.7703174203525,3529.85251928045
76,1,810,1089,79,79,46,46,62.24444444444445,62.42345679012346,1.086324137573125,839,0.29129540889441763,32.11423409074988,1,0.743801652892562,0.9205355615442964,32.85467326505047,32.7566787083184,15.132745950421556,5.563809179190944,5.0,30.5085107923876,31.429869596279385,-58.71357680325794,105.1543289325507,0.965435041716329,0.9491101454794536,0.0229684765774298,0.04517152069090084,0.019588316400581184,0.017778558610048373,0.008404977985289868,0.035231032733620465,0.013789934029771751,0.010054590044803446,0.011050235249643596,0.005689784297844222,0.004173180022841178,0.023513329737026138,0.007403115651386828,0.004756568095523144,0.00642736438379904,0.005154453605122899,0.005111149810872217,0.0012387011358860884,0.008661928727791382,0.012560412178986754,0.0023180574166509595,0.0014994151104489764,0.005255669919553357,0.005470394501400402,0.003453585256996944,0.005401370731925638,0.0005679866088631633,0.006837685600791308,0.0002960705860247498,1,19.081818491220474,321.2272787094116,0.2545454502105713,0.0727272778749466,0.8284905976902516,0.2545454502105713,1.0,0.2144024549575334,0.3965768872955699,0.30909091234207153,0.19090908765792847,0.19090908765792847,0.012770173144594617,0.20167145661470812,0.4636363685131073,62.6710626702995,63.133663492309125,0.0,62.24444444444445,62.42345679012346,0,63.0,62.0,0.0,1,1,0.12599405536093203,0.27598698162149254,0.31085326379637945,0.287165699221196,2.12614968421572,1.5417203800924737,0.9721665778960122,0.6497324479585717,0.10089423858193901,0.2554712686299899,0.23748380579425785,0.035278276053564275,0.0018017959732933078,0.0018215249679205117,0.0015490443184205003,0.0017217630853994495,5205.437050359712,7745.361419068736,5563.023550724638,8895.03463203463,0.17049758791416383,-0.1936802743577066,0.11000771896865454,-0.2799067643542277,6.439159207968778,6.63695629207376,6.512557026117798,6.5823525284218425,4.160332017097654e-05,3.3924382357502846e-05,4.040486320330551e-05,3.5727945162870596e-05,9.457941026275883,9.262986644218945,9.505974592561508,9.34455572424625,-0.3015315477960027,-0.3317241617961886,-0.29206693048769594,-0.31721124803050166,0.9824463852920335,0.987355792980341,0.9804441330216854,0.9851335089338654,0.03244168725065345,0.03473415334500492,0.029239893714272342,0.029382800508274118,228.27877697841726,227.1751662971175,227.6576086956522,230.53679653679654,7.182035564722496,7.060703823491403,7.217048475983214,7.0484582816396575,7345.308974043794,5231.9183189856485,6938.261391383101,5004.469425235657,3137.686506100872,3244.3199345135963,3125.321235526937,3474.876014317575
77,1,816,1056,79,79,46,47,62.240196078431374,62.49877450980392,1.0614126816478127,839,0.3024620324484977,32.23295624828558,1,0.7727272727272727,0.9421406181500759,33.031710815721816,33.24154027718932,15.297058540778355,5.588828847723246,5.0,30.6,31.484552842733287,-61.98820513032076,104.32590180780451,0.9725864123957092,0.9385785659021556,0.010168028426970788,0.05566723501099747,0.01997523316245718,0.008319520153677568,0.006825411481013658,0.04536974740670863,0.014702968711117568,0.009849116441718866,0.005750711835186258,0.005756008108199152,0.006519889720308761,0.03259960833966571,0.008486770176688837,0.005597120922163119,0.004310581631125155,0.0030669545290049364,0.004714610095403938,0.00415553820037665,0.008678492836716385,0.019705809273466882,0.002745496516718856,0.0018550244733035225,0.004504497396802828,0.005475027945698775,0.0009664363265868761,0.003876902517425177,0.001836589496602282,0.006862925271175898,0.0041439881501988286,1,19.12727303802967,321.645459741354,0.2545454502105713,0.0727272778749466,0.8223026708494487,0.26363635063171387,1.0,0.21491318020258057,0.3941733575261691,0.30909091234207153,0.19090908765792847,0.19090908765792847,0.013847341709480293,0.19997462818397388,0.4727272689342499,62.66094796525127,63.20527966351735,0.0,62.240196078431374,62.49877450980392,0,63.0,62.0,0.0,1,1,0.12419094995353296,0.27469545697298176,0.31350159778982234,0.28761199528366294,2.1112461492100523,1.5352841978763891,0.9764019228873848,0.651920522642969,0.09830796311968493,0.26873267785454413,0.241823454742742,0.03349842445808559,0.0016764605311482886,0.001743750754739766,0.0015818280627296726,0.0017997239659038279,5122.234875444839,7515.894505494505,5487.224820143884,8817.612419700214,0.17020638621158873,-0.183033576985726,0.11031299261355897,-0.2828725105694946,6.3374570233806375,6.467962297023246,6.3221371363342875,6.505914733710626,4.413069593642353e-05,3.902586858754225e-05,4.5596303841594004e-05,4.049898070122032e-05,9.455782236609863,9.321276883347366,9.487516758884828,9.306083450556308,-0.2830662417331839,-0.30815430327650845,-0.2812124074608722,-0.3067000516570228,0.9776246443408709,0.9830964405866983,0.9773198428972347,0.9826747031129767,0.02522215700568302,0.031021877054733662,0.03243496300267746,0.030295886187503843,226.70818505338076,225.66593406593407,226.24640287769785,229.27837259100642,7.0681047909952195,7.041333845077553,7.140922235849571,6.954717809291255,7223.569648307406,5190.244443907737,6847.95547267222,4929.057412340837,3086.4511309380578,3176.534737350563,3083.7950732040263,3436.6674580102626
78,1,824,1089,79,79,46,46,62.195388349514566,62.45509708737864,1.067867174070669,848,0.3101445168823671,32.390575556198044,1,0.7566574839302111,0.9364460527314818,33.239207104627525,33.24154027718932,15.264337522473747,5.62060779374105,5.0,30.5085107923876,31.600162617047665,-57.547110008412,105.1543289325507,0.9716981132075472,0.9469404073419269,0.014458238239604187,0.04761630154439111,0.022607878295541534,0.010798904227824412,0.007622418622737367,0.03809279095424209,0.016396509373666244,0.011037433711592031,0.006344142065091432,0.0050720104845864,0.0049193085310810245,0.026723344595322975,0.009427436452389198,0.004774699588182087,0.006021154885293246,0.0036376849957937556,0.003952748305600833,0.002714605652896205,0.007529311604689025,0.01584717058012265,0.0035195902390406193,0.0010513766705449368,0.005917779293314473,0.00534273496216652,0.004310054066673704,0.003839355293423917,0.0014003677179402227,0.006092815676587719,0.001722707800722504,1,19.110091984272003,324.9266135841608,0.2568807303905487,0.0733945220708847,0.8513422753611539,0.24770642817020416,1.0,0.2147201346547416,0.39432841454388445,0.31192663311958313,0.1834862381219864,0.1834862381219864,0.013313966789432913,0.2004874007800067,0.4587155878543854,62.635711627136864,63.1837253060204,0.0,62.195388349514566,62.45509708737864,0,66.0,64.0,0.0,1,1,0.1263235156366167,0.26755512836497686,0.31840641755687693,0.2877149384415295,2.0818115376914355,1.5100371628269909,0.9900637285542128,0.6531049842309096,0.1290952064003848,0.30333507401240967,0.2583558398597394,0.041628409042454725,0.001591978923447665,0.0017715896311423344,0.0016263420082090045,0.001963434903047091,5122.367491166078,7477.826464208243,5540.721136767317,8856.85052631579,0.17754348162270944,-0.17501712818932244,0.1086152108230085,-0.27944484250708773,6.393381488056905,6.561604737738714,6.475074713604531,6.428552028270707,4.3733199537682285e-05,3.685003194812955e-05,4.040763651855051e-05,4.3830546117555385e-05,9.504920665971527,9.309428959886413,9.463729856404663,9.212623190571389,-0.2635007181025476,-0.29058718383221194,-0.270020328670793,-0.30744010880567635,0.9716598667685169,0.9786667322082999,0.9735925534058308,0.9822439628495193,0.0235195150904052,0.03208952643256113,0.030568372145317522,0.03664701474508293,226.77385159010603,224.91540130151844,225.9893428063943,229.2,7.096335044799639,7.009001551059561,7.182861403127272,6.985677136166828,7333.89585336313,5250.203255207722,6890.994557827427,4987.983157894741,3114.0658361323076,3182.0074298539894,3107.9289236486893,3461.2084210526373
79,1,858,1155,80,79,45,46,62.158508158508155,62.45104895104895,1.081462995609396,886,0.3507473264100649,33.05207299675423,1,0.7428571428571429,0.9246733397812726,34.174903388275176,34.058772731852805,15.620499351813308,5.728543328022121,5.0,31.06321098861283,32.003776376296685,-61.45380431851074,107.98275605729688,0.9683972911963883,0.9363107899628595,0.010829947429566812,0.05686902378413458,0.02784848018865569,0.0072419828013636075,0.0072316990921474115,0.044912664037962485,0.01998431281401184,0.0073897000342245224,0.002802868143128821,0.005325791979692983,0.0056416814066029075,0.03060476677366583,0.01106266257205932,0.00269641684602544,0.0030018780140485444,0.0012500282316798008,0.005023418827326554,0.0052441346730751695,0.0035511875135133563,0.01690704403619882,0.003372170482106423,0.002223586188923553,0.004038790972964567,0.003681576289233526,0.003051582887395458,0.005291183972940627,0.00518306723024735,0.0010579515795166453,0.006731815072603088,1,18.57272756099701,328.0545518696308,0.2454545497894287,0.0727272778749466,0.8783627761393811,0.22727273404598236,1.0,0.20409590726370339,0.38234796255201725,0.30000001192092896,0.1818181872367859,0.1818181872367859,0.012589792732963763,0.1977139907222725,0.45000000298023224,62.621958644964764,63.197195594216645,0.0,62.158508158508155,62.45104895104895,0,66.0,64.0,0.0,1,1,0.12581056258073758,0.2724879456304654,0.3197916110302479,0.28190988075854906,2.116577699887695,1.5181471256554482,0.9834451694048477,0.6467344323284357,0.13790777528623704,0.31327980879501527,0.24646038171915213,0.03814944232846699,0.001628896768492522,0.0017400802723162119,0.001673291613940926,0.0016916394278464403,4839.978260869566,7053.312757201647,5293.0509337860785,8504.20874751491,0.198327434041327,-0.14105994721417475,0.1255963322019645,-0.26704490844041956,6.349197432061146,6.58861703427918,6.403112836646249,6.584500427244231,4.488542772478424e-05,3.716721518820705e-05,4.2852873967411715e-05,3.5119236027516556e-05,9.457044578003131,9.346011102405187,9.444276381656515,9.379101015230546,-0.2516874769983288,-0.26810196212557613,-0.2505721034553651,-0.26648608460259465,0.9665994377969362,0.9719165749699371,0.9660010507349056,0.9716317307215953,0.034259197763725505,0.03158296052134922,0.026285987491613098,0.03982890167819113,219.4531772575251,217.95061728395063,219.13242784380304,222.8807157057654,7.160820391958469,7.0428370327358225,7.148634692513012,6.994814901591959,7234.722724018735,5309.42554488645,6813.602157263478,4919.480801078229,3018.6752462220775,3090.684575522024,3026.6632727623874,3355.9223871482864
80,1,862,1155,80,79,45,46,62.12877030162413,62.51740139211137,1.076444605838587,887,0.3383103112967523,33.12902786925252,1,0.7463203463203463,0.928984171202164,34.173144460375205,34.17601498127012,15.811388300841896,5.751237912616991,5.0,31.340561086725447,32.15811159806617,-62.17680770860112,107.9827560572969,0.971815107102593,0.9372454399805283,0.01762377402243924,0.05561741067328095,0.025218293070414528,0.012262656876874323,0.008961195091722067,0.04319895857789038,0.01848433895632899,0.007855050765263511,0.005458155992480009,0.0075606082585398075,0.010713493950457363,0.02852930654229434,0.01103719956332189,0.0033295560088189963,0.006437168720476787,0.0007943589521757797,0.0073838026769551665,0.007584942062766874,0.00421194125689694,0.014752356287471326,0.004835826791739128,0.0028870963811594135,0.004818341991458682,0.005443319021577856,0.004204124167562596,0.007089662527212444,0.00547012703850099,0.0016521640786906879,0.004295588805776944,1,18.590909346938133,327.35455107688904,0.2454545497894287,0.06363637745380402,0.8600877398392909,0.22727273404598236,1.0,0.20429570710921025,0.37976166018200586,0.30000001192092896,0.1818181872367859,0.1818181872367859,0.011928760048430662,0.19661887094207875,0.4318181872367859,62.58935263703921,63.24377239409689,0.0,62.12877030162413,62.51740139211137,0,65.0,64.0,0.0,1,1,0.12408009006959433,0.2799855590960273,0.31083895922285665,0.28509539161152175,2.1391407527997983,1.5179091317029887,0.9743388467276446,0.6501381681723059,0.11680520930403673,0.2900009453581995,0.24131794711118798,0.03116243095378732,0.0017494288142514982,0.0017451062057476062,0.001636575107564645,0.0017684540731300851,4760.940199335548,6996.240816326532,5302.281618887015,8492.50099009901,0.20419781731021533,-0.142224984576199,0.11549170902166797,-0.2714645789318325,6.372869030760846,6.4906993552372665,6.456704175177618,6.596168912751493,4.5166696031483494e-05,4.113047582712931e-05,4.127174635776279e-05,3.4874163589200825e-05,9.380262056291476,9.335398091966661,9.457840877127925,9.311412071663502,-0.25475377540567984,-0.26133530265567095,-0.2397944417066989,-0.2648508179542177,0.9671251999363629,0.96931735066054,0.9612444033775928,0.9704245798640283,0.04002340763289436,0.03545196158437921,0.03331853084674897,0.03604132813005525,217.62458471760797,216.3918367346939,217.56661045531195,221.75247524752476,7.131923725459467,7.171880781783779,7.164064763616574,7.073480374927625,7204.1946115385,5253.956668054969,6686.936962709988,4866.111008724627,2991.283702718514,3062.549371095376,2997.3046453992465,3339.652999705908
81,1,870,1190,80,80,45,46,61.97356321839081,62.5735632183908,1.0946655913350039,902,0.3279410921287698,33.282403818227905,1,0.7310924369747899,0.9135209948276951,34.26708335517204,34.17601498127012,15.811388300841896,5.765195669120698,5.0,31.599999999999998,32.37205107637537,-61.88850398389722,109.39696961967,0.9645232815964523,0.9253973328284564,0.011885515636264143,0.06629111115084386,0.02370826615503255,0.00877137779810574,0.0072069175128423035,0.05172202716313722,0.016003198464304872,0.010168613890145322,0.005733120321124044,0.003923659877279371,0.0069524337779644126,0.03430268833276098,0.007449985807998666,0.00633244407321736,0.007927238858215417,0.004979195908518053,0.0024875475032896176,0.005492699643508456,0.00403288569594272,0.01768126484088565,0.0008795665990563274,0.003814049485656409,0.006630172954301305,0.0049570480617688465,0.00522301958371178,0.0030257030493818764,0.004778682851769113,0.0024492146007130803,0.004058428206211887,1,18.61818204820156,327.67273320257664,0.2454545497894287,0.0727272778749466,0.883712114607144,0.23636363446712494,1.0,0.20237154400219087,0.376635325520203,0.30000001192092896,0.17272727191448212,0.17272727191448212,0.013594771253513552,0.1950998534368264,0.4272727370262146,62.485378973147576,63.293974028058585,0.0,61.97356321839081,62.5735632183908,0,64.0,62.0,0.0,1,1,0.12273887367152347,0.2777993561469553,0.312146267846591,0.28731550233493025,2.1356564018845003,1.5105339990490676,0.9768606223976042,0.654357295893689,0.1194567972985726,0.29720344118284137,0.24337601019611346,0.029081508805289914,0.001700006201450061,0.001854183450805436,0.0016430555555555558,0.0018822691395942873,4698.819376026272,6808.585513078471,5255.59,8378.242661448141,0.20532561345379013,-0.1313189492922069,0.1132025012936311,-0.2717715145670111,6.424213496574729,6.501358338919878,6.498817345195907,6.55262427730918,4.230052578511959e-05,4.004347219113852e-05,4.207628038194442e-05,3.735391252029111e-05,9.442446555977117,9.284593559609192,9.475552873923249,9.268447655970082,-0.24220801731053607,-0.27418680872417595,-0.2338301787722404,-0.2744541904530516,0.9622304176281684,0.9734827689625436,0.9584630351799964,0.97343430003222,0.03389148260516007,0.040059053129389816,0.032038601401624414,0.045165568222360716,215.37438423645318,214.15090543259555,215.5366666666667,219.73776908023484,7.133943408276148,7.038618246344418,7.21047385038959,7.026408639338331,7126.953432502625,5227.959118898507,6597.375322222215,4797.461567625731,2956.4432021322227,3009.1361579942477,2963.2413305555565,3293.9260572684725
82,1,860,1155,80,79,45,46,61.901162790697676,62.580232558139535,1.078947965387049,887,0.3532428350559173,33.090572803628525,1,0.7445887445887446,0.9268287554917181,34.236022978315646,34.17601498127012,15.620499351813308,5.737532860902969,5.0,31.11269837220809,32.0288836396051,-60.774116424673046,107.9827560572969,0.9695603156708005,0.9256434569506053,0.006867481837969583,0.06578270594882404,0.027905855281178792,0.00571593537677798,0.007773830681537227,0.05073382856652793,0.019118238281433223,0.010635806277905174,0.004183081052169729,0.004610129115550058,0.006526086214865789,0.032724108306846945,0.009232742750385423,0.006965584346189985,0.007393210087876423,0.0027784926877758805,0.0017025637917601063,0.005210693107468984,0.004111629033799462,0.015575976872585625,0.0017708795447882763,0.004616171759920184,0.007101813863937775,0.003454061397917604,0.0021257904415995636,0.0011120573537740242,0.005315350804863434,0.001869879840610604,0.006374786365026666,1,18.834862887859344,327.0734030008316,0.2568807303905487,0.06422020494937897,0.9143283386039992,0.23853211104869843,1.0,0.2069765152512016,0.38031791046608326,0.3027523159980774,0.1834862381219864,0.1834862381219864,0.011557469370075804,0.1950910042063241,0.4403669834136963,62.45496617878445,63.30776133290927,0.0,61.901162790697676,62.580232558139535,0,64.0,63.0,0.0,1,1,0.12333454884333868,0.2699503508880565,0.3145493835052788,0.29216571676332603,2.121354240105417,1.4787089284313906,0.9908881678188262,0.6612171484643691,0.13546667322223105,0.31106766941199776,0.2670703561830512,0.0344395993131144,0.0017538711133136403,0.0019374370174854217,0.0016992243608158568,0.0018802078227624745,4660.093178036606,6862.694045174538,5298.41186440678,8411.427722772278,0.21214952183907293,-0.14070257841090952,0.10622618520059804,-0.2728650372352962,6.373727987487438,6.544147667593446,6.438485288070264,6.529490317592639,4.520572723175167e-05,3.8681518271089135e-05,4.2106192264704835e-05,3.873407928374057e-05,9.415948235699153,9.229928603672828,9.419670350176387,9.259888210260229,-0.24966693684932784,-0.28098194831544876,-0.24925975481748222,-0.27746193369484945,0.9653284194602724,0.9752279226480085,0.9651889076452326,0.974353761387836,0.037060826941683556,0.04525069307772095,0.03488381972244101,0.037860701270197576,216.78535773710482,215.66735112936342,217.24237288135592,221.35247524752475,7.03339490721686,7.056283687987993,7.174864247275694,7.0514827840337375,7169.799186602475,5169.704539800732,6557.858204538927,4805.099523576122,2957.473091159771,3008.099646243818,2964.067517236428,3304.1318115871
83,1,871,1190,80,80,45,46,61.90011481056257,62.63834672789897,1.105149872456322,903,0.34177017656071185,33.30152614317138,1,0.7319327731092437,0.9048546490598471,34.37442289614915,34.539832078341085,15.652475842498529,5.756445193239394,5.0,31.555739666221626,32.30451764605375,-59.66004720265754,109.98275605729691,0.964562569213732,0.9282371620359284,0.014260004177049016,0.06356133351179336,0.025716919868109835,0.011198651098007465,0.008942948239630523,0.04914387043063327,0.018041378939865176,0.008887062816925532,0.00735893276330165,0.00752177616443517,0.007100426240882991,0.031834127172665316,0.009438276546231304,0.0046988764376214714,0.004138182406407167,0.004188995247747458,0.0061844095643599365,0.005441394974429938,0.006370906135894484,0.015250484081114768,0.0024635044491356623,0.0015653873736622213,0.004206975772945621,0.0015507516033084607,0.002744502773546643,0.0048952244664109135,0.003550792900321597,0.0050123253465105665,0.005367735790659517,1,18.918182089924812,324.48182429373264,0.2454545497894287,0.06363637745380402,0.8898781215601034,0.2454545497894287,1.0,0.20342131279489045,0.3725394079147332,0.30000001192092896,0.1818181872367859,0.1818181872367859,0.011461570885679942,0.1910965326856309,0.4272727370262146,62.43588377462651,63.348863925704336,0.0,61.90011481056257,62.63834672789897,0,64.0,63.0,0.0,1,1,0.12164850194951517,0.2723223039568744,0.3132827185936668,0.2927464754999436,2.119116903960546,1.482454542165233,0.988656695272042,0.6622913770401317,0.13057224031961895,0.3144507843234699,0.2560724453512562,0.028477396640002785,0.00181402848696587,0.001748801142740537,0.0017452897870884427,0.0018253326416015625,4466.806557377049,6478.777777777777,5104.988372093024,8093.958984375,0.21329704915102107,-0.1287989947468824,0.1016337471668641,-0.2780698963575299,6.309633801768737,6.557798584507013,6.365679699855819,6.488595997841184,5.03527736894484e-05,3.886515237204748e-05,4.945662522652549e-05,4.2498111724853516e-05,9.353371776027272,9.325854462363047,9.397126104636751,9.293073786181184,-0.25292532648293153,-0.2578649030391921,-0.24137323070146335,-0.2655467035283843,0.9660965876940082,0.967861802334874,0.9613481808698636,0.9705144284246566,0.04281902043825514,0.03714217584686968,0.035411755696411105,0.029959144940753933,212.24262295081968,211.27878787878785,212.42026578073092,217.287109375,7.085414034111898,6.993773097260403,7.1666894264106205,7.060292375315482,6888.95752754635,5000.285913682281,6260.06091820178,4571.950771331787,2838.9410212308503,2869.7659228650173,2841.262322573706,3166.477438926697
84,1,878,1190,80,80,45,46,61.86788154897494,62.71412300683371,1.0846914173820652,909,0.35480234698643487,33.43507619667515,1,0.7378151260504202,0.9219211878835822,34.59908642673955,34.23448553724738,15.811388300841896,5.781085827879251,5.0,31.599999999999998,32.348115955183154,-61.92155512152469,109.39696961966999,0.9658965896589659,0.9344688946926725,0.0035795678378594143,0.05832415204752466,0.02876299762380695,0.002961789478317388,0.006465218304273681,0.04559584799910817,0.02075234399818824,0.008918267687133481,0.00216321888611078,0.00424812994919627,0.007206176328701805,0.030191499866434737,0.011451772356684377,0.005432381116865954,0.005546234663794316,0.001436375667849275,0.0027015148214645504,0.0058585905173409135,0.005755601469321542,0.01525761257041141,0.003106632250995085,0.002933895455895762,0.005497554338391539,0.0005842402035304616,0.0010974629506468076,0.0026468559922225637,0.004946186596875156,0.00493030354474183,0.004517966067954676,1,18.68181848526001,324.94546066224575,0.2454545497894287,0.06363636255264282,0.8705774847727529,0.23636363446712494,1.0,0.2030632444050001,0.37009733560620245,0.2909091114997864,0.17272727191448212,0.17272727191448212,0.011236616817127515,0.19023006625030556,0.418181836605072,62.40328445400373,63.400598706534716,0.0,61.86788154897494,62.71412300683371,0,67.0,63.0,0.0,1,1,0.12071956095354455,0.27148612201328715,0.31697627903500597,0.2908180379981623,2.1198354903442342,1.4805268020351914,0.9868977765699825,0.6632162009412633,0.13950625658875246,0.3199507926121877,0.2558786903948632,0.03212347375987868,0.0017511911789509186,0.0018999999999999998,0.0016856772078409944,0.0018395387602511127,4442.422077922078,6394.976000000001,5130.064462809918,8049.747591522158,0.21255124829869143,-0.12233905066188655,0.09385040934425354,-0.2780023135069512,6.34307461775869,6.434092081128039,6.416693340885797,6.472771087121849,4.949262480366632e-05,4.624121093750001e-05,4.3491040184136144e-05,4.1835245523056166e-05,9.410599457159575,9.275556759713542,9.435755438804664,9.28268129390786,-0.2537961134210423,-0.27790146140009464,-0.25330602717162987,-0.2801361156121965,0.9670256819809226,0.9746262856211207,0.9670675048124031,0.9753934954941509,0.04150470287582102,0.04392247143339547,0.02923480037363859,0.03844870300581024,210.78246753246756,209.632,211.36694214876033,215.7090558766859,7.107600835399612,7.011902060502094,7.101497079696614,7.013106421445995,6840.65397832686,5000.824576000006,6192.711634451196,4547.643675216539,2820.769014062238,2848.950143999995,2830.6940243152767,3149.3478166846726
85,1,909,1190,80,80,45,46,61.80638063806381,62.679867986798676,1.0816307236882776,938,0.3665598794781263,34.02021084832166,1,0.7638655462184873,0.9245299510262401,35.290248059833004,35.11409973215888,16.1245154965971,5.867440501900556,5.0,32.0,32.83385135437808,-57.07669991109716,111.1543289325507,0.9690831556503199,0.9221524092101657,0.0116702342256124,0.0684003902407106,0.029947504423126037,0.009069516962082538,0.010265441954357375,0.05206818711576877,0.019938138093208425,0.008472926523411023,0.005590565274294048,0.006203683440494789,0.006870926585429934,0.03304828397486299,0.008929076496775105,0.003492140220127408,0.0026638807797322896,0.0023399476052411447,0.002338769859942659,0.005782814527812362,0.002856411882850373,0.0157110184963374,0.0016863739975136332,0.0006823019602383265,0.0034437119946648595,0.0021706610861677383,0.0016885115225416187,0.0008254755292308135,0.004778383599151966,0.003309217190121583,0.00868229529655466,1,18.527272939682007,329.40000507235527,0.23636363446712494,0.06363636255264282,0.880605686578057,0.2181818187236786,1.0,0.19502392568086324,0.3623762432039112,0.2909091114997864,0.17272727191448212,0.17272727191448212,0.012000321158282012,0.18921414648769835,0.40909090638160706,62.343986297633904,63.377325175471796,0.0,61.80638063806381,62.679867986798676,0,64.0,62.0,0.0,1,1,0.1238063691570166,0.26701440568089596,0.3207484711360673,0.28843075402602014,2.1233960295042955,1.4890557960977555,0.988340204280288,0.6587526517830457,0.15202111244700295,0.33473577291901724,0.24546294632798554,0.035127191408400725,0.0018086260564604802,0.0018773146540220604,0.001729991187309726,0.0018549826242133932,4343.743348982785,6229.613766730401,5026.965189873417,7861.166666666666,0.2227104112864624,-0.10345087883620552,0.1018553415716303,-0.2661804213055111,6.302162411789176,6.504159412921857,6.424212559194581,6.546411202230539,5.0645624989189735e-05,4.270752803733218e-05,4.6255572868680915e-05,3.814953185955719e-05,9.385245743120711,9.307689507084564,9.432402836993411,9.294999976161018,-0.22928010390147036,-0.24656854307061526,-0.21607287906551312,-0.25278208114243306,0.9549897705875791,0.962823912921155,0.947744796162382,0.9654470864706046,0.04091429538488193,0.056968136697544386,0.041149307711040584,0.03583119575996673,206.48513302034428,205.02868068833655,206.56012658227849,211.39743589743586,7.078362007380518,7.0318055293946475,7.08204993457238,6.970551147897034,6832.8976662968635,5061.534550267061,6167.145118971319,4555.968418333825,2794.1602538199095,2822.7870792493704,2798.5275772111854,3104.2837712501187
86,1,919,1190,80,80,45,46,61.78019586507073,62.676822633297064,1.0698610748995045,945,0.3684725862067773,34.20682887394876,1,0.7722689075630252,0.934700797572183,35.493861896135215,35.11409973215888,16.1245154965971,5.926099789948931,5.0990195135927845,32.17261138106329,32.996464589593025,-58.064228699294134,111.15432893255071,0.9724867724867725,0.9323082727477227,0.011429459545135297,0.059816318525823975,0.030924062466650283,0.009029457189911863,0.009931234027599193,0.046132796269462394,0.02153260103987285,0.00879206341188366,0.006100610098021674,0.0059625163373461755,0.007335865386985687,0.03004659376042158,0.010996429979911413,0.003804106523293011,0.0029611633414694787,0.0039044664729126766,0.0021190587581558047,0.006056855143869407,0.0023800828368746416,0.015142690176084106,0.0023587791907833753,0.0023876514556747993,0.002599623272034317,0.0003748913242748972,0.0031376195012462194,0.0012259192633752938,0.005066298205966776,0.003059557325313797,0.006074766054770301,1,18.614679366350174,332.7247794121504,0.24541284888982773,0.06422019004821777,0.9020275678088782,0.22018349170684814,1.0,0.19594399333000184,0.36205090251594163,0.29357799887657166,0.17431193590164185,0.17431193590164185,0.011674397921503484,0.1893233877140464,0.4036697447299957,62.325447365531986,63.39540076706677,0.0,61.78019586507073,62.676822633297064,0,65.0,63.0,0.0,1,1,0.11823420746500155,0.27038354361832734,0.32393084917905485,0.28745139973761624,2.0121710492654814,1.4703105123387132,1.0057177378228082,0.660419590897173,0.17063259256574334,0.3614710679279636,0.2774027318018669,0.032428691634189814,0.0017373018594726407,0.0016952699132149484,0.001516254097901826,0.0017723480996308155,4331.646604938272,6168.173258003766,5005.990639625585,7861.716094032548,0.22652025545186988,-0.09546269315212418,0.10553235330828255,-0.2627983980659706,6.261342437901267,6.470685283329532,6.395656919914539,6.582351324898992,5.8809480113311635e-05,4.418815129449972e-05,4.871388489906063e-05,3.8709231008851735e-05,9.427731061722,9.409974518747592,9.548564839071817,9.360518186504217,-0.2426982210664019,-0.2497752453114435,-0.22395121333260162,-0.26088996353144195,0.9623046383580872,0.9653152370356765,0.9539444198881271,0.9693807731979737,0.033707102903499854,0.04440774336590964,0.027103640486761494,0.044021015532273215,206.18364197530863,204.52730696798494,205.98439937597504,211.5605786618445,7.014729904537647,7.021933500920111,7.146341904552989,7.009198047103453,6868.767201550829,5093.138143218384,6187.238446168114,4589.544702739295,2800.1034516222753,2815.3278503055353,2798.3072714484224,3112.815199192961
87,1,906,1190,80,80,45,46,61.71081677704194,62.762693156732894,1.0899553104813748,936,0.37580547726181834,33.96402549065787,1,0.761344537815126,0.9174688084765177,35.29968650102588,35.11409973215888,16.1245154965971,5.862240767229396,5.0,31.81980515339464,32.712169070894745,-58.60415851066383,111.39696961966999,0.967948717948718,0.9279477345641486,0.020937752744737255,0.0625404374839775,0.03238289697401016,0.014516588213006259,0.007957499641079488,0.046305825580499095,0.021920978632160346,0.007057220384832115,0.006517526233056041,0.006151203150531397,0.006817104795888279,0.027828636688840676,0.01067849932346858,0.0035892117804190954,0.0017063089064487716,0.0011221959060976352,0.005247401109462847,0.005385139140393273,0.003864225656728885,0.011591057420939991,0.0030817185488533137,0.0021342221198469404,0.0024215099226050463,0.0024410155202060527,0.004442964027962011,0.004133407647261622,0.0037086292757023877,0.004799765588196769,0.00872098418807878,1,18.387387707829475,322.89189587533474,0.2432432472705841,0.05405406653881073,0.8889603632558618,0.21621622145175934,1.0,0.1956105075301008,0.35639282105445336,0.28828829526901245,0.1621621698141098,0.1621621698141098,0.012088446348989817,0.18480125548749674,0.38738739490509033,62.268686679464395,63.454814316221,0.0,61.71081677704194,62.762693156732894,0,64.0,66.0,0.0,1,1,0.12025334200861239,0.26997014615225473,0.31438855050724956,0.2953879613318833,2.095183228073123,1.4734515205659187,0.9890139818040552,0.6690537324167153,0.1569949951039659,0.3460703337312358,0.25703603100335887,0.03185091314788799,0.0019041391454272495,0.001974852071005917,0.001706979087931469,0.0017757217776816611,4142.0453834115815,5880.382692307693,4890.901587301587,7556.862132352941,0.225944639338525,-0.0990276329074601,0.0874389851031504,-0.26828904040619533,6.125346909551183,6.399822207504195,6.304118667842264,6.450181410206187,6.0078307853896675e-05,4.7177647697855025e-05,5.202043744291698e-05,4.210686601157007e-05,9.352075119829012,9.319626923202211,9.434198570187396,9.340935233692228,-0.2544651602148446,-0.2604927006957201,-0.24228230957892236,-0.2663772135176431,0.9667291807148967,0.9688421727932133,0.9621777894033343,0.971252485119955,0.04185051538685272,0.04819324367320428,0.037243773253133224,0.039635927308353046,202.27386541471049,200.8326923076923,202.63174603174605,207.63051470588235,7.0331337399917695,6.985544623549144,7.008902380843194,6.924570492656321,6560.1487849020705,4820.681623520715,5828.16597631645,4359.762377676263,2675.5485420784153,2675.2660789571037,2679.7668909045115,2979.1561275073
88,1,913,1224,80,80,44,46,61.67798466593647,62.71960569550931,1.0815985884952088,941,0.3681833588856628,34.09498063268556,1,0.7459150326797386,0.9245574195795372,35.37666285292776,35.11409973215888,16.1245154965971,5.904666824060485,5.0990195135927845,31.81980515339464,32.891565518122825,-58.68663600272536,111.39696961966999,0.9702444208289054,0.9265835180326109,0.00946047170063637,0.0648599642020512,0.030867106268161956,0.006724822332956776,0.00856112677052028,0.04999054455669549,0.021147537850550326,0.008738897488958121,0.0036010468422966154,0.005297651712514011,0.008151967896832837,0.03251103613122186,0.010241038589236834,0.0037838429899684626,0.0030635915942862084,0.002658216669415837,0.002202325246022132,0.005987885977220693,0.002477147772517941,0.01633381840690444,0.0010564290157747517,0.0028263554828529738,0.00242636738673964,0.0012826106538298334,0.0036974744577275287,0.0010856619660016952,0.003892383655187798,0.0030138935501580442,0.006075622960172195,1,18.454545706510544,325.06364211440086,0.2454545497894287,0.054545462131500244,0.9021253882404461,0.23636363446712494,1.0,0.19632495432458025,0.356039038460461,0.2818181812763214,0.16363637149333954,0.16363637149333954,0.013014117165471215,0.1840024561666709,0.38863637298345566,62.22454342577346,63.437312974386586,0.0,61.67798466593647,62.71960569550931,0,64.0,63.0,0.0,1,1,0.12221383364508673,0.26573817709466757,0.3187907272459667,0.293257262014279,2.0663190762585883,1.4615599740206697,0.9899861699849231,0.6710372937820466,0.15989073611700896,0.35688526609896287,0.2610243107361829,0.03487015948245948,0.001803124448239082,0.001753507915990048,0.0016492032984065969,0.001705369258894297,4124.269051321929,5677.495256166983,4833.910236220472,7524.48451730419,0.22165014748439188,-0.0817311374426618,0.08839232833715674,-0.2764065798750743,6.191001650424511,6.4076541108617775,6.33720845856959,6.49127016554533,5.789677244569086e-05,4.720374185792962e-05,5.093603082713977e-05,4.3101480976418246e-05,9.430263221606612,9.389622078622793,9.482644657244792,9.422013603265706,-0.25139622617221113,-0.2624580037054171,-0.24568117372870651,-0.264896794203966,0.9662130780867021,0.9702458862182692,0.9642453902725115,0.9714376349984751,0.04289973140578392,0.042908296800857886,0.03616994803163076,0.03150980632183866,202.12286158631417,200.0265654648956,202.26614173228347,207.5737704918033,7.028823582872519,6.971888632380722,7.032401529772022,6.992763878076307,6473.199524004165,4819.559066572096,5771.332318184628,4265.621607094872,2649.367143831523,2624.2635806847684,2651.310638601277,2947.5265310997656
89,1,955,1295,81,81,44,46,61.62198952879581,62.832460732984295,1.1096233133848938,993,0.3826344551221587,34.870385217575105,1,0.7374517374517374,0.9012067319940412,36.30740825909733,36.235341863986875,16.278820596099706,5.9992958647674595,5.0990195135927845,32.72731157728852,33.54440788367185,-60.1653431222096,115.39696961966999,0.9617321248741189,0.9185527593007083,0.03974853332324377,0.06752461303587241,0.03098690327088902,0.025882816875530644,0.010642602419519226,0.04525243324711075,0.017119602034414375,0.009896979205171212,0.010506069158814064,0.007305676606367397,0.010018920582835421,0.022724143214037946,0.004545299062845956,0.006390345678776929,0.0013722644351099398,0.005926816933582076,0.008455130343414016,0.007562934166469867,0.005422363183633968,0.006416268290464345,0.00318155990001657,0.0038828876932986956,0.0028019715022824807,0.0018211827491993763,0.008975383607189774,0.007532786469534715,0.003161437026759233,0.0035450842549211692,0.004616717981485324,1,18.272727489471436,332.2454608976841,0.23636363446712494,0.06363636255264282,0.8844590745268941,0.22727273404598236,1.0,0.18645640295379015,0.34790100617558545,0.2818181812763214,0.16363637149333954,0.16363637149333954,0.013759181901987593,0.1837422825890414,0.3636363744735718,62.17919390088418,63.51933127554568,0.0,61.62198952879581,62.832460732984295,0,64.0,63.0,0.0,1,1,0.11415437691463616,0.2643719043914353,0.3267573271978371,0.2947163914960914,2.018841295434761,1.4510067166311518,1.019781854489981,0.6685371826098983,0.20838394702137877,0.40978011805789605,0.2752708867084644,0.039443973612708606,0.0017907931024816665,0.0017567862694466924,0.00171708437509077,0.0017006004878964154,4050.0763582966224,5654.666666666666,4754.337817638266,7264.111301369863,0.23073904798753606,-0.07293516620106676,0.10139843070521475,-0.2423445784464573,6.208423158576418,6.496186769746273,6.339429295066814,6.587002873031098,5.6462892471738516e-05,4.159789636034916e-05,5.006924722752526e-05,3.779334900280306e-05,9.443051605018585,9.378911982086407,9.456041526453795,9.424438734406488,-0.22649239131623203,-0.24225003175145848,-0.22840606823151388,-0.2442909797027846,0.9541262997225252,0.9615699548391126,0.955347440603431,0.9630108147114199,0.053994239295134853,0.043269148776338986,0.030165327967580813,0.04243687629502694,197.1160058737151,195.80286738351253,197.7189835575486,202.83047945205476,7.118673501505374,7.035196848877321,7.0920585699890575,7.0718079977407875,6479.709009597624,4885.889454143704,5827.299206141732,4430.085988811232,2632.446341973562,2635.13903020259,2645.409255945002,2923.5493225452683
90,1,933,1224,80,80,44,46,61.58520900321543,62.756698821007504,1.0807931369379462,959,0.39079274781160167,34.46639660942099,1,0.7622549019607843,0.925246437845779,35.94653936456,35.73513677041127,16.278820596099706,5.961994379354723,5.0990195135927845,32.4,33.08802365008897,-60.09529132876128,112.5685424949238,0.97288842544317,0.9185151213102599,0.04103407656791021,0.06723500470107549,0.033283667278290865,0.02669278679077925,0.007207665431012618,0.04440349472573152,0.018829524426396474,0.010200822570345956,0.010236773604007897,0.00523312255422225,0.012415903302190104,0.02128980358562232,0.005570461203668311,0.007857900184106828,0.0021199205123492906,0.0036627145681480677,0.007398330072082305,0.008911481950014457,0.005493303263993474,0.004645812093784117,0.0036370060570888774,0.005193833825732224,0.002235173575169397,0.0006140623752394793,0.007604238906582086,0.0066730225638330235,0.004653288470701416,0.005769588421342878,0.0038525449306416955,1,18.70642240345478,329.89909157156944,0.23853211104869843,0.0596330389380455,0.9342561998383822,0.2293577939271927,1.0,0.19485856670265397,0.3535895943961087,0.2844036817550659,0.1651376187801361,0.1651376187801361,0.013808837714515937,0.1838123295714557,0.3761467933654785,62.15000416702929,63.500903812840356,0.0,61.58520900321543,62.756698821007504,0,66.0,64.0,0.0,1,1,0.1137684590409812,0.2656358625950287,0.3251758972984426,0.2954197810655475,1.9656661534302788,1.4493465485448038,1.0112970405981558,0.6755555287601854,0.17660177917299236,0.3823268812036741,0.2939652690652645,0.03649212999283488,0.0018859244577394993,0.0018860124162484071,0.0016177514792899406,0.0017433729975402368,4083.2904689863844,5626.268022181145,4844.210769230769,7432.8763250883385,0.22830362891736372,-0.07242803304945775,0.08885593495141603,-0.26275221362773743,6.2330715349672285,6.433263508560156,6.282829171297125,6.55964392560292,5.80972209484631e-05,4.8256928561807686e-05,5.7059997919748535e-05,3.917284324655616e-05,9.37766926137863,9.301711876435792,9.489721398590621,9.391635479613287,-0.2439208149357193,-0.25830490431279485,-0.22942711930351986,-0.2592939214256618,0.9623443204858012,0.9678045220612503,0.9562983969439518,0.9690533670372476,0.05130308670023267,0.04850842070088774,0.03556430559880454,0.0447665618588857,200.02269288956126,198.03512014787432,200.5523076923077,205.99646643109543,7.098297352256191,7.023660254757004,7.124477992137955,7.097045751601597,6499.344416954096,4866.311151048401,5789.038033136094,4339.625429209998,2645.658721485119,2623.1447933073905,2658.312200591714,2943.125438574587
91,1,932,1224,80,80,44,46,61.472103004291846,62.79399141630901,1.0707215100412208,958,0.39219753185607603,34.44792091974742,1,0.761437908496732,0.9339496690988321,35.937801168231346,35.510561809129406,16.278820596099706,5.962692040899847,5.0990195135927845,31.81980515339464,33.05850129383159,-58.46735596716087,111.9827560572969,0.9728601252609603,0.9222252740517903,0.03025844284588036,0.06577265719231544,0.03473383702579777,0.020072741511776314,0.009557524746017418,0.04598538694954206,0.02153608882040493,0.00996780052873506,0.008153191887706834,0.005566580060386759,0.010520423692706548,0.024870062133848066,0.008325217595584132,0.006235962881275329,0.0021007237011261876,0.0035088857601480693,0.00514457724759518,0.007425719626415706,0.004083831402485724,0.008251108855686404,0.002811971280472355,0.0032921918470635823,0.0024521187872920745,0.001119442618492447,0.006780107440882343,0.004882696841835025,0.003617314060323584,0.0050406163899556905,0.00481031096414475,1,18.550459161400795,329.0367054641247,0.23853211104869843,0.05504588782787323,0.9618291046636233,0.23853211104869843,1.0,0.19526799117263996,0.3530436753906917,0.2844036817550659,0.17431193590164185,0.17431193590164185,0.015899468518346956,0.18372545696381593,0.3761467933654785,62.088888865267066,63.53202287111232,0.0,61.472103004291846,62.79399141630901,0,65.0,64.0,0.0,1,1,0.11264463972626208,0.2635159619829418,0.3276732216582776,0.29616617663251843,1.9441630412014048,1.4446875092241263,1.0145895102508788,0.6781987140577569,0.17399671747857298,0.38943200560295643,0.300088454190177,0.03375325039890802,0.0020810376492194677,0.0018983137191459483,0.001753846153846154,0.0018292149983143756,4088.1242424242423,5491.671614100185,4916.2,7444.757950530035,0.2286459804701503,-0.0634674206864215,0.07487769493092253,-0.2650778230742112,6.188016213160472,6.3583193258871376,6.289786767755539,6.559366257238171,6.159282365559e-05,4.9858599181379097e-05,5.535881448779588e-05,4.1343280197947744e-05,9.272811470778173,9.270984749480826,9.386630471890811,9.31988699820969,-0.23223474868859423,-0.2381563200725023,-0.2176274615017879,-0.23942282503824605,0.9552604715664851,0.9583521121045575,0.9481336253298843,0.9595446126172348,0.047751213487278024,0.03496060841455677,0.041130292312988335,0.046976866502156676,199.2727272727273,197.13729128014845,199.86769230769232,205.20318021201416,6.976236076865587,6.951590675082247,7.063492762153203,6.944074287770475,6511.740771349854,4836.188943312176,5712.016340828399,4324.886279638886,2649.9662534435283,2581.965139353093,2657.054085207099,2942.4110575422346
92,1,972,1295,81,81,44,46,61.61213991769547,62.90637860082305,1.0902163212783682,1006,0.39470800698126796,35.17938085701024,1,0.7505791505791506,0.9172491554955056,36.73133333406041,36.49657518178932,16.401219466856727,6.044907566447972,5.385164807134504,33.0,33.74899191432158,-64.28194497952602,115.39696961967,0.9662027833001988,0.9254413249755942,0.026216725444548866,0.06301349943791178,0.035665371274965565,0.01638034990335228,0.010688785113617027,0.04388013537869419,0.023981753886780907,0.012463670996157729,0.0047961106841266764,0.005322776152197437,0.009284488308151284,0.023229640048748803,0.012313096066027405,0.00913779777255783,0.0036101434031757694,0.005213577256227222,0.003299894943986898,0.006425712003749647,0.0027484615366902385,0.006571261064840177,0.00474937770393153,0.006532473330998182,0.004357809778289971,0.0036608978946974925,0.009238725251587152,0.0027835295820957456,0.0028356978792278796,0.0022241587512486453,0.006233034542094982,1,18.247706905007362,333.81652085483074,0.23853211104869843,0.055045872926712036,0.8529205796779713,0.26605504751205444,1.0,0.18620109086742206,0.34343263462431145,0.2752293646335602,0.1651376187801361,0.1651376187801361,0.015518998038835516,0.18079701226197467,0.35779818892478943,62.119798799780234,63.59176606399892,0.0,61.61213991769547,62.90637860082305,0,67.0,64.0,0.0,1,1,0.11930412691604658,0.2596328248236967,0.32578464519039096,0.29527840306986575,2.034449322147313,1.4587462758880514,1.002097073180569,0.673733821088989,0.181757824643379,0.393446609694271,0.257654877764283,0.03449373096188135,0.001970939196268492,0.0019340356776282324,0.0017668685121107267,0.001853207971740332,3960.5839311334294,5339.750436300175,4766.276470588235,7086.720268006699,0.22632610613499476,-0.05403079628931807,0.07703111235252831,-0.24609533292529145,6.205690067120811,6.365483397683477,6.224512370364086,6.520020216288895,6.113601064273393e-05,5.1782863517686324e-05,6.0821849994593414e-05,4.3300601272760885e-05,9.376064299126757,9.275235952925872,9.44891832152281,9.318126716071934,-0.20881712087255577,-0.23579023072355995,-0.20192625252808746,-0.23662689019428765,0.9421516468848217,0.9571827595625978,0.9382103318795536,0.9581129478585139,0.05055551293565178,0.044178614150233546,0.04647789784653879,0.04413642723161347,193.93830703012912,191.95986038394415,195.00588235294117,200.09380234505863,7.030878770391157,6.964452805205332,7.0636057236144865,6.948205631830234,6277.796767865555,4792.307289334793,5561.86467128028,4287.562390399791,2559.5951747497456,2533.0144314087393,2582.035285467129,2843.5706646016224
93,1,977,1295,81,81,44,46,61.51381780962129,62.96827021494371,1.0956766873832586,1011,0.3954915056430078,35.269746741453275,1,0.7544401544401544,0.912677992983717,36.8347273978828,36.87817782917155,16.401219466856727,6.049069197010543,5.385164807134504,33.0,33.8315785993259,-63.07404706311144,115.9827560572969,0.9663699307616221,0.9072860082092492,0.04809808288916029,0.07478848945791561,0.03193554339834026,0.02904128850003154,0.008035565909075039,0.04714279866748873,0.014900005091814744,0.01207289453575243,0.007990630503139015,0.004564387755672218,0.008977932439096887,0.021162363889962704,0.001409781772697169,0.009189749981567524,0.0004010176114316718,0.006173539812004962,0.006958724844437541,0.005930528363045932,0.0008870028409493302,0.004937007069900961,0.0065391657616049115,0.005818234317851266,0.00015796286879700929,0.0027321427236225364,0.009923762266827355,0.00522783145434391,0.003224069947937464,0.0012799563134227642,0.0062908617535974804,1,18.376147240400314,334.24771443009377,0.2293577939271927,0.055045872926712036,0.8574719295852438,0.2752293646335602,1.0,0.18561764889293247,0.342116391433054,0.2752293646335602,0.1651376187801361,0.1651376187801361,0.015746780141941242,0.18038553061923085,0.3669724762439728,62.04959786680178,63.63774601014045,0.0,61.51381780962129,62.96827021494371,0,65.0,65.0,0.0,1,1,0.11810720981192996,0.25965470763750576,0.3264348284124192,0.29580325413814507,2.0243990173027213,1.4496151392105303,1.0060783197442693,0.6752331291891766,0.18846372976863723,0.4011583063280533,0.26546803688298726,0.03741829261295424,0.002064505363236949,0.0020857445987654327,0.0018370717672758269,0.0018694606019801104,3944.305278174037,5291.227430555557,4720.579562043796,7006.513289036545,0.22546952519097457,-0.054892395266618196,0.07989090618043634,-0.24137203647253916,6.156918091520664,6.372948881742408,6.297769112851064,6.525050885611184,6.444794484728043e-05,5.260514624324846e-05,5.219785487164675e-05,4.311873988309662e-05,9.28191839832962,9.19586390711156,9.402059740480283,9.305950864441792,-0.2079497607284711,-0.22671968467664894,-0.18931889043256656,-0.21842820699001464,0.9402118248036739,0.9511930983715181,0.9273606667534546,0.94758097249522,0.05136383744552945,0.04086624374162063,0.04084448113137383,0.04378722328053122,193.07560627674752,191.0746527777778,194.0335766423358,199.0681063122924,7.036202668102526,6.975257638683763,7.053952697586757,7.058722199868846,6240.717536187345,4740.558663073869,5540.333179178415,4281.824265184696,2546.2557035903446,2507.9465234073614,2565.2281853055574,2822.0843885553113
94,1,1054,1610,89,81,43,46,62.47343453510437,63.14136622390892,1.341487982621455,1141,0.5495759270797861,36.63324282875953,1,0.6546583850931676,0.7454408932131172,40.79176364782835,45.044422518220834,17.0,5.985330137374509,5.0,33.706076381896494,34.079224991029434,-83.85684799002524,133.29646455628165,0.9237510955302366,0.6614068408826325,0.09238833262928423,0.1750952915824612,0.051038273352204205,0.009121298139824135,0.015565082392878996,0.021874595096816624,0.01472515490388919,0.016778688623699533,0.0341840915016954,0.01877089420828538,0.01168865212174608,0.014879192744593064,0.010260873827074133,0.0006467639291859899,0.010800704992737286,0.01045427082454852,0.006226970792027345,0.006488172718797574,0.008693211250917035,0.006074668926719676,0.01256792300210552,0.006321528622604981,0.004722826246380472,0.00837420081703724,0.008199656841666526,0.010217828103710228,0.0036928426126363986,0.005331384632893661,0.006234758028877043,1,20.229358330368996,346.2477150261402,0.22018349170684814,0.06422017514705658,0.5875433077017085,0.26605504751205444,1.0,0.17902087018025659,0.3285082685257497,0.26605504751205444,0.14678899943828583,0.14678899943828583,0.015395892244179608,0.17793509002056562,0.33944955468177795,62.54092364583694,63.72502053800039,0.0,62.47343453510437,63.14136622390892,0,65.0,66.0,0.0,1,1,0.11006597576317183,0.25590206933516957,0.3261174867948324,0.3079144681068262,1.9662633636336042,1.4819823136223538,1.0447654440174865,0.6705410111251956,0.2104861784463244,0.4063868308460267,0.25783749422361124,0.04985466032954071,0.0018895766146532324,0.0017963807886442282,0.0016339578375576883,0.0016070464102465182,3687.9018087855297,4843.807511737089,4617.758087201125,6576.27950310559,0.24788151571832906,-0.002795425105825742,0.08376126398385846,-0.19335522491108717,6.138610860734075,6.258151811299487,6.172349641377438,6.521409274778016,6.938979892967458e-05,6.185769833344584e-05,6.461703459269933e-05,4.328749098070822e-05,9.455535333438675,9.436108667622957,9.505099945429796,9.511508503036115,-0.21999051126343958,-0.22280615877793988,-0.2150254556310423,-0.22646958744491621,0.9504752702255329,0.9519164348663747,0.9480181279365599,0.9549274770968532,0.05382578384489701,0.03950615644899909,0.04231115839953288,0.039731231835501056,184.7105943152455,182.21126760563382,189.985935302391,192.49378881987576,6.981586629679985,6.951098184235272,7.06638431796617,7.0588753601540795,6118.802549259184,4816.802001366566,5462.056060974719,4445.215799930564,2451.676089511182,2415.1523782759177,2519.953537043957,2755.373825759034
95,1,1066,1610,89,81,43,46,62.550656660412756,63.149155722326455,1.3429248175673874,1154,0.5598971379996939,36.84119100528216,1,0.662111801242236,0.7446433239735853,41.2280473893961,45.09988913511872,17.029386365926403,6.009255186036031,5.0,33.970348479747386,34.1599985514547,-84.29992001110375,134.12489168102783,0.9237435008665511,0.6650863292944653,0.09230578064732295,0.17384940158555726,0.051697057176954164,0.008713358386116246,0.016051548687689047,0.022382106476265446,0.015070117573097695,0.016249930149550604,0.03365406861976714,0.018890406456918977,0.012489381638138671,0.014511927489671662,0.010607978861543991,0.0005923132465625177,0.01053708858082021,0.010821883673161907,0.006786573925082174,0.006675463010541164,0.008354479459431146,0.006344760608882577,0.013051355313733375,0.006610027615133415,0.004956950913563636,0.008553779725756792,0.007675713817569622,0.009722611730085099,0.004175092330530949,0.004975657044716121,0.0059243937204201515,1,19.73873946070671,341.40540988743305,0.21621622145175934,0.054054081439971924,0.602418536602523,0.28828829526901245,1.0,0.1746791102717408,0.32026773910641,0.2612612545490265,0.1531531661748886,0.1531531661748886,0.01569281293015881,0.17343752627833778,0.342342346906662,62.55984800306755,63.7515041368363,0.0,62.550656660412756,63.149155722326455,0,67.0,65.0,0.0,1,1,0.1121490389848211,0.24960417943618532,0.3289793122562018,0.30926746932279175,1.9598504189806367,1.4782114182165178,1.0468416324331669,0.6728145353022364,0.21508442108813133,0.416559015895118,0.2547323223661072,0.0509316497421981,0.001840413340325933,0.0018525640872508711,0.001862182943956052,0.0018581834398691843,3499.760814249364,4553.060278207109,4407.864902506964,6258.502304147466,0.24724196033761683,0.0035335152076503965,0.08166061763807882,-0.19483170947769152,6.065898479189034,6.210550518182726,6.201267476845548,6.46146859515783,6.825381056585627e-05,6.035435769258648e-05,6.045301097008821e-05,4.3887853465478935e-05,9.416007568944833,9.333535668800888,9.402742018420671,9.363422629601,-0.17748652155037686,-0.1920674448453171,-0.18356055515333783,-0.20748241003547443,0.9166359525622906,0.9286334405675057,0.9222200625769039,0.941036627434597,0.0512235238030517,0.048758456976646464,0.03777249992061413,0.041701570823038055,179.52417302798983,177.40649149922723,185.24373259052925,187.78341013824885,6.965224091354671,6.968640090766122,6.963005668413703,6.961673579067401,5798.7405098122945,4585.3509934091235,5191.77764177807,4217.453856880937,2324.625331015416,2284.6028179040595,2399.9106360712594,2618.9890402571
96,1,1076,1656,89,81,43,45,62.59851301115241,63.13475836431227,1.342090830955042,1170,0.5716748822484141,37.013588722725,1,0.6497584541062802,0.7451060516436079,41.68026488950909,45.27692569068709,17.029386365926403,6.000210255601215,5.0,33.988233257996804,34.19783386111304,-85.25621829946432,134.71067811865476,0.9196581196581196,0.6682954878707487,0.09466102339137258,0.1676840574389767,0.0542533361403407,0.00859303344595306,0.01726690927343823,0.01833130699871469,0.020097371431820863,0.020061744500717633,0.03449490535374004,0.017547419607764132,0.013564354522573962,0.01430509279079551,0.008254505728105876,0.004379589656568002,0.013118374723583293,0.010490255107017624,0.007871131721967607,0.00643254543629626,0.010318663972351594,0.005173200028227528,0.012720152659207232,0.008404164670060357,0.002086293680610122,0.00984803419103488,0.006447290817438487,0.00873755766109363,0.004196922318952451,0.004757384583735388,0.006573871128955625,1,19.557522773742676,336.10619984567165,0.21238937973976135,0.06194688379764557,0.6204566210428315,0.29203540086746216,1.0,0.17155721731353224,0.31236635673389557,0.2566371560096741,0.1504424810409546,0.1504424810409546,0.017047012907018246,0.16870960489006684,0.33628320693969727,62.581305978454985,63.75497633939977,0.0,62.59851301115241,63.13475836431227,0,67.0,65.0,0.0,1,1,0.10942601395506664,0.24644549767592713,0.33130594905000676,0.31282253931899945,1.9302031314041186,1.4731964194405403,1.0578195880647094,0.6758976953960708,0.2211596710944152,0.41407516099672786,0.265597525634817,0.05091872034815794,0.0017989794707487837,0.001775356930398572,0.001712118538071378,0.001646788185622823,3284.7723270440247,4216.1875,4234.548476454294,5881.360182370821,0.2547791364221675,0.01669142964019981,0.07053962472071636,-0.18584632405030252,6.131798645150463,6.234274001549798,6.243623921270041,6.4815285972028605,6.699789579964943e-05,6.098977020281828e-05,5.9211773049515744e-05,4.5893090770465325e-05,9.456334758264324,9.398992749356394,9.458903881764153,9.489571609704543,-0.19059437923553407,-0.20250147104607935,-0.1983907794022911,-0.20650126170909705,0.9293014861713788,0.9379209995840724,0.9356651970017683,0.9420980554156676,0.06324305290693995,0.04951786346377003,0.04456569292297013,0.03933524355228781,174.6616352201258,172.1448170731707,180.7229916897507,182.73100303951367,7.064021252041935,7.018290127522987,7.089350263780079,7.127256529852013,5530.794943238005,4359.325064600696,4877.294457531785,4037.9018047689897,2203.8918175705057,2143.8781411501695,2277.9607334965194,2479.815496784955
97,1,1176,1776,91,82,43,45,63.03316326530612,63.250850340136054,1.3175729859161818,1259,0.6067900549559039,38.69534474078957,1,0.6621621621621622,0.7589712377904017,44.35718927211841,47.265209192385896,17.69180601295413,6.151896101679999,5.0990195135927845,35.25700496542951,35.257850601314004,-87.04015126421304,139.53910524340094,0.9340746624305004,0.669034592424331,0.10140206526740289,0.15840162922678258,0.06564079285048784,0.010340673493244554,0.017920647700924944,0.010312509378833603,0.018793618221054808,0.020099320773236957,0.02474344892683722,0.02878695670743487,0.014127298923882141,0.013950570262108743,0.009477688766014167,0.003774300688353394,0.011377318126000518,0.00523264212966426,0.009916568821929884,0.010040342906402442,0.01042998967054633,0.005916343013817588,0.0082596980843449,0.01203106854177955,0.005907001486176542,0.007228876616206414,0.00706368327884541,0.007627765587784022,0.0056446229626090395,0.0059598589857781555,0.0059577832935991774,1,18.53043559193611,349.8087044209242,0.19130435585975647,0.060869574546813965,0.5802376985745723,0.208695650100708,1.0,0.15703758976217044,0.29745638131030966,0.24347826838493347,0.1304347813129425,0.1304347813129425,0.0163385234792051,0.16614130715567088,0.321739137172699,62.80496172994581,63.7843293426341,0.0,63.03316326530612,63.250850340136054,0,65.0,64.0,0.0,1,1,0.10415630979466238,0.25614000164241213,0.3224619669189588,0.3172417216439667,1.9756100051374585,1.5061032096573814,1.0652114412828517,0.6685954563679295,0.24103800449899687,0.4275023566604616,0.21931431999286452,0.04550556635792144,0.0016576169394439564,0.0016732149736919982,0.0014745510392522659,0.0015708021374230164,3109.485260770975,4032.8253751705315,3958.413533834586,5413.225274725275,0.2614882598981756,0.02979159298329814,0.10213915221062232,-0.13574713889460194,6.066667622130513,6.19696892642575,6.209801014417934,6.496031803757426,7.093817555100982e-05,5.9952421757003085e-05,6.248540302800194e-05,4.3380952891974095e-05,9.561776971154346,9.516105278005561,9.663809583015233,9.585565700712245,-0.18718417998380923,-0.19782326418638363,-0.18388937600381772,-0.20500480835668644,0.9280012308642198,0.9360595303008769,0.9266712267179057,0.9423530571574709,0.059426582084151754,0.03950413757715237,0.04874513594911386,0.037649355424019475,166.33333333333331,164.57708049113234,172.25814536340852,174.3434065934066,7.00264712280749,6.921229004883513,7.115778890156557,7.082530579543844,5311.464852607718,4280.492353277288,4859.018574003934,4119.222731252266,2105.2375283446736,2078.329432111954,2204.3580269596287,2383.1120014943863
98,1,1150,1776,91,82,43,45,62.87826086956522,63.15391304347826,1.3360728649552711,1250,0.6220894516971968,38.26519928662906,1,0.6475225225225225,0.7484621731566099,44.3083713782327,47.265209192385896,17.46424919657298,6.075096488481085,5.0,34.88266044899672,34.69106992332273,-87.24316238745958,138.95331880577405,0.92,0.6542430112993033,0.10411532516867517,0.15824783025539754,0.0678417884806722,0.010762293880659815,0.01694906140263263,0.00517601160059824,0.018543281130824252,0.02014139093215008,0.02473787449262517,0.029231679000179766,0.014512526438223162,0.013002909451975879,0.011360484019112922,0.005448411487096323,0.011603712763760161,0.00607918649055636,0.008090841735192655,0.011272730268363113,0.009784140317891286,0.007620227376276021,0.00783250522358074,0.01214124579688389,0.005540306080398408,0.00734755822744777,0.00641953730909608,0.00781911111280433,0.007212722437922594,0.005471765871641668,0.006264991950000294,1,19.08035808801651,349.58929266035557,0.196428582072258,0.06250002980232239,0.6356104026841216,0.2589285671710968,1.0,0.16307998365826076,0.3039906892698744,0.2589285671710968,0.1339285671710968,0.1339285671710968,0.014645256132594632,0.16744313337938768,0.330357164144516,62.62277164843763,63.73591462585402,0.0,62.87826086956522,63.15391304347826,0,64.0,66.0,0.0,1,1,0.10706441208096104,0.2543801393935987,0.3206313519540679,0.3179240965713723,2.0184274408705685,1.5079235067146295,1.0565216468400511,0.6696203499213883,0.21591450810080032,0.4173932745309025,0.23352088486943212,0.05095538800588689,0.0017199964015688085,0.0016606629596000958,0.001486617090391688,0.0016729540767567018,3110.5654692931635,4080.5007032348803,4042.8704663212434,5633.4,0.2772056921411189,0.03462408536746859,0.10248930152327519,-0.15378452927241418,5.945932202765465,6.135808416893739,6.140064065431365,6.3724553705204645,7.987872169586936e-05,6.316432540752205e-05,6.653870885690723e-05,5.221298046619575e-05,9.550265187056437,9.48796302975464,9.636704731759606,9.52385717104961,-0.18571320754279708,-0.2000222247730625,-0.1867687267618201,-0.21542514567334803,0.9265301700034791,0.9373387351674581,0.9287896147533754,0.9485123376056876,0.057297782821859246,0.058495255237209144,0.0521185419411899,0.04457296303516392,169.67555040556198,167.915611814346,176.45854922279796,178.77872340425535,7.016632862608365,6.928868125430441,7.0310031330812786,6.990712716085864,5496.490329216176,4373.202442628495,4966.204240382282,4131.681533122071,2151.763949627333,2113.425786465843,2252.268676675885,2441.270383280518
99,1,1098,1692,90,81,43,45,62.545537340619305,63.10564663023679,1.3875741086539959,1203,0.6259488800278783,37.390065794529015,1,0.648936170212766,0.720682227899194,43.46516436278828,46.389654018972806,16.97056274847714,5.948680037362796,5.0,33.988233257996804,33.89692087255948,-85.6403658439551,138.36753236814712,0.912718204488778,0.6493292953687542,0.10257198205334384,0.15877423328915521,0.06674262659160013,0.01314595405406369,0.016605680543874277,0.004403381447846903,0.019577938160595325,0.0228987859757602,0.02810672588472306,0.025649932856872407,0.013890518391335276,0.0124488021494846,0.01211515468480228,0.005093374800388395,0.014112569382833276,0.006538382175521703,0.007566932939638544,0.011508534535384297,0.010031244343659151,0.007734763825339025,0.008606809037193111,0.011936026647629244,0.0031727757932928954,0.009002285126908594,0.005710323123032469,0.00820745660942684,0.006263691117658365,0.0064030631140473,0.006343354360364544,1,20.34545485675335,348.64546006917953,0.209090918302536,0.06363634765148163,0.6561786875310314,0.26363635063171387,1.0,0.17539185221339093,0.31752774141091034,0.26363635063171387,0.15454545617103577,0.15454545617103577,0.014957772393763351,0.1711340330974248,0.34545454382896423,62.35607935522008,63.73387918410392,0.0,62.545537340619305,63.10564663023679,0,64.0,66.0,0.0,1,1,0.10894109623241253,0.25204036467787433,0.32046100542662337,0.3185575336630898,1.9936220610531414,1.4798947615845222,1.0503468177863649,0.6778607983761094,0.21555484141788903,0.4120597643699168,0.26208993923376606,0.052416056712022645,0.0018547931800218305,0.0017623203658005523,0.0016885610424303133,0.0016925570198409044,3329.8368098159513,4278.859939759036,4284.984848484848,6000.07796101949,0.26575267473713077,0.017964987694491834,0.09189767212591893,-0.17276186946051486,6.029957334466536,6.185150529857266,6.180005116601225,6.448594108218948,7.125533454019492e-05,6.0811446321808326e-05,6.172844807218267e-05,4.522856002907113e-05,9.458467048255656,9.430250229010806,9.460745130646277,9.473372126768695,-0.19083478928823824,-0.19251874722013979,-0.20446140052262116,-0.20907676186116061,0.9295379528876149,0.9305160975315023,0.9402411762546214,0.9436664731626818,0.0573199396761741,0.05322106777296417,0.05429586708367158,0.03354726907088868,177.24539877300617,175.0737951807229,184.61845730027548,186.45877061469264,6.983847856249531,6.97682375108796,7.046398946632002,7.052149315252034,5740.2318039820675,4435.411722945992,5152.244232330828,4232.311268653531,2267.5171534495075,2178.567915676257,2359.307270203921,2558.0973074182566
100,1,1100,1692,90,81,43,45,62.449090909090906,63.11545454545455,1.3685158769230898,1207,0.6312933969112211,37.424103185095554,1,0.6501182033096927,0.7307185958619314,43.67253227373158,46.389654018972806,16.97056274847714,5.950950167722586,5.0,33.988233257996804,33.869974623524904,-85.89303188227409,137.53910524340094,0.9113504556752279,0.6479931165346445,0.10762810346083602,0.15510983464972847,0.0665241266881004,0.013554918261856144,0.016451845044109625,0.002729015481944324,0.02131151237077955,0.02350656730352794,0.026316925992157434,0.02593080113519605,0.013721170154066606,0.010154350885884345,0.013174379380229717,0.006569953020207468,0.01301205825715889,0.006756392336442531,0.0085691322723698,0.011728072048100079,0.010573785203071494,0.007699753123755553,0.009448185977561651,0.010684097220589672,0.0037090581135154426,0.0074089773186382475,0.004365090788033475,0.008098973080371491,0.007565289692558169,0.006022808046301359,0.007187964462773219,1,20.181818544864655,347.9181860536337,0.209090918302536,0.06363634765148163,0.6564316219881488,0.22727273404598236,1.0,0.17398119435228152,0.3162892600487579,0.26363635063171387,0.1454545557498932,0.1454545557498932,0.0123417035319973,0.17097706915134073,0.33636364340782166,62.198609905508754,63.72221787756227,0.0,62.449090909090906,63.11545454545455,0,66.0,64.0,0.0,1,1,0.10381228670457428,0.24948394289428255,0.32808131583753536,0.3186224545636078,1.9354833114412073,1.4996302578344833,1.0645706413607334,0.6753077071675693,0.21264600055124747,0.4150020246275536,0.2663114498519179,0.04471801581190323,0.0018968065167243367,0.0018305161399739954,0.0017217598277483354,0.0017219741082028386,3288.2683823529414,4390.163909774436,4309.455295735901,6015.051127819549,0.2731644665248194,0.008996510906705276,0.08819002487491383,-0.17303290229652132,5.983006537869217,6.122466420454321,6.163084580554918,6.408949867475866,7.713872256163495e-05,6.714588333277395e-05,6.25441200493936e-05,4.963853413270609e-05,9.402542045880157,9.362640343271865,9.424665835960313,9.43592751023326,-0.1930667286808654,-0.1977347726664982,-0.20290961888836914,-0.2093049828658046,0.9305454887667091,0.9337210178423828,0.9385936695029432,0.9433139570796494,0.060804988159916404,0.05151708967226603,0.0473098483502946,0.050428034526909526,176.6654411764706,174.8887218045113,184.0990371389271,186.20000000000002,6.925673167983934,6.946108404305898,6.996793190025743,6.960759856852477,5759.908903726919,4469.8733314489145,5143.074098110046,4240.502857142848,2262.0443215199684,2215.009310305839,2363.1323484614804,2563.888496240599
101,1,1098,1680,90,81,42,46,62.373406193078324,63.1511839708561,1.3661755356566234,1202,0.645318779736369,37.390065794529015,1,0.6535714285714286,0.7319703609824715,44.00739281984828,47.16990566028302,16.97056274847714,5.910067804541728,5.0,33.988233257996804,33.61783678092214,-86.97876828428575,137.29646455628168,0.913477537437604,0.6263219968438402,0.09220265181352567,0.17034897342666463,0.0642651018030447,0.01763544992532022,0.017532030436650206,0.008496432073937719,0.011476104021695917,0.022725371300775603,0.03169435395084613,0.023976629972705926,0.013880402220499365,0.008031746550031867,0.017962202790514522,0.00466913181857308,0.013141008203812213,0.006648572083730057,0.003029053951655713,0.011186585213434111,0.00968501593466348,0.011514862736961153,0.00973677035735834,0.007115294550139165,0.004870182188786072,0.008251535862273679,0.004202896528923338,0.012649415333936272,0.004474402076791617,0.006683309917556212,0.006497360440360125,1,20.427273124456406,348.53636941313744,0.209090918302536,0.06363634765148163,0.6688604632443909,0.22727273404598236,1.0,0.1745920779868069,0.31742838744365887,0.26363635063171387,0.1454545557498932,0.1454545557498932,0.01331734794482262,0.17208714227631933,0.33636364340782166,62.0792143673988,63.75187148445602,0.0,62.373406193078324,63.1511839708561,0,64.0,65.0,0.0,1,1,0.10514097949866447,0.25063251609745957,0.32074389003527864,0.32348261436859727,1.924079924825552,1.5204116169890067,1.0575879617379451,0.677831890413587,0.22951226808236952,0.4118302821569784,0.2591185081576274,0.0543014937581343,0.001860704820603785,0.0019065231472051012,0.0017524036801436459,0.0017188461987407335,3350.643818849449,4556.113464447806,4338.59972299169,6067.937972768532,0.27026676595970955,-0.008395117435292502,0.09632397391495073,-0.16487129827723848,6.077292498141797,6.170076643714985,6.211901568261041,6.393257354114995,7.199101018512806e-05,6.478464270205243e-05,6.0515644835336894e-05,4.8513108488773596e-05,9.442011083287388,9.32246468498578,9.471508593090457,9.420067317030488,-0.19635298791833833,-0.2155808746303587,-0.20409759379662565,-0.2237261202422371,0.9338144140621014,0.9459751673608344,0.9401286609567225,0.9522582338331189,0.052559596363999844,0.04582462499787085,0.05777844600993096,0.038915319622453634,177.1750305997552,176.29198184568835,184.97922437673134,186.83055975794252,6.924962876581836,6.966995857444726,7.043156188294585,7.091174410374194,5832.558103579231,4480.252114226601,5263.513418788978,4350.273861865178,2295.8004806071704,2259.0913946686005,2400.5282854451707,2604.5529586584307
102,1,1144,1764,91,81,42,45,62.4527972027972,63.11188811188811,1.377267259564991,1255,0.6715645979377757,38.16524648390242,1,0.6485260770975056,0.7260754897461581,45.660014045079784,48.16637831516918,17.0,5.9537412035646105,5.0,34.566659863544764,33.83160525596055,-87.30721168003956,140.71067811865476,0.9115537848605577,0.6270178566745456,0.09874962822958047,0.16077211290432472,0.0740764065467222,0.015156242647082683,0.015951892904240064,0.0010308025442981328,0.011836442891181269,0.023773770171221724,0.024111179583289847,0.03109774927446623,0.013281027585061745,0.007906516165656921,0.01699081888979526,0.006432989579532956,0.01270978393381735,0.007539977167717334,0.00283680944409271,0.014808370604350222,0.008668057311849794,0.010835463827050197,0.005478509627529413,0.010425653276582349,0.004247549812342941,0.007268087901629824,0.004550547884798982,0.009720846941960399,0.006957658533806385,0.007728255987915684,0.004801336520826125,1,21.037736535072327,369.4622705578804,0.2075471729040146,0.06603772938251495,0.7239716965988394,0.22641509771347046,1.0,0.17531447112560272,0.3229565302079374,0.27358490228652954,0.15094339847564697,0.15094339847564697,0.011969323705407188,0.17722406603686808,0.3396226465702057,62.040395265866245,63.70691723713477,0.0,62.4527972027972,63.11188811188811,0,65.0,69.0,0.0,1,1,0.10652912080865853,0.2531471023540301,0.3189490090894132,0.32137476774789814,2.0311552367517476,1.5404270483670748,1.0545597294748221,0.6684595169156278,0.22003348593001865,0.40118400811933536,0.23524191327852317,0.05074647912407324,0.0019242676249559903,0.0018632575953625595,0.0017115648667461688,0.0017409412917639053,3414.430894308943,4795.474820143885,4433.230566534914,6260.982708933717,0.2918822841389304,0.0027317871761084727,0.12799229376108134,-0.13504914761110576,6.00044057907993,6.231860906572084,6.178829565841524,6.340548218128438,7.705424908156986e-05,5.9506039362529724e-05,6.080066481638159e-05,5.221955557951179e-05,9.439161802890137,9.406761889441396,9.491528775215757,9.421279506930844,-0.19429806966909233,-0.20027159511331077,-0.20567844279129285,-0.2256898815814386,0.9321171234382406,0.9363496658274597,0.9415428798480503,0.9534078806263782,0.063594241288228,0.05521424677739174,0.04150947158480594,0.05027207608111352,179.9872241579559,179.65899280575536,187.94202898550725,190.23054755043225,7.012282491763822,6.94364603661173,7.007714349290017,7.005150581886715,6229.250707857991,4821.747023446002,5734.639590613122,4771.1082311122955,2410.920400541736,2404.30546089747,2541.967539287012,2758.0227350115038
103,1,1156,1764,91,81,42,45,62.42733564013841,63.18339100346021,1.3676750170230723,1260,0.6857955873003265,38.36489168124743,1,0.655328798185941,0.7311678487603246,46.39117784568785,48.373546489791295,17.0,5.964515152572647,5.0,34.676686732439215,33.7632306416854,-87.5529033813456,140.95331880577405,0.9174603174603174,0.6270297517377708,0.09978758035231944,0.1555829187895416,0.07672374014973476,0.017936139629129547,0.018262273998758544,0.001342781089375567,0.014596523990089507,0.026481223799428414,0.02384021032150388,0.02897325350553894,0.01390679045827597,0.006775028390444122,0.017550334059441862,0.008971134643851094,0.014631128784149846,0.007580045200732862,0.0023932364314552057,0.013431078094077068,0.009404918389552732,0.008771731197394961,0.005492048851382683,0.010493771210788152,0.0023645257840418134,0.008210270109430528,0.0017533201540843228,0.010921731650909521,0.006740640626493398,0.006955404000382117,0.005770164348367707,1,20.34579510986805,368.1775772124529,0.20560747385025024,0.06542056798934937,0.7565476168128334,0.20560747385025024,1.0,0.17097306815015167,0.3184927138516028,0.2710280418395996,0.1495327204465866,0.1495327204465866,0.01051738793125211,0.17527149668599892,0.336448609828949,61.93072726478444,63.754131240374925,0.0,62.42733564013841,63.18339100346021,0,63.0,65.0,0.0,1,1,0.10866861230021081,0.2546262212279251,0.31143546197735256,0.32526970449451154,2.059359275722019,1.5573963584099524,1.0496192246233798,0.6678717200633306,0.21163926963678675,0.40266548028787186,0.22575879329801474,0.0518851909900357,0.0019850706830492797,0.0017928331444176957,0.0016250516327859265,0.001690816326530612,3319.07816091954,4740.621968616262,4279.664928292047,6060.361428571428,0.2971291110981775,-0.00010183362631720112,0.1419681421005004,-0.11958390720234952,6.0121773209926825,6.215897634475807,6.146154784162062,6.375470383905149,7.611928267749206e-05,6.0743612743764166e-05,6.526471851625801e-05,5.475077726403065e-05,9.416390220277291,9.447236800590805,9.551924180457942,9.504660009853987,-0.20825640173288396,-0.2079505532878071,-0.20425372073050962,-0.22231189805840718,0.9423196371681862,0.942531523729716,0.9413588616971703,0.9524673130895104,0.05971210490398632,0.054363633375566975,0.04810110953643723,0.055794805523042716,177.59540229885056,177.4978601997147,185.4406779661017,187.74142857142857,6.996583384507731,7.025736963931585,7.1287484657086715,7.091039986428433,6125.268484608274,4739.65655747546,5695.873599540362,4765.734569387758,2361.0866613819535,2370.069631522928,2493.8846319581044,2706.523999489793
104,1,1154,1764,91,81,42,45,62.36655112651646,63.149913344887345,1.4092005757635597,1271,0.695517915060906,38.33168969174693,1,0.6541950113378685,0.7096221909064726,46.81217408430984,48.662100242385755,17.0,5.926980779473143,5.0,34.46153846153846,33.63495688164557,-88.10837768795497,142.95331880577402,0.9079464988198269,0.62022001109782,0.09679757452079032,0.15505956215505828,0.08070581966623334,0.018298987928417058,0.018126716797413723,0.0038725160997113957,0.01080285888288828,0.02600187050341477,0.022381079941917056,0.03242698749706286,0.015414185317050811,0.0062971942803690065,0.016927075303823612,0.0063950674397405755,0.013193217842724014,0.008154274007201352,0.0012784499478812386,0.014444860561159359,0.009973628786727971,0.009217600965882665,0.00212740032784064,0.012479292193006319,0.0037941996757564146,0.007087419587793823,0.002279067157316804,0.010577111139109892,0.004657542149530401,0.006120185910905343,0.006046357491374569,1,20.85046799480915,368.6355205029249,0.20560747385025024,0.06542055308818817,0.7876516055980302,0.21495327353477478,1.0,0.1723179173124723,0.3194415255657928,0.2616822421550751,0.1495327204465866,0.1495327204465866,0.01132847125012144,0.1767173767624407,0.336448609828949,61.83759251154139,63.73352094888579,0.0,62.36655112651646,63.149913344887345,0,63.0,66.0,0.0,1,1,0.10298144211584848,0.25147043882900066,0.3176909037623423,0.32785721529280853,1.9806764033614772,1.5686318184252235,1.0688492797135358,0.6684579972577753,0.23525313425764377,0.40577058232560514,0.252332994440713,0.0453872407825072,0.0018790694964385074,0.0017855808120655443,0.0016506880293851594,0.0016033349366682704,3350.57997698504,4803.638328530259,4352.998691099477,6213.692640692641,0.3043378618343378,-0.005515490742527763,0.14569653635856541,-0.12359867691041612,5.988775414533686,6.214696859188683,6.166771357323077,6.299132434079413,7.520722580055574e-05,6.130317889670568e-05,6.166213809821382e-05,5.4033065267233095e-05,9.468994531561078,9.438421577467215,9.512331141069618,9.536639478810521,-0.20783868862011953,-0.2128750395982378,-0.21906032390000552,-0.2258321160384553,0.9427519967862739,0.9457515525261362,0.9506210948449216,0.9548669917182521,0.05804983994902531,0.050913646003276775,0.04085411529333935,0.05688588316168264,178.05523590333718,178.11095100864554,186.03795811518324,188.86724386724387,6.9899505690681405,6.974091431767497,7.058267282788943,7.062228748248641,6282.199480640549,4750.940139441394,5837.75641258464,4846.649042475881,2408.194864406396,2388.6446169929177,2547.688775921026,2765.085420792133
105,1,1166,1800,91,81,41,45,62.31132075471698,63.177530017152655,1.3946976538860625,1285,0.7074249708217727,38.530472475187736,1,0.6477777777777778,0.7170012778136453,47.427886738966706,49.25444142409901,17.029386365926403,5.929466796501622,5.0,34.46153846153846,33.52148247463381,-88.30993418501333,142.95331880577405,0.9073929961089494,0.6119527243038746,0.09802317980770021,0.15512233438978928,0.0764438316243169,0.024657389269543285,0.022468682337583937,0.002166956287230659,0.015370434123951202,0.02783888339695726,0.024907572250453022,0.02537274853140512,0.01522864713664519,0.002568332467357006,0.01966263690898391,0.012974233693930392,0.014394043159086736,0.008201171704151168,0.003481857798709466,0.011050021950868173,0.010268907835268456,0.008546456293069759,0.004431279576392622,0.008830303049410387,0.0040335996538444635,0.007268988605528962,0.0025736907689429297,0.011704961435637705,0.008144069591670987,0.005283701319549639,0.005265521085956331,1,21.180952921509743,378.0476182848215,0.20952381193637848,0.06666664779186249,0.8350850833750014,0.21904762089252472,1.0,0.17504919769842764,0.32422608772283146,0.2666666507720947,0.16190476715564728,0.16190476715564728,0.010335805111559838,0.17934622384259888,0.34285715222358704,61.7180501607535,63.76523495912069,0.0,62.31132075471698,63.177530017152655,0,67.0,67.0,0.0,1,1,0.10512659058215269,0.25038418024227105,0.31661418107425693,0.32787504810131934,2.009468928176877,1.5780970495269602,1.0638966430333812,0.667194251459229,0.23746182282713552,0.39767838805068106,0.23752828623424116,0.04411768367636405,0.0019139070373285956,0.001878028587430297,0.0017028462216896593,0.0017978750172482367,3448.360953461975,4992.336182336183,4390.191461836999,6307.552706552708,0.30193359389397895,-0.006900852682205512,0.16243524410905372,-0.10795165354427307,6.029888714406232,6.232293281843652,6.1196689079909685,6.346002468862308,7.411840684144261e-05,6.221559730611715e-05,6.66736882733281e-05,5.585848068368712e-05,9.444679172158219,9.38246392927656,9.521714550559814,9.468687143631493,-0.18617446875505328,-0.2038875705751598,-0.1929837958315653,-0.2101679595752574,0.9252724780909496,0.9387102864130149,0.9322874968741643,0.9443467485249554,0.05836027153713904,0.05393999086978095,0.04450718763370543,0.041010296368680504,180.4903518728717,181.10826210826212,188.5666235446313,191.19373219373222,7.003415896544643,6.920698506537185,7.0860326027806675,7.063313210816471,6431.389520988563,4923.905658233285,6093.037281872515,5078.418308292952,2469.9376186126347,2479.0604601423693,2620.807185927377,2846.4927537114127
106,1,1165,1800,91,81,41,45,62.230042918454934,63.10128755364807,1.4073583042048026,1284,0.7173180101844634,38.51394643004615,1,0.6472222222222223,0.7105511062906105,47.79737196760801,49.36598018878993,17.0,5.889317539615535,5.0,34.2130499500592,33.302623741483785,-88.26711062410023,143.53910524340094,0.9073208722741433,0.6086680630350696,0.09324300586165526,0.15629841987229373,0.08074073498524112,0.024332659003234842,0.019416374334616973,0.0031756047515567104,0.012220035328168942,0.028780002681044366,0.023317617793888076,0.028514323463967154,0.014721444933967648,0.003023475384472735,0.0194613467086276,0.011085917076700622,0.014197561462214412,0.008926643082442605,0.003690232215608393,0.013346296426406465,0.009715251065208711,0.00870108790830128,0.0028215057118872455,0.008766939266006038,0.0036689039499944705,0.00700115588176982,0.001886707389510203,0.011361397931044237,0.007492152725059947,0.006101272084986373,0.0048931072654039955,1,21.83495208621025,385.0194208920002,0.21359223127365112,0.06796115636825562,0.8907641393051748,0.21359223127365112,1.0,0.178975017100084,0.33048877329785425,0.27184465527534485,0.1553398072719574,0.1553398072719574,0.009547255830325533,0.18213276835799463,0.33980584144592285,61.593211797528426,63.72410925790345,0.0,62.230042918454934,63.10128755364807,0,64.0,68.0,0.0,1,1,0.10530297265275346,0.25246488626046726,0.31255516028573865,0.32967698080104063,2.044632719007621,1.5812988843733546,1.058508028293271,0.667954230666456,0.22691921093732817,0.3947239704884315,0.23257496344812814,0.04278764947284665,0.0018559955482110291,0.0017949205998350395,0.0016056670602125143,0.0017151008696257273,3517.477765108324,5247.64234620887,4513.328571428572,6453.55364806867,0.3100801405846215,-0.016705442641512032,0.16407677308329072,-0.09832143120135449,6.053988458606391,6.250650772440302,6.188699163340075,6.319504992433463,7.38487029836977e-05,5.873275772107184e-05,6.204925192248906e-05,5.722974196793173e-05,9.44196955467795,9.438163342401447,9.561933682563442,9.486651503279504,-0.2101952728995616,-0.2165869626829785,-0.20634008220192432,-0.22872787490190782,0.9440046310174622,0.9481456974891018,0.9429713137154154,0.9558826315350124,0.04773943569384922,0.04789266811944613,0.037081267229809124,0.06024382195319019,184.43101482326114,184.8698140200286,192.29740259740262,195.0071530758226,7.045931033099738,7.010543490623061,7.09166345343352,7.095997051768843,6679.294271832157,5075.194782654973,6285.099863383366,5298.112967431509,2549.193009235125,2580.709282215961,2699.6071087029813,2937.916653875045
107,1,1186,1836,92,81,41,45,62.252951096121414,63.12394603709949,1.3984421759836865,1309,0.7280989942720967,38.85951749643713,1,0.6459694989106753,0.7150814078505493,48.602389984026374,50.24937810560445,17.0,5.951153208874393,5.0,34.41009727566239,33.31557717486478,-88.45601164317272,144.36753236814712,0.906035141329259,0.5970890535760218,0.09256233948844352,0.158518635149785,0.08475678539462235,0.02076073233527918,0.013937683566168469,0.00550110340464133,0.008474471868437283,0.02683275265396591,0.018017320741128724,0.034911779528913243,0.012546076314451881,0.0028728894845110255,0.019697298282046433,0.007216547603803386,0.012633879502313426,0.010509311118420574,0.0048041287332389665,0.01771569626540116,0.007339889543035245,0.009530535817767352,0.0003846555653988179,0.008701924988797294,0.0033110057924058355,0.006148238452126957,0.003042782189738818,0.009008636851442427,0.005805772143293395,0.007177885126177926,0.0043931735857974386,1,21.298077926039696,385.0288536399603,0.20673077553510666,0.06730766594409943,0.9390090101860454,0.20192308723926544,1.0,0.17457440922983358,0.324644901888668,0.26923075318336487,0.16346155107021332,0.16346155107021332,0.009131958419091011,0.1795074450075405,0.3365384638309479,61.52488576534977,63.716954296181065,0.0,62.252951096121414,63.12394603709949,0,63.0,64.0,0.0,1,1,0.1074844538426271,0.2572484581813691,0.3068201672864958,0.328446920689508,2.0897797091369705,1.6057719547531755,1.0396820525765251,0.6658770050218056,0.2222097514564234,0.38900519619729446,0.2070041860773249,0.04242373604679557,0.0019122718234696572,0.0019003374248129491,0.0016714674023286945,0.0017065649789327502,3374.002224694105,5165.974825174825,4347.435668789809,6201.7801120448175,0.3163157978939533,-0.02213730067228991,0.1738329574092638,-0.08303430068538686,6.073194561134575,6.36753902268506,6.22042163449051,6.4111904610297925,7.023684414013149e-05,5.434271956872893e-05,6.0790188583651955e-05,5.4882625346400795e-05,9.427285722822091,9.359658166143772,9.506873100897591,9.474767853232583,-0.1850066589600446,-0.20258040904098204,-0.18894809151146238,-0.20292506503929875,0.9239427271354772,0.9374090999956552,0.9286779609114415,0.9393181916026591,0.058152562366311715,0.05176256902066515,0.04046711523995227,0.04929806962242541,180.9143492769744,181.94685314685316,188.94904458598728,191.49159663865547,7.061517023098221,6.955782648133456,7.185813153331775,7.148123394809206,6496.0582924297305,4942.206965621779,6176.914600998003,5250.821357954941,2467.515129280958,2527.0454476991545,2631.0875674469553,2863.150367499942
108,1,1178,1836,92,81,41,45,62.084040747028865,63.12988115449915,1.3804902074967302,1307,0.7354668636692777,38.728234967501706,1,0.6416122004357299,0.7243803647208187,48.88544840319898,50.24937810560445,16.97056274847714,5.8908247947264565,5.0,34.41009727566239,33.12285828851837,-88.8342503067373,142.95331880577402,0.901300688599847,0.5913771587249417,0.09933476189665291,0.15213321434674362,0.08549291712846271,0.022507728226225494,0.015743936960417836,0.007291022612166165,0.012447414723269611,0.02622132424394613,0.014822454905022067,0.0360137519807244,0.011839858841389536,0.0005203789699644437,0.01989506125426563,0.013082742057782962,0.011924985197167963,0.010487527451912358,0.004177171830151356,0.016415672770881178,0.007731903712567989,0.008225354458490177,0.0015031620528535977,0.009065038878260906,0.0048052205266660465,0.004803347843858944,0.0038254767003784956,0.007481796113015553,0.008069908285406059,0.0070690175701112025,0.0044778582255759316,1,21.25961634516716,384.5673135370016,0.21153846383094788,0.06730766594409943,0.9524366395910757,0.20192308723926544,1.0,0.17569930863774513,0.32645782133871104,0.26923075318336487,0.16346155107021332,0.16346155107021332,0.008741258183294884,0.18012069829263921,0.3461538553237915,61.34999375244779,63.73676710933913,0.0,62.084040747028865,63.12988115449915,0,62.0,66.0,0.0,1,1,0.1099887488712693,0.2513064127341216,0.30528815937881476,0.33341667901579436,2.124045019186142,1.5916072806494346,1.045434452756522,0.6691053626586126,0.21695483822206693,0.3809826700814973,0.2216266346744878,0.05001279174608741,0.0018166898118924385,0.0018972038686201288,0.001739190928380118,0.0018310546875,3401.7168539325844,5086.2584745762715,4349.655083655084,6241.632102272727,0.31698030816932865,-0.014450393439644167,0.18004123505513572,-0.07955024283762949,5.9407583335996215,6.170292018475244,6.072078833267032,6.228193933257936,7.557964674106016e-05,6.265362335889873e-05,6.706162083995625e-05,6.224892356178974e-05,9.440124708139596,9.345518289638859,9.47098037059682,9.416082050660153,-0.18241160885911045,-0.20176511734354796,-0.19054313231904932,-0.2092477625190859,0.9217659361396705,0.93658752055339,0.9294841538956591,0.943002955153629,0.045097100296592474,0.050953226382438856,0.041441278910650824,0.055802911961488184,182.04044943820224,182.2584745762712,190.2342342342342,192.77698863636363,6.915659161841505,6.898625529251127,7.0242114138938,6.942546539999755,6559.099487438463,4941.3555072776,6259.793268171656,5321.761345477156,2490.204085342759,2506.9034954634662,2652.3620879566843,2890.848361937473
109,1,1177,1820,92,81,40,46,62.10450297366185,63.16227697536109,1.404402716829597,1307,0.7470261004582418,38.71179334716084,1,0.6467032967032967,0.7120464721525706,49.379040966896014,51.03920062069938,16.64331697709324,5.85686782075537,5.0,34.0,32.82692517473436,-88.7913009683702,144.12489168102783,0.9005355776587605,0.5752794411336991,0.08703514615487946,0.16072460469442548,0.08263074204378941,0.029959653673445892,0.01749751074083117,0.00430069294388921,0.014247977235639878,0.027556431584591902,0.020104909558599338,0.029683197747634074,0.013204488720598465,0.0021103618193458232,0.022073944175018578,0.012373859567854839,0.01314321983310536,0.009143309454370864,0.010772007355228567,0.01392326046016865,0.008515712301999804,0.008818149121528625,0.0021563472617728645,0.004471567493300248,0.004637991971960476,0.006145420970518899,0.0038610654062739645,0.009854350191794366,0.006348355168691311,0.005823470457641483,0.005292584726958605,1,22.048544228076935,388.9417527914047,0.21359223127365112,0.06796115636825562,1.014343665070006,0.20388349890708923,1.0,0.17925645713883687,0.3304517865687381,0.27184465527534485,0.14563106000423431,0.14563106000423431,0.009205746297908955,0.18163681686452143,0.33980584144592285,61.28201991809157,63.75592223489529,0.0,62.10450297366185,63.16227697536109,0,63.0,67.0,0.0,1,1,0.1008961347544073,0.2553106510327019,0.3069818515009645,0.3368113627119263,2.0474957001023597,1.6155948186316653,1.059582519696877,0.6696401586350289,0.22503465447382132,0.38441762856701206,0.23715231940901396,0.04433691545473954,0.0017750284055043561,0.00192891270661157,0.0017379909594346056,0.0019230730096194354,3484.292134831461,5211.507102272728,4312.917205692109,6350.017118402283,0.31138089463087376,-0.013914484411402219,0.20001459111977038,-0.08047224950285854,6.009607595934813,6.179374953341462,6.118978687925513,6.232530290188935,7.25516988809415e-05,6.250113495125256e-05,6.293433001623932e-05,5.945584063910829e-05,9.457687666857678,9.372201802462298,9.452256918540558,9.337248332464215,-0.1778831929753066,-0.19934057519411724,-0.19372193874703042,-0.2186657022575264,0.9177297408456865,0.9351225390484212,0.9318449562013159,0.9481418409476262,0.05371046555903053,0.05562020261011562,0.045088761207864626,0.06143800138809319,184.14831460674156,184.71164772727275,192.34023285899096,195.22967189728962,6.938399602165826,6.907198545827249,6.9766463414964015,6.968296561578514,6635.357778058336,5068.466568875898,6469.572469286002,5404.134126711164,2529.912478222448,2569.99341778716,2695.6224187445296,2938.5378112783637
110,1,1200,1820,92,81,40,46,62.11666666666667,63.149166666666666,1.4320813443776719,1330,0.7586427498868848,39.08820095223359,1,0.6593406593406593,0.6982843564899325,50.38987892972884,51.15662224971465,17.0,5.8606351504753125,5.0,34.0,32.82935138802441,-88.90775636434056,146.95331880577405,0.9022556390977443,0.5838316597944957,0.08802543519682886,0.1538367793423609,0.08897062389508849,0.027869611840483133,0.018098588058407448,0.007404213302742495,0.012333213327785773,0.029436406109863457,0.01706206461550115,0.03167493147862659,0.013650057155205524,0.0015155061980293358,0.020676696472788084,0.012315453279314567,0.013253579443307038,0.009840037893182057,0.009457593213700682,0.014584478481546943,0.007961901844580595,0.007778140030599799,0.0019685152219901113,0.006988918047032045,0.00401283860936354,0.006073669238521707,0.003963047007605598,0.008721504283603061,0.006719280097546484,0.005007320138318483,0.004185706911055373,1,21.78846263885498,389.2115457355976,0.21153846383094788,0.06730766594409943,1.0753781710291923,0.20192308723926544,1.0,0.17430770111083985,0.3243429547796647,0.26923075318336487,0.1538461595773697,0.1538461595773697,0.009953738026604418,0.17982174891507022,0.3461538553237915,61.21952667805099,63.74210684202397,0.0,62.11666666666667,63.149166666666666,0,61.0,65.0,0.0,1,1,0.10403181939998817,0.2546568512178763,0.30255941371847855,0.338751915663657,2.080636387999754,1.6341616120933216,1.0554398152970172,0.667491459435777,0.23306257996075133,0.38188699565393913,0.22113906023133675,0.0411166867070503,0.0017975314871237563,0.0018369658832566476,0.0016532114069992855,0.0017536125589088976,3348.117841409692,5218.179665738162,4215.409090909091,6094.258379888268,0.3228049131150064,-0.02579283913826417,0.2027157204676469,-0.05809839570661079,5.996478102873388,6.2493185795681025,6.13074331011941,6.299441753318819,7.868482157422884e-05,5.95134329872979e-05,6.373008165222298e-05,5.860592236192493e-05,9.490582473651898,9.429804345210314,9.524368414476736,9.444445483522689,-0.1972664016850634,-0.215159485893244,-0.2083573468962284,-0.22981900252883272,0.9352535434158564,0.9471262505792163,0.9438613514093198,0.955983894434083,0.04783554870864714,0.04814102753899728,0.040667313350140656,0.06444112073151989,181.0297356828194,181.94846796657382,188.7247474747475,191.3840782122905,7.048221605580396,6.945022911763758,7.10000495614678,7.08465392322338,6540.075106978591,4955.764753920288,6359.010094633202,5425.007511859811,2472.0482370970694,2543.4861049146075,2643.6047963855744,2879.81647293702
111,1,1200,1820,92,81,40,46,62.08583333333333,63.156666666666666,1.443521247041026,1335,0.7699541549923308,39.08820095223359,1,0.6593406593406593,0.6927504545221143,51.02683038617134,51.35172830587107,16.97056274847714,5.792396025365062,5.0,34.0,32.56018005455967,-88.95987826609054,147.53910524340097,0.898876404494382,0.579403660857867,0.0875564332403625,0.15042376625158912,0.09233710128851431,0.028816114959208137,0.017551256658222773,0.0084503556876859,0.013594506399748569,0.03018876829398118,0.01395156263263326,0.03312338178569142,0.012852130468402147,0.0019951291476574826,0.02110039576551808,0.011829026414751581,0.013444860274724326,0.009184461201926326,0.010217299430180979,0.014784003287652317,0.007486057798879002,0.006004532521013466,0.004108400218056322,0.007020967742362444,0.0031628800049813693,0.005761457011125857,0.004855485738977137,0.008451526565067115,0.0049715426076134455,0.005239365503579575,0.0039710167869792855,1,22.500000536441803,397.0882358253002,0.21568627655506134,0.06862743198871613,1.1177309847498964,0.20588235557079315,1.0,0.1785714328289032,0.3309068631877502,0.2745097875595093,0.1568627506494522,0.1568627506494522,0.009694938571200643,0.1830967140045767,0.343137264251709,61.12937315607917,63.73503202143552,0.0,62.08583333333333,63.156666666666666,0,61.0,66.0,0.0,1,1,0.10680690486397705,0.24879638785289687,0.29780509903162805,0.346591608251498,2.1361380972795314,1.6225851381710643,1.0572962095797438,0.6729934140805783,0.2167994827248352,0.37133161859344427,0.22889035520695186,0.043459343624517706,0.0019437500304567543,0.0019613542024281387,0.0018015456506688132,0.0020495360434288597,3470.2317880794703,5324.713687150838,4350.377693282636,6329.25,0.32447087571466193,-0.020693639153616192,0.2107857015617671,-0.05482766484158584,6.129455437637955,6.356594025153413,6.2911505373426895,6.364725975188262,6.567051654787773e-05,5.564950519329723e-05,5.6833407425650586e-05,5.74810007367678e-05,9.354570941376286,9.287308926254076,9.399102698340958,9.277850910287745,-0.1721560347699799,-0.18333433388110848,-0.17526639030703942,-0.20619548893548081,0.910121169794159,0.9200926484374949,0.9141225894712757,0.9388893442029154,0.045821098867785334,0.053368327790644904,0.04790671849016273,0.059496444713692614,184.84326710816777,185.19692737430168,192.7148288973384,195.76123595505618,7.047487775072827,6.986976022310726,7.184593101416111,7.115778987025987,6803.882719568828,5108.806191676289,6674.201313690617,5671.288497348818,2568.5286269120734,2608.3799697067843,2756.1447517433135,3000.1346243372045
112,1,1193,1820,92,81,40,46,62.005029337803855,63.150880134115674,1.4290229198655284,1332,0.7755975401714489,38.97402695217738,1,0.6554945054945055,0.699778839162426,51.23412697864467,51.35172830587107,16.55294535724685,5.775239502075974,5.0,33.86820267440797,32.34040201861264,-89.18529559378344,146.36753236814712,0.8956456456456456,0.5760238061695294,0.08870565537595149,0.14777594791646528,0.09429643040333859,0.028516942845905703,0.01711006175972414,0.01054797722600448,0.01343470082219506,0.030778745395227868,0.01269724917943654,0.034531076238862694,0.012337521782195271,0.0029543569684881764,0.019307757975470907,0.012715434200544547,0.013664031098168997,0.009830715499378704,0.01050755614122776,0.015183853423915355,0.0072935864471133744,0.004861721242890611,0.004886046744776617,0.007381905761338357,0.0030596047764902476,0.005755119945610248,0.004750826708366992,0.007183575751690133,0.005696846723325306,0.005295100776040907,0.004102601819473164,1,22.203884109854698,393.94175247848034,0.21359223127365112,0.06796115636825562,1.157696712402489,0.21359223127365112,1.0,0.17906358153108629,0.3302110247095393,0.27184465527534485,0.16504855453968048,0.16504855453968048,0.009495177174911022,0.18245195081325258,0.34951457381248474,61.01471313352117,63.750492920372494,0.0,62.005029337803855,63.150880134115674,0,61.0,63.0,0.0,1,1,0.10577681333999363,0.25036967751079947,0.29929022048576803,0.3445632886634388,2.1388430222815566,1.6321913949201274,1.0532543747478493,0.6716732081298731,0.21387290812953055,0.3672462435940367,0.22718605665164718,0.04322659616868289,0.0019753749376702086,0.001919706533567014,0.001737816024303193,0.0018057441778582567,3492.06340378198,5364.308885754583,4267.832266325224,6263.792907801419,0.3165327073547027,-0.028255876215500828,0.2210204754906065,-0.04861312055009494,6.013227131831322,6.205830573111093,6.077323596251897,6.259168761202268,6.929919063561964e-05,5.9892934893647146e-05,6.506781173656752e-05,6.132972509674752e-05,9.35938332928486,9.30378936898226,9.459041884493061,9.41269201069113,-0.19457077038521456,-0.20325184222558912,-0.19196049449519345,-0.2056565614250368,0.9311220505312362,0.9370941761576577,0.930492307083819,0.9404272739886581,0.047772757996874034,0.061192446126825034,0.041119950271178825,0.06846792389572698,184.43937708565073,184.75176304654445,192.13444302176697,194.95886524822694,6.883934108619949,6.890113247681556,7.013283592460299,6.989493555501147,6726.606725307189,5069.492680248499,6689.663103050843,5683.021002967667,2554.6675322722967,2608.4503915007754,2739.3738423440172,2986.7034776922665
113,1,1206,1820,92,81,40,46,61.972636815920396,63.19734660033168,1.4202548372540487,1348,0.7791154156241378,39.1857996084118,1,0.6626373626373626,0.7040989924973052,51.66691188454626,51.478150704935004,16.55294535724685,5.794972245153145,5.0,33.89339407852454,32.388979879406214,-89.08439863795233,146.71067811865476,0.8946587537091988,0.5792214179749285,0.08775406490166253,0.14640184677698653,0.09641980192211681,0.02825540136248511,0.016812274167356013,0.011244694416288153,0.013236633530389352,0.03122065888750271,0.012141195960189925,0.034739067221581404,0.012965912011547018,0.001904981050786995,0.018444777998172002,0.013290169153137788,0.012847599189262189,0.010184878672999652,0.010112026052437367,0.015057989511890385,0.0080155254126406,0.004305158600634705,0.00553179887471449,0.007600241505366347,0.00314406610311679,0.004873798329863703,0.004294445378703222,0.006395430639522409,0.006129255699666002,0.004892787014073105,0.004618473936992606,1,22.87128782272339,404.71288128197193,0.21782179176807404,0.06930693984031677,1.196975725359754,0.20792078971862793,1.0,0.1815181573232015,0.3355828203001426,0.2772277295589447,0.16831684112548828,0.16831684112548828,0.010133983429721024,0.18732650570214665,0.35148516297340393,60.92553085220255,63.77727762023579,0.0,61.972636815920396,63.19734660033168,0,62.0,64.0,0.0,1,1,0.10683530647178299,0.252226245164561,0.29511204741612834,0.34582640094752765,2.1837860949994865,1.6531785416764138,1.0406582724673992,0.671604894593749,0.20269107337487197,0.3630101198612542,0.2195780958432016,0.048541053848088704,0.0017293109508630953,0.0018676457218242772,0.0016092893524518603,0.0018436109345200255,3685.302300109529,5726.029207232267,4420.210592686002,6573.33006993007,0.3147024234052369,-0.030779949997094637,0.23388577232183705,-0.045054623643443314,6.0679131055903825,6.309270439871181,6.222092338917756,6.275622022853465,6.813169060984867e-05,5.523280749894277e-05,5.983500332645188e-05,5.9553854587556256e-05,9.48513559506824,9.35432948979333,9.53984293051294,9.4296431522927,-0.18753108318640904,-0.21418020749801,-0.19577726753281022,-0.21077616241327823,0.9271114002079719,0.9454868532968089,0.9348037825921468,0.9442317062346455,0.04688015200620303,0.047917446601525436,0.040222053437767455,0.057696868982574,187.2212486308872,188.09874826147427,195.078184110971,198.26153846153846,6.978122708873643,6.923340562488846,7.099845222488048,7.003274522742402,7070.032100521959,5384.061180630648,7119.088464798377,6006.548380849927,2688.8336001578755,2777.5225969657276,2884.8247643710965,3144.9696126949966
114,1,1201,1820,92,81,40,46,61.94837635303914,63.163197335553704,1.4537951648523306,1338,0.7853966919772701,39.1044843109704,1,0.6598901098901099,0.6878548121334377,51.92639686810478,51.478150704935004,16.64331697709324,5.761450621332979,5.0,33.6289560272164,32.14206368482985,-89.54064707878881,148.12489168102783,0.8976083707025411,0.5751360808648935,0.09079251565440777,0.14311603895047836,0.09610446982444193,0.03086090134201453,0.02010875458235988,0.012240150329520881,0.014321227661367468,0.03152312666923823,0.011828627338196316,0.03183084099900975,0.013374105600783273,0.0028276483534492576,0.019187364276577006,0.015893951628859898,0.014017254869043433,0.009110842069186406,0.010567216004637978,0.012746470938877624,0.008108496698546123,0.003063188425492853,0.005448436489938472,0.007299669458677652,0.004110131883369102,0.0058296393557648206,0.0057702965931862565,0.006867465417909651,0.007141236710273845,0.0037098313385937457,0.004790620802479717,1,23.316832304000854,402.7425844222307,0.21782179176807404,0.05940595269203186,1.2580630022032429,0.20792078971862793,1.0,0.18359710475591223,0.3353393708761288,0.2772277295589447,0.16831684112548828,0.16831684112548828,0.01123443408992724,0.1851090105467803,0.3564356565475464,60.83882780327755,63.75617670554443,0.0,61.94837635303914,63.163197335553704,0,62.0,67.0,0.0,1,1,0.0990731855962339,0.25321434653274344,0.2961870368179314,0.3515254310530912,2.124765998233506,1.6618056294307346,1.0586923548164742,0.6744122087775757,0.2170422718983907,0.37240120497650786,0.22580876562719165,0.04714127502460219,0.001921248229152516,0.0019798610851566477,0.0017299864862464868,0.0017256375881770881,3574.799559471366,5787.608695652173,4369.856416772554,6323.241525423729,0.3204130557540892,-0.05638872926893308,0.2282469787306956,-0.0248230486049381,5.943781138247637,6.178973175634085,6.0153392104352035,6.202142363284856,7.607896188842084e-05,6.333969206046384e-05,6.602983896053632e-05,6.45238953114028e-05,9.405882222361571,9.349071886029048,9.485528752785635,9.47162593443426,-0.20001913645439512,-0.2122848435206049,-0.20547733537974622,-0.2070389977418002,0.9361434653673798,0.9441544540444526,0.9413166950482218,0.9422293809778078,0.031546212607485045,0.054625426771062205,0.03949142471165638,0.05185078733651865,187.20925110132163,188.43338008415148,194.88818297331642,197.70197740112997,6.864530304598152,6.903289977967447,7.047254502378333,7.000009647562184,6945.707315298168,5169.737847901815,6954.638068744156,6016.921069536205,2630.126718692385,2739.3366358884996,2831.12362137918,3085.040648739983
115,1,1218,1855,92,81,39,46,61.82183908045977,63.13464696223317,1.4610073580731524,1365,0.7935846391872131,39.38027127239512,1,0.6566037735849056,0.6844592496227047,52.84696282582944,52.3450093132096,16.64331697709324,5.758585418314578,5.0,33.92805929532619,32.155256436870715,-88.98912229050377,149.53910524340094,0.8923076923076924,0.5659875056523461,0.09253734914250239,0.14049118744453726,0.09309070532371833,0.03809835808178515,0.024600081755527484,0.00932245263852779,0.01716176531010998,0.031941145014080935,0.012139083782150202,0.026503524072673455,0.013169883095600294,0.0057397873196536634,0.021660729055607043,0.018980067308984765,0.014671464298975343,0.007197679132382576,0.011665673377928372,0.009613412432777052,0.00760242038396394,0.0019445197063986627,0.005553222863528364,0.006129778535391921,0.006492476278998599,0.005289462147537104,0.006884207674253603,0.006349416634198432,0.008616929203975112,0.002307893272775708,0.004175207976911064,1,22.931373089551926,402.11764696240425,0.21568627655506134,0.05882355570793152,1.2796314542682348,0.20588235557079315,1.0,0.17915135226212442,0.3301458513648639,0.2647058665752411,0.1568627506494522,0.1568627506494522,0.009934398002238963,0.1842789032657816,0.343137264251709,60.691705704029815,63.7348595997473,0.0,61.82183908045977,63.13464696223317,0,60.0,64.0,0.0,1,1,0.10381314756016188,0.24551394865607046,0.2927881772931421,0.3578847264906256,2.1800760987633896,1.6340764451535157,1.0709189187478882,0.6768689392322698,0.22412104365183508,0.3879285421922761,0.24641760543891264,0.054025471193828854,0.0017633146583694464,0.0018751774464591284,0.0016721465035299124,0.001781178781623837,3486.526997840173,5530.372576177286,4281.978723404256,6263.498614958449,0.32886948027041946,-0.03582754567228949,0.23545234986571503,-0.026270675674546842,6.205509321998698,6.349831973242802,6.327488412192828,6.391377611749647,5.927864697069511e-05,5.4026259970272944e-05,5.403665572846994e-05,5.850738254453187e-05,9.49195892916684,9.368554090327562,9.493548373401703,9.455204388048008,-0.1906573159354354,-0.21234340538090737,-0.20627919788342258,-0.21805269904624788,0.9299031486324929,0.9444591104359598,0.9419961764591648,0.9492824650887626,0.04887035915277157,0.053286482520983725,0.03865494048269386,0.05710403241335353,184.03455723542118,184.9127423822715,191.9887359198999,194.9196675900277,7.045868439732439,7.037908982123126,7.136695109560355,7.118062627041599,6903.484766920592,5147.799865332527,6919.360323683693,5942.830111800875,2597.5029411901887,2669.54311037745,2800.3347617719883,3051.582181689826
116,1,1224,1855,92,81,39,46,61.82434640522876,63.13725490196079,1.4699984052961805,1377,0.8012721758500596,39.477147854877245,1,0.6598382749326146,0.680272846825651,53.469919708870336,52.46903848937962,16.55294535724685,5.735857649972566,5.0,33.92809137890583,31.991053417983146,-89.20936387155994,150.36753236814712,0.8888888888888888,0.5660897939541734,0.08541022210847647,0.141148490464931,0.09851200628151455,0.03482231194052338,0.022336226810669536,0.012012078154821883,0.016413217090846463,0.03324027875421188,0.011519475588125366,0.029969526878761896,0.012388507795003988,0.00533450011663466,0.01932728664401002,0.0168503800295719,0.014889899185354842,0.007466544658381818,0.013270931434743859,0.011520950634829387,0.006426304996744568,0.002612039558548907,0.006673902848663774,0.007058981383907458,0.005345973070721174,0.005713860154447792,0.005845597898731661,0.005322117107846951,0.006494776839853726,0.002821479866989657,0.003003744883350818,1,22.676471143960953,402.89215713739395,0.21568627655506134,0.05882351100444794,1.3452205041480056,0.19607843458652496,1.0,0.17715993081219494,0.32916025909917807,0.2647058665752411,0.1568627506494522,0.1568627506494522,0.009427802624808454,0.18394667830522832,0.343137264251709,60.61610904109484,63.7286774891951,0.0,61.82434640522876,63.13725490196079,0,61.0,63.0,0.0,1,1,0.10500061022718933,0.24849738614231415,0.29147097972250235,0.3550310239079942,2.178317744374223,1.6712131903197367,1.0586364367369216,0.6726903610888307,0.21078848122405683,0.36699646260836477,0.22288955073208816,0.041545942626089356,0.0017911387113555292,0.0019392341503617107,0.001651337825221594,0.00172461355529132,3487.524784482758,5657.788674033149,4197.318352059925,6118.026206896551,0.3257599566531393,-0.05175399003233808,0.248445442902963,-0.006574634501360106,6.252408531896545,6.399188750682065,6.340397397553121,6.407861009720687,6.127102338176277e-05,5.467239817232188e-05,5.354492422660025e-05,5.7221888702066e-05,9.453607318825897,9.357200844876512,9.51384431970698,9.475846117570986,-0.19431907757989506,-0.2092231645759584,-0.196359837539341,-0.2031108179920522,0.9323525552728801,0.9421719035796284,0.934882708172305,0.9394698309559371,0.03942922652694802,0.04524786612453717,0.04279094802999596,0.05499865359766398,183.9342672413793,185.29696132596683,191.59300873907614,193.83586206896553,7.049070216275599,6.967667016403442,7.1633290459007934,7.144482027503537,6857.52908437686,5100.979493528888,6972.378677714041,6038.104093222355,2586.2634672149034,2689.692041890512,2792.4242574434866,3039.032575029727
117,1,1223,1855,92,81,39,46,61.835650040883074,63.168438266557644,1.4874557323930826,1374,0.8079693527156185,39.46101827387509,1,0.6592991913746631,0.6722889147034696,53.884308129230526,52.46903848937962,16.278820596099706,5.698681406394076,5.0,33.44967059217379,31.749955140443316,-89.40275632969691,151.19595949289334,0.8901018922852983,0.5656273022924461,0.08474450122436816,0.1384002517819683,0.10160284145575278,0.03463064527672798,0.021145686579126667,0.013268799781143318,0.016189243598533982,0.03401779043712791,0.008824750003100618,0.030721256248551775,0.011826734212534376,0.00524296788049029,0.01926558643621603,0.016285651680720676,0.014817741967169786,0.008349924558778343,0.011969820190415119,0.01235974880196775,0.0060419993074475485,0.0008755360526411627,0.007851023490938877,0.007688281632267129,0.004978234136190217,0.0053020390590858635,0.006176877249035021,0.005134426542225315,0.006185874014678098,0.002268324464504874,0.0031538030903727685,1,23.17821854352951,408.24753408133984,0.21782179176807404,0.05940595269203186,1.4140843106687888,0.20792078971862793,1.0,0.1810798323713243,0.33380828624802933,0.2673267424106598,0.15841585397720337,0.15841585397720337,0.01072901307277806,0.1874068404387298,0.3490099161863327,60.54674651926262,63.750127315478125,0.0,61.835650040883074,63.168438266557644,0,60.0,63.0,0.0,1,1,0.0983678113588314,0.24909659713708826,0.2865423338389191,0.3659932576651613,2.148282737354468,1.6738743862563652,1.0782808439538392,0.6781965971583213,0.22814390789193242,0.3851339451768427,0.24818836497223018,0.05728058226354361,0.001895110977557989,0.0018137905633013871,0.001727754185848706,0.001813054376241966,3673.1256771397616,6005.313019390582,4348.494367959949,6303.631067961165,0.318923783438256,-0.06340359699591523,0.25211989221064923,0.005429455296505915,6.087163580144629,6.35616262048429,6.152436622507311,6.274026648826528,6.79393486344207e-05,5.212290690361446e-05,6.041244852954638e-05,6.274733444449537e-05,9.42682888883765,9.411391745304599,9.465300093829795,9.407587729006657,-0.180326820376661,-0.1863250124147581,-0.19117239149900828,-0.19843287057863612,0.9195785390947726,0.9248740493575053,0.9299279012403682,0.9349413951616953,0.04987257882198442,0.04245650699068517,0.04380080698178125,0.0600866117195532,186.88732394366195,188.0443213296399,194.17146433041302,196.57420249653256,7.008429416762885,6.969456873624106,7.066240268278665,7.110083148809042,7113.114064669717,5289.200251686219,7280.359836529082,6372.455312297425,2696.5599354523692,2823.6283177691985,2907.213551122257,3169.021595064647
118,1,1223,1855,92,81,39,46,61.84709730171709,63.04251839738348,1.5105967539513911,1380,0.8151917358687358,39.46101827387509,1,0.6592991913746631,0.6619900363112912,54.47382496492327,52.952809179494906,16.401219466856727,5.659767335080745,5.0,33.46991625501395,31.550759467556887,-89.44687218292886,152.36753236814712,0.886231884057971,0.5553395018584536,0.07784064311447106,0.1410918330632667,0.10276240058717372,0.0347458049326578,0.018492693225437198,0.01261912058411316,0.019574390335749047,0.03395738990005846,0.008999093285615501,0.03152558666739636,0.011946514151486157,0.006644837358326673,0.018626683828427176,0.012154288501049978,0.01426594873506649,0.007418249641088677,0.015821612484798953,0.013864024887766155,0.006002397518638447,0.0020268885041386307,0.007589238717784639,0.006683761346126296,0.003136816159039103,0.005008573957767822,0.005663114156851563,0.003073904316754299,0.004008208070007341,0.003075682716639764,0.0026848761393851385,1,23.7029709815979,408.53466372191906,0.21782179176807404,0.05940595269203186,1.5039176210334284,0.20792078971862793,1.0,0.18233054601229154,0.3340430610972355,0.2673267424106598,0.15841585397720337,0.15841585397720337,0.010969362694248955,0.18657027715363717,0.3564356565475464,60.488270054219704,63.687000144459006,0.0,61.84709730171709,63.04251839738348,0,60.0,63.0,0.0,1,1,0.09660220036044213,0.24540739623256988,0.29382967477532984,0.36416072863165816,2.1480816552876387,1.6861418291709693,1.0856607016623205,0.6758248423619388,0.2115006009961553,0.36961839011261255,0.24984330671868474,0.044996616212300354,0.0018728565806487888,0.002022023423959664,0.0018366199301066252,0.0019982164998907075,3616.7283549783547,5801.171548117154,4241.61576971214,6220.102920723227,0.3232819785997089,-0.05067188481188306,0.26377753847416163,0.009245221844720385,5.995185280316605,6.244171588065966,6.067275819763774,6.1336766541360985,7.393139372549126e-05,5.972974648290166e-05,6.489141237828722e-05,6.845612124988334e-05,9.384759738292376,9.255453700332302,9.399889940940152,9.320393341787408,-0.1804628783457787,-0.2056092061449494,-0.19187411317762648,-0.20552453101081972,0.9190060274698212,0.9381341591408913,0.9295078469191103,0.9390160000438423,0.04078929167516059,0.05356848065161138,0.05071278344477676,0.055601193144215834,186.78246753246754,187.534170153417,193.8160200250313,196.57579972183586,6.9620779847159096,6.89286840326239,7.031391834253789,7.031478940206423,7072.2979177208035,5241.6128491370255,7281.031232720503,6336.188621578811,2672.256568174791,2760.6960993135453,2880.6617506081584,3139.072885575508
119,1,1243,1925,93,81,38,46,61.78439259855189,63.10699919549477,1.5140094359505656,1404,0.819300816276102,39.7823673768393,1,0.6457142857142857,0.6604978649767487,55.13804006403436,54.08326913195984,16.492422502470642,5.685168744703767,5.0,33.46991625501395,31.61416220040522,-89.65980220021304,153.78174593052023,0.8853276353276354,0.5410723945660879,0.08020181732303476,0.14366405728921988,0.09832006719367448,0.0367904388924325,0.019390081895688478,0.009291756560583155,0.024778595289608827,0.03172139457389496,0.007283901859999058,0.030063014434743157,0.010950283160616425,0.008443694243297115,0.019340308614673413,0.015642230261623688,0.013261796017986972,0.006190800433812584,0.016697649445687877,0.012355501487275681,0.005974421366333932,0.001529049739164424,0.008437984099449456,0.005718107229674418,0.004562133341552807,0.005035944865190054,0.005768892568506572,0.0026821058607844803,0.0037353473978823863,0.0029165697448883484,0.0029947698844775086,1,23.35294173657894,407.5784326046705,0.20588235557079315,0.05882351100444794,1.526135693985238,0.20588235557079315,1.0,0.17826673081357972,0.32789898037382986,0.2647058665752411,0.1568627506494522,0.1568627506494522,0.011220873340458633,0.18494179164277522,0.343137264251709,60.38320547525748,63.711784117570176,0.0,61.78439259855189,63.10699919549477,0,61.0,67.0,0.0,1,1,0.09929521776187349,0.2456161474800756,0.28876914985114327,0.36631948490690763,2.2039992085358597,1.7055914598756061,1.0746708181585953,0.6755713942719378,0.20943183267700335,0.36640356523194967,0.22989124558448928,0.04517641392826023,0.001915661417668167,0.0018904661850633682,0.0017300357505420077,0.0018509591672265762,3531.7730646871687,5755.490463215259,4171.654366543666,6039.336971350614,0.32571002958753825,-0.05633358547465491,0.2648526975789736,0.021521878750275118,6.2029864829280115,6.412199013378366,6.257600311795889,6.3809957566756434,6.162754283104166e-05,5.209834941948444e-05,5.93298546560405e-05,5.697160044854524e-05,9.426585088251574,9.337103845968832,9.480091452724936,9.402400494235076,-0.18749648361040724,-0.20283200013125036,-0.1948810603672717,-0.20792913626507506,0.9261570271752341,0.937268248313936,0.9332048581742213,0.9418968536420684,0.05004572621015086,0.04108435156359829,0.04464668818103206,0.05139570780460269,183.46553552492048,184.47683923705722,190.79827798277984,193.20327421555254,7.041372570212056,6.920805962685339,7.095827643380389,7.097165907225267,6943.758886431133,5141.617310990499,7177.511583750522,6305.010521339529,2618.8829877795706,2724.276943551442,2837.291487573548,3086.0868731725404
120,1,1253,1925,93,81,38,46,61.924181963288106,63.15003990422985,1.5133904484077771,1416,0.8287359698914364,39.94207242436425,1,0.6509090909090909,0.6607680133385868,56.1113873263295,54.3323108288245,16.278820596099706,5.667833136726553,5.0,33.48655608154185,31.40216490244992,-89.94561261808312,154.36753236814712,0.8848870056497176,0.5402514323678933,0.06780220247276127,0.1450233921264068,0.10491549516004764,0.032777728962541074,0.01539837321858101,0.014713695057429501,0.025553469524205407,0.03471867596198521,0.009374128627540543,0.031037547066840043,0.012649659256780986,0.00562212660413495,0.014552256116997137,0.007605840489261455,0.01476362878968269,0.006177561154227574,0.02055649200010267,0.014081971218195362,0.007337378970180722,0.000696053254258891,0.008940170826529977,0.0055337987262653035,0.003635243529335421,0.006059821053669494,0.005233336220964969,0.0005942691729219549,0.001963435010497144,0.0034754990059817164,0.0037981710588604364,1,23.500000566244125,410.5000014305115,0.21568627655506134,0.05882351100444794,1.6329848123270672,0.20588235557079315,1.0,0.17803030732003125,0.327613728196737,0.2549019455909729,0.1568627506494522,0.1568627506494522,0.011114793656512927,0.18578950159989344,0.3333333432674408,60.395787085380555,63.72506033384677,0.0,61.924181963288106,63.15003990422985,0,60.0,63.0,0.0,1,1,0.09111318210929431,0.24995820774245103,0.2890305917407165,0.36989801840753816,2.1141632811656517,1.7303736701728765,1.0908293115997514,0.675630054030095,0.2130490114144309,0.38737534235519294,0.243315267190393,0.04147562855968834,0.0019310725226234899,0.0019061709767615605,0.0016662761918492892,0.0018085207952350526,3552.704402515724,5951.140730717186,4221.0441176470595,6039.20325203252,0.32704087216587663,-0.06918651270722675,0.264996528094669,0.03221747994133039,6.189627050417371,6.3954647772534665,6.322806174587158,6.338769136962858,6.378333304061654e-05,5.564611342248044e-05,5.6289150732290476e-05,5.848490865564249e-05,9.41561061421972,9.363448911599736,9.523264133282629,9.407742932248329,-0.19592056136047487,-0.2009989433702014,-0.19387180862589412,-0.21118152062618242,0.9330732112521489,0.9362689461492046,0.9330337269400322,0.9442090893923389,0.048631954479401496,0.04211825508618828,0.04446886541081982,0.05329074034815527,183.18238993710696,184.89715832205684,190.90441176470586,192.87533875338755,6.973869462176656,6.9810597303931505,7.169550507278817,7.155260140294429,7005.750800996786,5180.95018137007,7264.735960928498,6441.293402663017,2639.613800878129,2783.0227280218114,2871.4450196438884,3120.124163673885
121,1,1261,1925,93,81,38,46,61.954797779540044,63.208564631245046,1.5247294981411,1424,0.8337157564458197,40.06937815727916,1,0.655064935064935,0.655854039171648,56.66165019814349,54.589376255824725,16.278820596099706,5.665368640235491,5.0,33.51575573298238,31.288214230330198,-89.90679276330432,155.4386001800126,0.8855337078651685,0.5387768677553826,0.06210695108617542,0.14573290728935998,0.10716588834431603,0.03039037307236009,0.015994148537328907,0.016550380863279018,0.02716297398923195,0.03493736227124203,0.00890286207360827,0.031117004653668734,0.01379976985853254,0.005187140748744357,0.01258719457530113,0.003119819357947815,0.013860856581979076,0.006881557124197893,0.021856595886790158,0.014132146922616327,0.007889745964512468,0.0011914671027833384,0.008593565918424837,0.00412508019432286,0.0041715518885679604,0.004725304393855013,0.004890253915861755,0.0008922955015445953,0.0019049497255721475,0.003486565120527517,0.004120737032015516,1,23.401961341500282,413.34313766658306,0.21568627655506134,0.05882351100444794,1.6820979585487101,0.20588235557079315,1.0,0.1786409262709945,0.3277899584984798,0.2549019455909729,0.1568627506494522,0.1568627506494522,0.011700296746034872,0.18653924912118264,0.343137264251709,60.368373634020045,63.767771187595095,0.0,61.954797779540044,63.208564631245046,0,59.0,64.0,0.0,1,1,0.10241692616567855,0.2443253266334839,0.28282061410317955,0.370437133097658,2.3062097124092857,1.7116346493601264,1.0614190309050866,0.6779698473674116,0.20747430650532095,0.3580400360112597,0.23681341632283412,0.056187210736043436,0.0018934461805555556,0.0019044107497039396,0.001726635062133763,0.0018431334899619422,3583.922916666667,6086.831536388141,4165.955042527339,5921.617765814267,0.32422715521434287,-0.08131998288110585,0.2783271303426102,0.05198175710537879,6.284643203243184,6.425946718939796,6.248002541133905,6.353068425633482,5.748324924045141e-05,5.056859431163999e-05,5.98120498503474e-05,6.119643728516115e-05,9.50119727925666,9.36588392423601,9.510203523551827,9.430377885239853,-0.16594313000018332,-0.19376051089238525,-0.18513590231584515,-0.19208679184839467,0.9059860345349653,0.9305548554368203,0.9253850686369157,0.9301576989690793,0.04162244921585519,0.04367038220880635,0.056422534126818434,0.0571366209702635,183.41458333333335,185.5619946091644,190.7496962332928,192.50874831763122,7.044032087854867,6.995809370264242,7.178042400510089,7.141052203725452,7022.963537326374,5171.318932948772,7379.317663941751,6571.006316468287,2651.7216134982627,2814.5376173342283,2886.318176617271,3123.1560205706373
122,1,1267,1870,93,80,38,46,62.01815311760063,63.081294396211526,1.517508995387472,1426,0.8384627308751426,40.16459265546523,1,0.6775401069518716,0.6589746769472465,57.13818595382951,54.74486277268398,16.278820596099706,5.6514034539282525,5.0,33.0,31.137965389713838,-89.89821732116745,155.4386001800126,0.8884992987377279,0.5382697708306476,0.0649355095645269,0.14235220604825824,0.10814812632441125,0.03203461217202133,0.01473366305927837,0.014505854738349807,0.0285989257556365,0.035176338839028154,0.00708772410917438,0.03113605686714787,0.011119935704473262,0.006832217531683253,0.013538941693014984,0.007600912184334211,0.014364666504502748,0.006226650343756532,0.020294592690930743,0.013886160005706596,0.00582044972125128,0.0004000954256584758,0.008687089042869689,0.0051560360628978745,0.004697871828462228,0.005050885449683978,0.004634650014208622,0.0021600232731966234,0.0010920528980946725,0.0021627439524578417,0.003105170744465858,1,23.41176526248455,413.6274501532316,0.21568627655506134,0.05882351100444794,1.7913141071119425,0.21568627655506134,1.0,0.1787157653624775,0.3264620758904748,0.2549019455909729,0.1568627506494522,0.1568627506494522,0.010873066631462062,0.18528768502882717,0.343137264251709,60.329414601099224,63.67876276627213,0.0,62.01815311760063,63.081294396211526,0,59.0,65.0,0.0,1,1,0.09478549471307358,0.2462194852819142,0.28378762492214876,0.37520739508286344,2.1835131236629746,1.7331115991788046,1.0862807274210338,0.678156589971452,0.22573061446914824,0.3687833720369256,0.24104180923660087,0.04525378229100834,0.002075215719558145,0.0019485608756362326,0.001821095464587698,0.0019910837948595456,3541.549689440994,5959.840268456375,4098.575574365175,5769.267022696929,0.32491873536062904,-0.08005226434875856,0.2831154093637798,0.06664485718898289,6.148485728772878,6.359737598761979,6.248102988629737,6.266380235750409,6.637781564239395e-05,5.3903354534635254e-05,5.845934359454481e-05,6.55329007027589e-05,9.373587811828461,9.333331946906151,9.430459037254149,9.337312047148748,-0.18669689675279424,-0.1957559342129173,-0.19853733183336097,-0.20696738309576523,0.9245977380806812,0.9316887357632231,0.9353609165433817,0.9403004002197114,0.04245384817658121,0.0428286444065877,0.046983517075391945,0.061018415403320446,182.43167701863354,184.21879194630873,189.65175332527207,191.12550066755676,7.053565190622523,6.958737791308012,7.132620475561753,7.142118188991381,6950.667692218667,5076.366895184903,7335.832775039511,6593.159149448926,2623.054345414912,2759.05179091032,2858.6020873511698,3090.6065430364633
123,1,1261,1904,93,80,37,46,61.9056304520222,63.04916732751784,1.5526003402654167,1433,0.8429084030821675,40.06937815727916,1,0.6622899159663865,0.644080755404865,57.588861398504385,55.226805085936306,16.278820596099706,5.595877337729763,5.0,33.0,30.986094747776537,-89.96478219106201,156.8528137423857,0.8799720865317515,0.5244337426929846,0.054490424556227636,0.1469175083437999,0.10520927795203379,0.03518239630551916,0.01729685222458592,0.012758025817295071,0.03338983061895641,0.03393794704880503,0.008531987466293165,0.02731763609361454,0.013332934119856796,0.008861523768751831,0.013460824578883899,0.0056143791060852604,0.013207386987310334,0.004797203463428643,0.024499983840916426,0.01176898880061452,0.007138839459927999,0.0004442481888537956,0.0086188812297909,0.0038093343494009038,0.0037204062477230147,0.0046042714982985405,0.006622696814894006,0.0025096770225151097,0.0047662392211628,0.0019787870114271956,0.0037258806824843616,1,23.55339878797531,408.89320719242096,0.21359223127365112,0.048543691635131836,1.8095133350872123,0.20388349890708923,1.0,0.17843483930284326,0.32426106835243534,0.25242719054222107,0.1553398072719574,0.1553398072719574,0.0110522508209,0.18373544675325412,0.33980584144592285,60.20785452415147,63.67518282940348,0.0,61.9056304520222,63.04916732751784,0,59.0,64.0,0.0,1,1,0.09865609179185454,0.2404074449780318,0.2794424922733277,0.381493970956786,2.2215237812415705,1.7127332661994215,1.0909504110113497,0.6823601381227049,0.22358274029297834,0.37229173341877503,0.255981478674044,0.05932446868140373,0.0020186383376880166,0.002073019631090876,0.0018367043426531827,0.0020252021104354362,3521.757352941176,5882.050203527815,4018.9585365853654,5640.018893387314,0.3203895501574729,-0.08375344853509765,0.284006877363567,0.07101772832673459,5.998170909232687,6.233805395859987,6.116785735637559,6.0913284961660965,7.188257023857339e-05,6.156899151776137e-05,6.407456905766661e-05,7.060200606608755e-05,9.371214007732378,9.259044740854257,9.402848657330512,9.328447779286853,-0.17864741238530943,-0.20033434596172275,-0.1880514960429022,-0.19513089804801032,0.9170172015365913,0.93419635244595,0.9262679213464204,0.9311039189582925,0.04203775166392154,0.04187729325405474,0.05643664918691032,0.06502761962547382,181.43382352941177,182.3541383989145,187.93170731707318,189.34412955465586,6.8908586295422865,6.743131671237144,6.987631696353256,6.9815919479188615,6842.2897383218005,4972.9098641491,7207.290458060677,6502.341763783486,2591.011772815744,2713.7400169192297,2806.5622486615102,3035.590164292704
124,1,1281,1904,93,80,37,46,61.96096799375488,63.094457455113194,1.535054376007252,1451,0.8484435488190657,40.38588685179197,1,0.6727941176470589,0.6514427212676639,58.334324001623955,55.44366510251645,16.278820596099706,5.615453443996551,5.0,33.0,30.875534107082366,89.95888842793269,157.19595949289334,0.8828394210889042,0.5277726878899799,0.055194444095441435,0.14517354562925655,0.10850726248531277,0.03132807405041367,0.014867313203072347,0.014521308800628279,0.03393327950407724,0.034505813647780124,0.006533720638408613,0.029097713490950177,0.011953517014711266,0.008275942900414827,0.012397040445772117,0.004288765069278201,0.012716864437000689,0.006052330716534101,0.022438482260494306,0.012854456912338852,0.006432073150711534,0.0011261896131396804,0.008052236181346218,0.005229371291833524,0.004338668297295263,0.0035859521302076427,0.004725998526309838,0.003375781989119558,0.0024867693321584173,0.0021226472723556633,0.0032739258438077776,1,23.950980961322784,416.72549073398113,0.21568627655506134,0.05882351100444794,1.869229367693496,0.20588235557079315,1.0,0.17873866389046855,0.3253126391365973,0.2549019455909729,0.1568627506494522,0.1568627506494522,0.009942982948588197,0.18502760492929857,0.343137264251709,60.18842047849565,63.687832324143024,0.0,61.96096799375488,63.094457455113194,0,57.0,65.0,0.0,1,1,0.09800969443307272,0.23982496891148986,0.2800310510104605,0.3821342856449769,2.2827348830684637,1.7356824021221358,1.0837455478682767,0.6817744009905505,0.21225776835506405,0.3602813902805816,0.24667742631138878,0.05956105163082132,0.0018782380013149243,0.0019549954233530685,0.0017130797842345395,0.002071610537219003,3541.172307692307,6001.488711819389,4019.618138424821,5657.268518518518,0.3242526260474279,-0.08508008534086027,0.29530153059421477,0.08340190798506532,6.253456522252482,6.43314624729941,6.327088137610174,6.259103377277377,5.9654919024285e-05,5.25242509774288e-05,5.752129165018675e-05,6.902614661959177e-05,9.480499325764123,9.370457363374577,9.535194010617326,9.387074782703989,-0.19864546273652073,-0.22001995462486398,-0.20296044695311263,-0.22321093657670318,0.9361776183942749,0.9494128205144383,0.9401926433133321,0.9515461571914663,0.04778512391988593,0.05088098900996365,0.04766818979584482,0.056093239117308874,182.0851282051282,183.65073041168657,188.47494033412886,190.07804232804233,7.043247364434629,6.98364459134151,7.175626968551422,7.170896895914533,6939.585573701515,5060.34680225535,7388.433142896203,6686.786237437358,2620.1894703484613,2765.458878518686,2852.0128203302575,3086.013688988969
125,1,1292,1938,94,80,37,46,62.02708978328173,63.092879256965944,1.533349433838905,1461,0.8535817643671046,40.55891383898033,1,0.6666666666666666,0.6521670650742619,59.05384804399785,56.22277118748239,16.278820596099706,5.6086806715839215,5.0,33.0,30.764627493931464,-89.9806617083863,157.78174593052023,0.8843258042436687,0.5196074067410187,0.06088959213177894,0.14198797483607514,0.10844769061703403,0.031244680913862656,0.012429141035830552,0.013802034653693316,0.03642132562335113,0.03439020724948246,0.005591513368047344,0.029788571384987594,0.009660588638849589,0.008907280640808389,0.011374236649519628,0.00720233403123762,0.013617050298727784,0.00501725388777605,0.021288439109586207,0.013680935718832152,0.005554386489975233,0.0005381473427916741,0.008192650031078505,0.007323352373122514,0.004444861078790751,0.005017173487636561,0.0038449274881614294,0.004787745951983145,0.0015002618022891849,0.002461296089645636,0.0032183823575750747,1,24.215686842799187,419.7745094746351,0.21568627655506134,0.04901960492134094,1.9573772214078695,0.23529411852359772,1.0,0.1793754580948088,0.3249028711103987,0.2549019455909729,0.1568627506494522,0.1568627506494522,0.01234781402224641,0.18620134167936542,0.343137264251709,60.15974964959545,63.67970666942286,0.0,62.02708978328173,63.092879256965944,0,60.0,66.0,0.0,1,1,0.09690076532821437,0.2405586585392463,0.2815470458913899,0.3809935302411494,2.318440533408376,1.7559422984898627,1.0698787743872809,0.6827234966318514,0.20031934370608537,0.3531298899576864,0.2381844496123931,0.060809052483307625,0.001957453321089685,0.0020931440443213295,0.0018527033812718277,0.002025026726241057,3579.2828282828277,6119.1815789473685,4090.19002375297,5640.12827225131,0.3243127455871527,-0.09203476832227933,0.2954849361936762,0.09459694361058835,6.106303917068785,6.331086966046305,6.147913703937768,6.219018907120843,6.647713074160163e-05,5.842974971866343e-05,6.830284100616359e-05,6.860871217101886e-05,9.41074334233539,9.301364010723145,9.451356440580163,9.33020848472135,-0.18920756383690956,-0.20656194686061638,-0.199709873927547,-0.21008247440873282,0.9274012455580575,0.9394947352757429,0.9365710958262061,0.9423918808655686,0.04777489180881879,0.048241108583177796,0.046620589505811855,0.046932025080526074,181.33535353535353,183.58157894736843,188.6722090261283,189.66230366492147,6.983637003645457,6.856929096878476,7.0656422582189435,7.043877164733068,7015.212790531579,5087.753871191133,7521.172838113074,6818.694861708835,2648.6239047036015,2801.7338625346274,2902.8407154665147,3114.705783490035
126,1,1295,1938,94,80,37,46,61.94285714285714,63.07644787644788,1.534506011286224,1464,0.8562400060101538,40.605975058260036,1,0.6682146542827657,0.6516755181439786,59.4500203881972,56.568542494923804,16.15549442140351,5.599800536215139,5.0,32.96880078917687,30.710585407814975,89.97714501850292,158.0243866176395,0.8845628415300546,0.515264128260011,0.06580009472455003,0.13797937791351864,0.10821518457142011,0.03363313161377763,0.01423232964257595,0.012974761070924714,0.036347400717314925,0.03462657565634929,0.005862300150062691,0.029173191934033036,0.008732049357563436,0.009079551548101732,0.011493281080167742,0.009965906013858411,0.014559632622267327,0.003690209144181485,0.020146895832187043,0.013558142613424577,0.004767088345370392,0.0022805344363923253,0.00851663731331352,0.00888610175147031,0.004743663994074675,0.006303603073932488,0.003751950882554658,0.004838416638108216,0.0014344288055726708,0.0028632466940844373,0.0026893394273691707,1,23.92156919836998,420.6078441888094,0.21568627655506134,0.04901960492134094,1.976665288109843,0.21568627655506134,1.0,0.17851917312216403,0.3247937020763007,0.2549019455909729,0.1568627506494522,0.1568627506494522,0.012959665499410558,0.18659906464433815,0.343137264251709,60.05899493900792,63.67500351974824,0.0,61.94285714285714,63.07644787644788,0,57.0,64.0,0.0,1,1,0.0961260569078678,0.24388140758368876,0.27555824516916244,0.384434290339281,2.3487404470884554,1.754591237893758,1.0716153978800753,0.6829113936754029,0.2000430014973862,0.350350171341933,0.24424639630789582,0.06301592625294646,0.002170186715641261,0.0022749995251424137,0.0018251984585959235,0.0021701055149728737,3588.433333333333,6159.760840998686,4113.261282660333,5644.992156862745,0.326545801967999,-0.09539468578766729,0.2946308130919271,0.10018083977810929,6.234640457385499,6.424755745479688,6.291073426995066,6.302016691447423,6.037921981414525e-05,5.404748501493802e-05,5.7459554182008876e-05,6.431130150095848e-05,9.398930480012009,9.289227083603405,9.50244103159785,9.319981583479233,-0.1833451381938223,-0.20129961030462082,-0.18686682412299502,-0.2086817313691518,0.9219582147927327,0.9353973785881314,0.9267999723041076,0.9412713475142341,0.051635170229553586,0.057403193990889494,0.05273672057823316,0.055798378639099,181.6212121212121,183.19053876478318,188.63420427553444,189.75294117647059,7.077792065209077,7.0504829577086365,7.178620459367659,7.088547790122809,7068.366620752997,5086.890107594096,7549.457642419082,6901.955955401776,2664.1999885215773,2811.662737148199,2915.6797312698527,3136.737028066127
127,1,1371,1972,94,80,36,46,62.221735959153904,63.05908096280088,1.4972653744848534,1543,0.8575289953733171,41.780514786583325,1,0.6952332657200812,0.6678842755874578,60.89550206695162,57.3149195236284,16.492422502470642,5.779839696828432,5.0,33.0,31.326816247003872,89.73172734508748,160.61017305526642,0.8885288399222294,0.5299206346572136,0.05226596817310408,0.14240099899072248,0.11228367548972168,0.031962815868458866,0.014675269865412548,0.013785622879892368,0.03642937086241849,0.03539323558722277,0.006910756513285561,0.026289372026124077,0.010213325655522602,0.007377445314624081,0.010841631185607126,0.006538450644120635,0.012982144946829113,0.0042395612039180484,0.022022862619707078,0.010621577001542287,0.005222883238071892,7.840754237878869e-05,0.008235156510617465,0.006830595743280414,0.00773987978069847,0.004311329047835603,0.00548726397008804,0.0044452261254719965,0.0017739253863467027,0.00034739239332187,0.0026736904747057537,1,22.825243517756462,429.04854902625084,0.20388349890708923,0.053398050367832184,2.1087319690283475,0.20388349890708923,1.0,0.16660761691793038,0.312945695861598,0.24271844327449799,0.14563106000423431,0.14563106000423431,0.012090616695888245,0.1837150296447947,0.33009710907936096,60.198520122275525,63.65351194668941,0.0,62.221735959153904,63.05908096280088,0,55.0,68.0,0.0,1,1,0.09524348260315131,0.24425235323748554,0.28018645816840754,0.3803177059909556,2.331764547302138,1.8003762166053339,1.07001569400804,0.6771630843033766,0.21147774992996654,0.3728242966576776,0.21210561694274035,0.04887728490821261,0.002099172632169555,0.002093593882552549,0.0019543272930132344,0.002120110192837466,3355.8466603951083,5914.506067961164,3872.4627192982452,5341.511515151515,0.34385226483499504,-0.08436474578307084,0.30937437988998584,0.11562280603979362,6.038164403382496,6.368594979356976,6.1896495007008205,6.183874188416312,7.170086978654806e-05,5.3767490953288456e-05,6.02602408313135e-05,6.527954886220155e-05,9.340136318212187,9.303612613177858,9.396963782684693,9.340530984524511,-0.17059174507333033,-0.18218288513604475,-0.17580273258408147,-0.18639557527737263,0.9081948849887115,0.9192808560958863,0.9146286193116436,0.923790418342345,0.06214240219994304,0.05654089498094367,0.04867656473095778,0.06226899904653117,174.170272812794,176.52063106796112,180.43201754385964,182.34545454545457,6.913102099045674,6.918282991739575,7.000687531454032,7.0064160519881185,6873.08953962454,4994.196176300797,7341.898887157593,6738.2018732782235,2557.234050004912,2727.17556106549,2803.5904016139566,3019.928347107436
128,1,1322,1972,94,80,36,46,62.05597579425113,63.15733736762481,1.562159065164965,1502,0.8619017666521038,41.02709687681892,1,0.6703853955375254,0.6401396773857977,60.5377842978667,57.21887800367987,16.278820596099706,5.612386628498385,5.0,32.8974218611666,30.69721422516322,89.95024097659704,161.095454429505,0.8801597869507324,0.5134859285265259,0.051403048638631786,0.14235235941659646,0.1095930799886479,0.03296250887135081,0.01358945263922771,0.012985282500756125,0.04028045004668586,0.0352921327617434,0.006177821925565897,0.025892013928006007,0.009944410836470125,0.00889732034009056,0.009444974591426503,0.006339333559492547,0.014419621515884752,0.003191739077500419,0.022792170779694462,0.010733535657404307,0.005389365315266305,0.0019673507671638542,0.008914291317656775,0.00764572214304166,0.006136569707615219,0.005673295378736002,0.0044606206896282375,0.005260912836307832,0.0034679751876956063,0.0006447179536758948,0.0033168861501970664,1,23.240385800600052,417.92308624088764,0.20192308723926544,0.04807692766189575,2.106993196873757,0.20192308723926544,1.0,0.17215100593037075,0.31612941470566386,0.24038462340831757,0.1538461595773697,0.1538461595773697,0.01090836918173946,0.18344110913122402,0.33653847873210907,60.023536747728215,63.71286581319831,0.0,62.05597579425113,63.15733736762481,0,55.0,65.0,0.0,1,1,0.09421590264091623,0.23932449791034272,0.2764126621798124,0.39004693726892864,2.3065448757646405,1.7874970973868505,1.081116980478437,0.6847836003579328,0.21358689303328063,0.3643386843066297,0.24381801258813438,0.0563811020480585,0.0021210795982080396,0.0022083379101286806,0.0020093878600823045,0.002304765010841679,3506.9594460929775,6061.7989756722145,3934.3888888888887,5266.762388818299,0.3193392803389215,-0.10528019011935942,0.3011851711426105,0.12723360852665463,5.99937457285275,6.301234441348236,6.07565320117777,6.099249051606039,6.907488449474028e-05,5.7062689277918505e-05,6.95227268464935e-05,7.377461630651265e-05,9.305582436258202,9.246136448878442,9.369536230266155,9.248684811187246,-0.16731092775098347,-0.17947125745993656,-0.17439689233977756,-0.18801951918934312,0.9039606898232135,0.9156747620566664,0.9127204989318967,0.9237429821700676,0.0564109347892667,0.05020159725093447,0.04869875336703072,0.057824444082423807,176.4530168150346,178.2394366197183,182.9861111111111,183.25540025412963,6.875472342185164,6.791725378376958,6.917861498995166,6.915027701159122,6797.614755982911,4907.001568952772,7325.786844135815,6802.360437800402,2576.143550518971,2742.200136156246,2815.043933256171,3017.2807066546757
129,1,1346,1972,94,80,36,46,62.18350668647845,63.13595839524517,1.5632934206612916,1522,0.8654604004519276,41.397831189731775,1,0.6825557809330629,0.639675179837313,61.3130157268893,57.42821606144492,16.278820596099706,5.6349522485540575,5.0,32.91315087433357,30.71643152966895,89.82332618728897,162.61017305526642,0.8843626806833115,0.5186177775290421,0.0501657550071254,0.13998605305550968,0.11294030716603719,0.03176119035943054,0.013529515839035907,0.01424325177539008,0.039331042766634225,0.03624980512729032,0.005984834061245213,0.025588395536719356,0.009449243277864738,0.007399265425856906,0.008798408678634496,0.0062724798006276545,0.013937872168697903,0.002948546461231234,0.022265514892401157,0.010245692491691688,0.0051134896161175464,0.0021625061677311634,0.008631659178623954,0.008288195548837706,0.007166438598697872,0.0046173669520929855,0.004262971574290244,0.005340228336932803,0.0029548029349665455,0.00037975823965647555,0.00295927076034782,1,24.085714921355247,426.0190481245518,0.20952381193637848,0.05714285373687744,2.1639147104356646,0.20952381193637848,1.0,0.17327852461406654,0.3165074651742584,0.24761904776096344,0.15238095819950104,0.15238095819950104,0.015020616499517567,0.18476266881352343,0.3333333432674408,60.094116102416976,63.69896271252445,0.0,62.18350668647845,63.13595839524517,0,59.0,62.0,0.0,1,1,0.0949432174181106,0.2362961641459805,0.27890547923511827,0.38985513920079057,2.3665476045328915,1.7969188527711255,1.0664965200297412,0.6877392101759684,0.21271423775798534,0.34918435567001926,0.238171035794098,0.05947809628691647,0.001991178323881537,0.00196484375,0.0020210294065192693,0.0022740773743224166,3549.173913043478,6205.25875,3984.557562076749,5274.727611940298,0.3186765798758992,-0.10704496461700536,0.3008016518083994,0.13423789998463026,6.041642886841755,6.28567375962629,6.158219658953235,6.150863262114941,7.072994463023498e-05,5.697021484375002e-05,6.513572887134931e-05,7.157818975609361e-05,9.434685177162406,9.373965523190131,9.426218963777028,9.345628015589119,-0.1793751979032807,-0.19534779253119397,-0.19959947989529567,-0.20719203376178214,0.918795369418347,0.9319796526435826,0.9361194980363553,0.9405788926261591,0.04790447751996742,0.0507474891783549,0.05740633869496589,0.061908281573802494,176.2869565217391,178.48125,182.49435665914217,183.1330845771144,6.951957564804707,6.91679014755935,7.007891684803408,6.951335381229035,6869.296399915984,5005.23214843751,7412.945227746401,6910.438756157033,2604.617578239864,2802.6227246093713,2849.3756974557837,3046.291592024334
130,1,1387,2006,95,80,36,46,62.386445565969716,63.14203316510454,1.4908089049455617,1553,0.867230630148008,42.023603469332215,1,0.6914257228315055,0.6707767821097875,62.22788905927128,58.309518948453004,16.492422502470642,5.774512688539328,5.0,33.0,30.983679904231384,89.46485440461592,161.19595949289334,0.8931101094655506,0.5194068378081385,0.05712838431842636,0.13773279789355553,0.11355463184091855,0.030691581954806098,0.014530906328092208,0.014735828152595738,0.03939721178240178,0.03571329363351859,0.005726196623154888,0.02648530544766886,0.008267181361533399,0.007790014750012819,0.00834685848099471,0.009518977995262483,0.014225516981379147,0.003316652671100899,0.0199698461991914,0.011408977223454443,0.004347006034862581,0.0021193781906028077,0.007832728762475052,0.008622168764452728,0.008071328758526753,0.005549582872145293,0.003826640345700863,0.005955252641580402,0.0033574779818889094,0.0018182656998699822,0.0027681215478052687,1,23.077670633792877,435.42718920111656,0.20388349890708923,0.04854367673397064,2.2300559766991883,0.20388349890708923,1.0,0.1672294973463252,0.3139345271817711,0.24271844327449799,0.14563106000423431,0.14563106000423431,0.013224339376558165,0.1848668037197334,0.33980584144592285,60.21338271736492,63.642979784242144,0.0,62.386445565969716,63.14203316510454,0,56.0,66.0,0.0,1,1,0.1000914172548501,0.23802091335894116,0.28388592835605314,0.3780017410301556,2.435557819868006,1.8040164307587478,1.0499994203462544,0.6791300709958882,0.1868564640534762,0.3454891673086273,0.22829213489873929,0.0577542498265547,0.002077347009201144,0.001962063896159776,0.0019003849421637452,0.0021219835777546705,3385.0878003696853,6191.632335329341,3944.674291938999,5192.258682634731,0.3436971924060702,-0.10184288414379668,0.30759365210590056,0.1455505744949902,6.080055043641635,6.337218202237697,6.132371407343751,6.251827298448543,6.575411406411223e-05,5.5641700377781105e-05,6.528359492086824e-05,6.360855110745948e-05,9.371124102505716,9.38168302028057,9.452415862152806,9.343810589177469,-0.1881629516672753,-0.1919362065173594,-0.19125175122896404,-0.2054164179877028,0.9258594620265416,0.9292768824554131,0.9297964326845453,0.9392741715170587,0.04657917753618104,0.05450328691776221,0.05778713676772852,0.05793053149568722,174.49445471349352,177.9796407185629,181.5980392156863,182.12215568862274,6.929348325550317,6.948790177065389,7.024331287247421,6.901131800190363,6930.540172576973,5047.052280110427,7449.427752146614,6961.201844454808,2578.9069932366674,2809.671153859942,2848.525511021402,3038.365131772385
131,1,1324,1972,94,80,36,46,62.13519637462235,63.159365558912384,1.5778398589104565,1508,0.8681075552940205,41.058119260742515,1,0.6713995943204868,0.6337778795184756,61.29927763702001,57.42821606144492,16.15549442140351,5.562780866537239,5.0,32.8974218611666,30.427498823200672,-89.89962192538741,162.02438661763952,0.8779840848806366,0.5109916491895484,0.04568756771515136,0.14010816462162182,0.11288363425687625,0.030861496287132306,0.013643263576627955,0.015607529592821877,0.04121352333487283,0.036693753601169186,0.005590059317376078,0.025626903397762583,0.010572376332936225,0.008249201467157102,0.005651375906386352,0.003759473100574957,0.014442690376024603,0.0038495996445022168,0.023482845401766837,0.010947270191783803,0.00531856668484266,0.0033506473937214036,0.008022018862297005,0.007132286907815357,0.007188956852761311,0.005208684486399367,0.004093380450486175,0.00714765570716829,0.0033551470092245813,0.0018289833108437869,0.002578223304495157,1,24.500000596046448,431.22549390792847,0.21568627655506134,0.05882351100444794,2.161972163071972,0.2450980395078659,1.0,0.17753623620323514,0.32569901352562575,0.2549019455909729,0.1568627506494522,0.1568627506494522,0.011724662531493363,0.18734787831635352,0.343137264251709,60.02678183596254,63.637603749635396,0.0,62.13519637462235,63.159365558912384,0,58.0,64.0,0.0,1,1,0.09421393933446494,0.23787655412535313,0.2791633471662006,0.3887461593739813,2.398831839977517,1.8205118939998095,1.068243559676443,0.6835324236535871,0.17947649032179197,0.321091235349206,0.2082561281510336,0.05815995973061536,0.0020149277825228127,0.002127410639689804,0.0017675915209190674,0.002291848639502462,3572.396636993076,6450.421052631578,4181.936342592593,5428.749682337993,0.3341163349896326,-0.11031975865418804,0.29020104134854197,0.13604045318489,6.307778737179057,6.4669672223310855,6.393806982952911,6.288970681871318,5.800721246765149e-05,5.1319348785799614e-05,5.518490721986454e-05,6.495767923023016e-05,9.400537945006374,9.296696699988843,9.522652905432274,9.274811626192406,-0.18108447829804647,-0.19642089112443245,-0.17623697155091295,-0.20766218525089555,0.9198631299871555,0.9316638927087253,0.9171962754911253,0.9399043581631855,0.04682547735382348,0.0610551015652828,0.0546489253352693,0.062401291558648625,182.45598417408505,184.6007702182285,189.10069444444443,188.96569250317663,6.976121654465858,7.001736685538504,7.222665860568824,7.105904034865706,7157.395441439912,5168.612117506891,7601.502592110344,7138.3889119410305,2682.448019608244,2904.758292534618,2945.859733675734,3141.7846485697555
132,1,1382,2006,95,80,36,46,62.37337192474674,63.199710564399425,1.5116208199692072,1552,0.8694134837600119,41.9477895820983,1,0.6889332003988036,0.6615415630623365,62.46329870235351,58.42088667591412,16.401219466856727,5.740726826376246,5.0,33.0,30.862192026021543,89.59288881270997,162.02438661763952,0.8904639175257731,0.5144439883357133,0.05208142607435042,0.1396718619472663,0.11357208265571289,0.02805800373010546,0.01125699388010674,0.015345395232931608,0.04195656158240161,0.035284210549114646,0.004954727572352916,0.02650654946727559,0.009041561079968627,0.009487877684812246,0.006723212642041626,0.006719785705369709,0.013092977932222243,0.0036792964385190248,0.02107142506793035,0.012154869625483292,0.005248566338560277,0.0008464380172479534,0.006939422589856983,0.008486943712004572,0.0073158468841579,0.004440540175679364,0.0037070678126176447,0.0069914872577003725,0.0028854390857129364,0.0011510805731256674,0.003095300161861524,1,23.54455555975437,444.8118922561407,0.20792078971862793,0.05940595269203186,2.182565149562087,0.20792078971862793,1.0,0.17061272144749545,0.3218609929494506,0.2574257552623749,0.14851485192775726,0.14851485192775726,0.011635293376340153,0.18541953269325398,0.3465346693992615,60.22830875929821,63.602568663882224,0.0,62.37337192474674,63.199710564399425,0,57.0,64.0,0.0,1,1,0.10152250305043145,0.23857009262055842,0.2768997913017955,0.38300761302721464,2.461475424836763,1.8115597142945667,1.04842605912077,0.6803554257115815,0.16265885490032475,0.30470592795184887,0.19234343242982818,0.05622117365227794,0.0018902620195961912,0.0019414105346682536,0.0018142601569713758,0.001970196772311314,3296.308550185873,6375.0277777777765,4010.3004385964905,5169.183353437877,0.3607470949433792,-0.10996177747902619,0.2977955373562951,0.15135872834699143,6.0228660077194505,6.350337877804523,6.143534206880068,6.166853689610765,7.155906257719544e-05,5.383148652736209e-05,6.320961587940522e-05,6.751671290842435e-05,9.483543081918178,9.37407997570982,9.501923835346846,9.374432566636004,-0.17455022137579806,-0.20008400213960584,-0.19105503963748846,-0.20391028008882509,0.9148445293372754,0.9357248994727193,0.930390089292366,0.938611508356026,0.045774075490484005,0.03985025985177055,0.05901158538831,0.05559466049976789,179.06691449814124,183.55193236714973,186.50877192982455,186.73703256936068,6.943012657495606,6.852027802179771,7.007668165580133,6.914961729677216,7016.69440720831,5111.904307860161,7411.730186211149,7013.074394571922,2578.250739348543,2871.7330214094854,2855.507656201904,3045.564437002451
133,1,1321,2006,95,80,36,46,62.224072672218014,63.2331566994701,1.6351226576902866,1508,0.8700346135799799,41.011576885010776,1,0.6585244267198405,0.6115749147605616,61.51563000777739,58.137767414994535,16.1245154965971,5.51592094368484,5.0,32.8974218611666,30.326629810352763,-89.8771663397111,164.75230867899737,0.8759946949602122,0.49761817709915673,0.056329011976665046,0.13860305314700258,0.10825942133517086,0.03273415330149746,0.012766338391530043,0.011604491119486839,0.044362033807586576,0.03412712044308803,0.005364785852562215,0.026571274784247693,0.006568392864291875,0.011617240310995711,0.008910593763732714,0.00902903179056602,0.014288184224109707,0.002948475329067687,0.019900603378100686,0.012822711642599275,0.002575366712979418,0.00237024844174093,0.008156787269662341,0.010003271903725146,0.005156673461615743,0.005889193574781785,0.002275827867761713,0.007729794240890163,0.003830100778810014,0.002488647928048452,0.0011975116712846956,1,24.87000049650669,441.0600031018257,0.2199999988079071,0.0599999874830246,2.1391014413212384,0.23999999463558197,1.0,0.1815328503394649,0.3338834239983541,0.25999999046325684,0.14999999105930328,0.14999999105930328,0.012550075069948572,0.18794554086726192,0.36000001430511475,60.11680948952415,63.60084794919673,0.0,62.224072672218014,63.2331566994701,0,59.0,61.0,0.0,1,1,0.09599600989218224,0.24144107331671522,0.26397769056731224,0.39858522622379033,2.3926552654258875,1.8330095278814957,1.069676470059568,0.6855873487521182,0.1476220690241033,0.28704020779162104,0.17732445410061026,0.05697187186636008,0.001940734619332991,0.0019513007284079086,0.0018614112573707687,0.0020298847312543535,3501.3098311817275,6692.175483870968,4259.045401629802,5335.724137931034,0.34783122944800254,-0.12203492905276805,0.2801895241872633,0.15128529557040246,6.04184641911126,6.275737778235639,6.145188070187174,6.188418104354712,7.04472825868976e-05,6.080130458994537e-05,6.211119844226024e-05,6.473443989773256e-05,9.38757386017821,9.345520876016485,9.399194799182112,9.302019130021275,-0.17682460789840124,-0.18672692037645264,-0.1879183645807094,-0.19332372346053966,0.9154932143526475,0.9241697057150101,0.9260926859120956,0.9291954156381655,0.04953459388619303,0.04305294180514039,0.055948280659766654,0.052112043464292934,186.7954319761668,190.16,194.0279394644936,193.0344827586207,6.929647448701516,6.911199510592542,7.0507466132288465,6.925839331301131,7236.124984098409,5236.464722580655,7574.751256638934,7237.933676839733,2684.358703820033,2982.1600516129056,2958.449164567188,3143.4144536926924
134,1,1339,2006,95,80,36,46,62.37415982076176,63.19342793129201,1.5761592396715332,1523,0.8721274820810194,41.29004420438882,1,0.6674975074775673,0.6344536610453123,62.00326672622919,58.215118311311535,16.1245154965971,5.585843662048266,5.0,32.8974218611666,30.336878292416333,-89.87826926295594,162.8528137423857,0.8791858174655286,0.5019321427459952,0.051039091859375746,0.1403355668194575,0.11054180898770485,0.029789660578347112,0.011477657767400312,0.013637571514157816,0.04496272701464388,0.034493652761105345,0.004944623540598202,0.025653953963894426,0.00838284790679093,0.011339209654206123,0.007342359048977066,0.006515236583865008,0.013602303999670827,0.002926882247766792,0.021575982056197474,0.01218176922341885,0.004467688646224568,0.0016719750498264815,0.007197686472793776,0.00936275946797158,0.00606825518417198,0.005431293824457997,0.0035139162476654157,0.007305111666951971,0.0038572290254311986,0.0013559094515720733,0.0025261261932435254,1,25.05050590634346,449.4949532300234,0.2222222238779068,0.06060604751110077,2.1814241941849053,0.23232322931289673,1.0,0.18152540511843088,0.3356945132412423,0.2626262605190277,0.16161616146564484,0.16161616146564484,0.011532450041801307,0.18749094094118557,0.3636363744735718,60.22067419051186,63.54143821171837,0.0,62.37415982076176,63.19342793129201,0,55.0,64.0,0.0,1,1,0.09847190922311838,0.23766292090911365,0.26773033688787384,0.3961348329798941,2.4417386379584216,1.8289117879155323,1.0669372651573295,0.684418763045262,0.12986393763221432,0.2613154412811576,0.14881189132399297,0.05330771316889218,0.0017923461212178342,0.0018851145649735619,0.0017155888307622469,0.0019111819889201821,3321.6631067961166,6681.5759493670885,4263.239404352806,5227.816813048933,0.3723184693434528,-0.1202038030931716,0.27349711126178183,0.15598835809387254,6.080093553177864,6.418754647013165,6.191531669754502,6.162227384886583,6.533316116843603e-05,5.1988046380538005e-05,5.9260050595878044e-05,6.985714325269078e-05,9.506196193577628,9.41449181031242,9.536469181592746,9.437880249549286,-0.1746587250250689,-0.2018472674963096,-0.19223033056342043,-0.19589544979977905,0.915339443615096,0.9376555475199844,0.9318900368698381,0.9333875786461842,0.046226479327135264,0.038797407607231854,0.04737368933180467,0.058260192602806335,187.37961165048546,191.66962025316457,195.0927835051546,193.87954830614802,6.960305950315522,6.873580396075138,7.034576859762591,6.9976451248824,7262.249098878303,5247.638950488705,7473.092193053941,7160.2038100845675,2645.978051418604,2982.3037249639474,2934.0828993516843,3097.005155783372
135,1,1323,2006,95,80,36,46,62.38019652305366,63.27588813303099,1.6162731193962698,1513,0.8745259355228309,41.04261099984527,1,0.6595214356929212,0.618707313757425,62.039105418783535,58.215118311311535,15.811388300841896,5.519886057711854,5.0,32.8974218611666,30.087647806480835,-89.71380265881395,163.92388155425118,0.8744216787838731,0.49592097935981555,0.049732026697792295,0.1397324993803011,0.10999616162109228,0.030476873866135568,0.011193229743962084,0.014035406770546125,0.04588980513063794,0.034783984960167394,0.004852229919443564,0.025001466032801574,0.008465289017091886,0.011948660378931534,0.006400283649523168,0.006258627350378641,0.014110179349377939,0.002995766156342267,0.021694802179436076,0.012612710616672277,0.0042222085343274,0.002074087116430548,0.007101932455480348,0.00888552006250368,0.005687519049620672,0.005690855862823034,0.0030593402809644295,0.008133538444620874,0.004548749601135346,0.0010909038322074274,0.002392521107382326,1,25.65306156873703,452.8469422906637,0.22448979318141937,0.061224475502967834,2.1761482085514037,0.23469388484954834,1.0,0.1872486245893214,0.3422879382393528,0.26530611515045166,0.16326531767845154,0.16326531767845154,0.012548450535904474,0.18906950118352595,0.36734694242477417,60.22197432742811,63.55463170675188,0.0,62.38019652305366,63.27588813303099,0,55.0,65.0,0.0,1,1,0.0967124091445738,0.23932490774898227,0.26397620546928924,0.3999864776371547,2.4141607037409516,1.8302130228433697,1.0712899381468384,0.68635811921395,0.12150739324111934,0.25566578753723945,0.1468595330024634,0.058201505916839265,0.0018715240861885318,0.0018987574197597635,0.0017005945954041732,0.001949871147438567,3393.6594274432377,6924.383720930234,4417.425904317386,5271.239795918367,0.371879817657445,-0.1303574867444267,0.26258452613524963,0.16447903247241158,6.039943838361943,6.334127143685903,6.181855739515224,6.133754650459839,6.357279837582644e-05,5.3962394894126516e-05,5.977088454315536e-05,6.687556739054043e-05,9.4320102576784,9.391407767655837,9.517059940012363,9.39357821678907,-0.1880163789282635,-0.19926278296013425,-0.1923933324296216,-0.19924031259725894,0.9266997267479138,0.935347089136629,0.9317324927895567,0.9353618009506359,0.04765205959585154,0.03457780539229992,0.04773921303473118,0.058471270433730446,191.18163869693979,195.61111111111111,199.3465577596266,197.38520408163265,6.938133357248271,6.877052610559854,7.139017405097336,7.005100372377818,7412.105210740141,5327.286749928229,7563.407318956117,7346.611821897124,2701.4411595458423,3062.9176177146146,2995.208305818376,3154.4629044538706
136,1,1339,2006,95,80,36,46,62.42046303211352,63.24421209858103,1.587518616775458,1531,0.8738400655751435,41.29004420438882,1,0.6674975074775673,0.6299138727778725,62.21993656425807,58.309518948453004,15.811388300841896,5.580660022106846,5.0,33.0,30.25217134878189,-89.80534049013028,163.43860018001263,0.8745917700849118,0.5001595646238459,0.05047062268569935,0.13963487880015837,0.11102785660436246,0.029998326089575027,0.011340951725144604,0.014811331656201054,0.04487620878724435,0.035054138185282926,0.005033089894935175,0.025080642499106617,0.008947557450799039,0.011331917731458188,0.006467697510345604,0.00639425511595745,0.014026556471748941,0.002824827533671842,0.02184325587902273,0.01221455186244248,0.0049590995529875895,0.0019277496839317696,0.006938810586639818,0.00897186229671456,0.0062054149744270185,0.005597053065949638,0.0037221100053941385,0.007507609909361948,0.0040266683742778255,0.0012157553186114129,0.00284558266049675,1,25.948454901576042,461.6082463115454,0.22680412232875824,0.061855703592300415,2.1377450501179505,0.22680412232875824,1.0,0.1866795316660147,0.3447410353334917,0.27835050225257874,0.1649484634399414,0.1649484634399414,0.012159843805732182,0.18938880346583983,0.37113404273986816,60.29817311463866,63.50080400314615,0.0,62.42046303211352,63.24421209858103,0,57.0,64.0,0.0,1,1,0.09833392982338016,0.23738163330854334,0.26543237367593736,0.3988520631921392,2.4383172598797276,1.8267471666674655,1.0673091542104498,0.6864561858795297,0.1136129165129777,0.23317914209215052,0.12699137566780463,0.05499342139021064,0.0018138012589361226,0.0018359143497642296,0.001742589709757316,0.001865483194868816,3301.921435499515,6982.439086294416,4465.5120551090695,5270.540201005025,0.38574622663946295,-0.13334733388298564,0.25433829563509297,0.16421962776520552,6.051882486318892,6.416272649884913,6.236299901116084,6.219172680241142,6.35489294238791e-05,5.087036268065236e-05,5.3938754637352774e-05,6.640295480129131e-05,9.45984967243914,9.408825557137018,9.476036650125845,9.418571273380884,-0.18018348231418505,-0.19251040661736513,-0.2042837072329408,-0.19717101776015264,0.919989299867868,0.9301793642542731,0.9403270396423107,0.9341134862905146,0.038554717977398685,0.03201022689381535,0.04741957772335457,0.06277653138568763,192.43161978661496,197.54060913705584,200.699196326062,198.99246231155777,6.975178716141841,6.940262817174684,7.080601957243291,7.026044985700627,7449.079465756498,5339.360026024893,7511.801595220924,7341.721048710904,2687.750225314003,3080.4497780798265,2994.328412582501,3153.06531242898
137,1,1342,2006,95,80,36,46,62.465722801788374,63.301788375558864,1.595344446458188,1536,0.8743765335895014,41.3362730423848,1,0.6689930209371885,0.6268238825916825,62.34221507649917,58.309518948453004,16.15549442140351,5.593121102232549,5.0,32.879797461071455,30.251438778997038,-89.66328462926553,164.02438661763955,0.8736979166666666,0.50128267741866,0.04945650547938043,0.13926951659243464,0.111761848941254,0.030109609284605213,0.011652379007098956,0.015343718154355823,0.0442945381374831,0.0353959865897569,0.005135065504943125,0.024587130645589227,0.009307968032802092,0.010768095355674957,0.0063789220944605336,0.006029271806171887,0.013933373710832421,0.002480115379879733,0.022230019905039033,0.012213310522724797,0.0050045523124525385,0.0016877356573336316,0.006907360696841851,0.008551741299812838,0.006670370519899208,0.005490290135924143,0.003847730876820873,0.007838749264091801,0.003913492619810371,0.00136698203197254,0.0025778329246453338,1,26.144331127405167,463.6701025366783,0.22680412232875824,0.061855703592300415,2.1440049839021516,0.23711340129375458,1.0,0.18674522233860832,0.3455067828142163,0.27835050225257874,0.15463916957378387,0.15463916957378387,0.013614809568207143,0.18948304983804487,0.37113404273986816,60.32922000599185,63.48098986704513,0.0,62.465722801788374,63.301788375558864,0,55.0,64.0,0.0,1,1,0.09871931770104252,0.23872732103463096,0.2624288515698992,0.40012450969442737,2.4533578584221916,1.830697513305567,1.063986461651977,0.686658685434682,0.10060585755401026,0.2141758115330286,0.10858691410359206,0.057118805469511646,0.0018708725272431836,0.001736901137638199,0.0017110106875985105,0.001784693563482641,3248.452702702703,7059.043037974683,4518.988558352403,5208.754385964912,0.39569668626198995,-0.13762156537787917,0.2442541702694128,0.1709204143222015,6.0470133937505235,6.317153702787966,6.224587089044364,6.192655905174698,6.440236685348216e-05,5.410359276733501e-05,5.5545814695177956e-05,6.239952495562802e-05,9.47117102491619,9.463533468699652,9.529413295303549,9.483888974565476,-0.19334828920994668,-0.20544896146761368,-0.20643669904148906,-0.19953102998597488,0.9318251190227784,0.9409907786209225,0.9425977140037577,0.9369062366924955,0.03787448888746165,0.026980350668829277,0.05186870038727024,0.05170281029149636,192.61872586872587,198.6278481012658,201.41876430205951,199.42606516290726,6.905757200546949,6.836688263244042,7.0710744585987735,6.9751967519137175,7502.61428254647,5351.134920685792,7440.028297786543,7356.394909579707,2687.7667463122943,3102.544489665115,2989.7542140347377,3141.2873238861557
138,1,1327,1947,95,80,36,47,62.514694800301434,63.2810851544838,1.5856766723512423,1515,0.877616435519131,41.104608936998304,1,0.6815613764766307,0.6306455896315858,62.40730620341808,58.42088667591412,15.811388300841896,5.5612754496919425,5.0,32.0,29.915786483114726,-89.45047814892114,162.61017305526642,0.8759075907590759,0.49377913440129073,0.04517442804136086,0.14074848415909721,0.11106524091222075,0.028785388150872303,0.011101991192210578,0.017055293359237857,0.04633226450344736,0.03571072589749306,0.004536638414861226,0.023451876575235894,0.010407226436822133,0.011170592394224098,0.0036322527043029075,0.0039644852322369105,0.01420018005159119,0.0033021435385954478,0.022819621396862874,0.012662216395512134,0.0057118881287363515,0.0021502199600233504,0.005796049409679012,0.008299441065307517,0.005835642221132869,0.005704564066356534,0.003630598823483001,0.009005870732709616,0.0048062118584967835,0.0015421140151658066,0.002907902593648137,1,26.75000075995922,466.36458843946457,0.2291666716337204,0.0625,2.1398261019545237,0.2291666716337204,1.0,0.19244604863280015,0.35144279460396727,0.28125,0.1666666716337204,0.1666666716337204,0.013476712736584604,0.18894582360349965,0.3880208507180214,60.38038014086433,63.43456701373035,0.0,62.514694800301434,63.2810851544838,0,59.0,60.0,0.0,1,1,0.09646869675304036,0.23774318160409208,0.26648946964157183,0.3992986520012958,2.4153577470053555,1.8236138843273388,1.0651551994408601,0.6890368156121187,0.1068814446439667,0.20696429556931806,0.11219966982594452,0.05568933028772479,0.0017839926079449293,0.001844507207766627,0.0016276337241370902,0.001912443589793395,3187.7438905180843,7081.728682170542,4540.033760186263,5122.927480916031,0.4021585825943087,-0.1400736447016806,0.23796413631658644,0.17305759937692247,5.900065124197836,6.226928232286501,6.059785948471543,6.069923535317942,7.201259209368386e-05,5.732695131100852e-05,6.209002294106154e-05,6.511766206376174e-05,9.467520522678214,9.39893336561107,9.540926814282823,9.34652972801999,-0.17782692566092154,-0.19975453588649056,-0.18655797369985547,-0.2045260078874786,0.9178395245882034,0.9358380091953816,0.9271300463602465,0.9386623700229887,0.02925243754760417,0.03727371076665326,0.041962025334293274,0.051855848335860474,195.92961876832845,202.13953488372096,204.71129220023283,202.17938931297712,6.804893917200005,6.8171350506697115,6.98048736827198,6.838924267573698,7476.43492918017,5341.554173427066,7375.504540705078,7267.119218965476,2666.0447049245668,3105.8207138994057,2978.884575222839,3097.5116749703793
139,1,1340,1980,96,80,36,47,62.62835820895523,63.32313432835821,1.597725557572304,1529,0.8777258409916437,41.30545956583848,1,0.6767676767676768,0.6258897188322317,62.69741083863793,59.21148537234985,16.1245154965971,5.570326518265903,5.0,32.0,30.0422904272907,-89.26775273896841,164.02438661763952,0.8763897972531066,0.48663462348691333,0.051011769465285614,0.1404934721200192,0.10886709735575487,0.027819715072180364,0.008342622377496127,0.014873392017565878,0.04867737482679923,0.03427323688079438,0.004945357535769298,0.025100460011768924,0.0071054239148614865,0.012391086558324837,0.005275048881898436,0.006366273840325227,0.013907426034239185,0.0036120450401403528,0.020307664493633363,0.014408078378709398,0.0035861678296640388,0.0016310952900854946,0.006066009294396954,0.00995062740040295,0.004927398318190126,0.005936948013399277,0.0021502173389189917,0.009700192708576213,0.004125844909430397,0.0034704691105697516,0.0017280725166296204,1,26.94736896455288,475.6526343524456,0.23157894611358643,0.06315790116786957,2.1754840704867093,0.23157894611358643,1.0,0.19248120688966341,0.3549646525018251,0.28421053290367126,0.15789473056793213,0.15789473056793213,0.013741101344247721,0.19016005169597963,0.4000000059604645,60.45484317557672,63.41567264809143,0.0,62.62835820895523,63.32313432835821,0,58.0,63.0,0.0,1,1,0.09905503800104785,0.23458074369396117,0.263217297486646,0.4031469208183449,2.4580324244704332,1.81698379508617,1.0688217534306224,0.6899321505703473,0.07549254412806862,0.18833351364562084,0.09807164396140015,0.056119059418288146,0.0019714971452423186,0.0020027462515618487,0.0017538644470868018,0.0019778456165476348,3158.4816602316605,7174.977040816326,4607.041379310344,5190.002506265663,0.4125670897224984,-0.14089168608887842,0.23271003599689125,0.16941275685780718,5.991817808465338,6.365340997884583,6.184184417566235,6.2266339662777455,6.39365121405232e-05,4.824217733171076e-05,5.60848494630648e-05,5.681745025132341e-05,9.364882600991578,9.356834871786802,9.501203960397465,9.377004223145546,-0.1846382144966442,-0.19724416288041408,-0.18451463459700052,-0.1873233849574664,0.9225912349054571,0.9332439422913521,0.9246828714527562,0.9252113622647502,0.037087807291985055,0.035101809229591954,0.04271386997204488,0.04901316921555259,197.70559845559845,204.3724489795918,206.69885057471262,204.1578947368421,6.967345523189357,6.861868895067171,7.087208611532448,6.985282879858345,7595.024331591667,5402.863832778021,7401.564481437439,7307.185595567855,2688.3764979558327,3144.4602183985826,3002.1514651869456,3124.2970254583834
140,1,1341,1980,96,80,36,47,62.639821029082775,63.339299030574196,1.5804478214505195,1518,0.8780877728189967,41.32086917635994,1,0.6772727272727272,0.6327320563371778,62.75211944430769,59.21148537234985,16.15549442140351,5.582541995156225,5.0,32.0,30.026863792645972,-89.24471666195784,163.1959594928933,0.883399209486166,0.4869977836536946,0.05077483154627759,0.1403010158764711,0.10919960824519408,0.028038230735932184,0.0088476816128779,0.015786550678162658,0.04802367618545865,0.03476731290893418,0.00442096192782639,0.024841228092940225,0.007584781493273144,0.012135684115739892,0.005016776299485733,0.00646883031195579,0.014277898589047119,0.0035882729742079747,0.02062857473402291,0.014236155484119394,0.003979518515372295,0.0015398921269569332,0.005778784831101123,0.009907359482254297,0.004988583560769108,0.00616079240727003,0.002092403912728563,0.009698839093614733,0.0041424215035430695,0.0033882570826124334,0.002001571983683743,1,26.92631635069847,476.4421086013317,0.23157894611358643,0.06315790116786957,2.1314528707169207,0.23157894611358643,1.0,0.19233083107641766,0.35528867158935995,0.28421053290367126,0.16842105984687805,0.16842105984687805,0.01336485814080852,0.18858762032339998,0.4000000059604645,60.508793242079456,63.38186557973125,0.0,62.639821029082775,63.339299030574196,0,60.0,61.0,0.0,1,1,0.09811762714975575,0.23487693887612296,0.2628253288758183,0.404180105098303,2.436587740885588,1.8101722703039103,1.0712728450531064,0.6913335726235001,0.07665029334759281,0.17518573648123692,0.0959883513998822,0.05748839810112373,0.0017649778106508872,0.0018215749117611259,0.0016811996300700228,0.001825522452748412,3051.121153846154,7100.831847133757,4598.608045977011,5053.8671679198,0.4209957143590118,-0.14354899891338502,0.21930429032179047,0.1703743224089433,5.962658303272564,6.379727020970574,6.182367768940733,6.231893686418811,6.708449865939346e-05,4.566533564844161e-05,5.365924832685128e-05,5.611815737627865e-05,9.475515991546464,9.404747833873351,9.544784169957916,9.43863179408816,-0.18419032949744416,-0.2062973868466301,-0.19844643422236136,-0.19910933303541078,0.9239778971637711,0.9407746465230956,0.9369538815900942,0.9359239723312988,0.03400729709811733,0.03279038299980787,0.028085623833618647,0.044099984607344746,197.61346153846154,204.84458598726115,206.89080459770113,203.96992481203006,6.988981007351822,6.879831807831485,7.012750369180719,6.929755081928169,7488.079434171603,5318.105782790371,7182.186926938826,7129.620649367782,2634.8001470044383,3104.734407481039,2945.198743228959,3045.871954321896
141,1,1345,1980,96,80,36,47,62.729368029739774,63.382156133829,1.5757476048811503,1521,0.8796984845999005,41.382450237616354,1,0.6792929292929293,0.6346194002785265,63.03216814930736,59.30430001273095,16.15549442140351,5.577503616140212,5.0,32.0,29.973805904082006,-89.10273420358484,163.1959594928933,0.8842866535174227,0.4869227147195888,0.046614502104234096,0.14077331763092638,0.11041605891778568,0.026207639242814485,0.008643193962641425,0.01774248624320002,0.048181272523812047,0.035591988903673454,0.003467030394118998,0.023966081702265305,0.00956091475339476,0.011317774591463233,0.00239668385436415,0.004147191334689074,0.01440624110684896,0.003836455339884574,0.021430141335911774,0.01414035777356177,0.005504554552079554,0.0023267983463335484,0.005733918646562507,0.008313906434814153,0.005776386629633044,0.0062999688489269205,0.002300016599866199,0.010110733828164535,0.004391487546593594,0.003264456836387407,0.0028474405041377195,1,27.53763510286808,490.0537675321102,0.23655913770198822,0.06451615691184998,2.17099329523775,0.23655913770198822,1.0,0.19669739359191485,0.36435224351829754,0.29032257199287415,0.16129031777381897,0.16129031777381897,0.014454635820145525,0.19320724042501766,0.40860214829444885,60.55848601050568,63.36017553935626,0.0,62.729368029739774,63.382156133829,0,57.0,63.0,0.0,1,1,0.09768513504571719,0.2340537587286125,0.26446516672437115,0.40379593950129916,2.4330834562312758,1.8196665057224466,1.0714025579646953,0.6909739677216885,0.06287147310252005,0.16364628357477576,0.09020021380351348,0.05719843250784212,0.0017923070712408805,0.00185255327001146,0.001656910185450035,0.0018765556786850392,3141.2097701149423,7462.36513994911,4885.004592422503,5284.151061173534,0.4301325853286278,-0.14698739753379783,0.20887937996222225,0.1678937954940915,5.937560070975864,6.3058025196014444,6.177936870462255,6.161813327533771,6.883445127454728e-05,5.194078005092902e-05,5.400054275584358e-05,6.0315097589796386e-05,9.504420984943193,9.456162168123157,9.531174554587245,9.433222589971816,-0.17580131141059538,-0.19621153241705874,-0.19766731227889514,-0.1991069944466795,0.9164570592433888,0.9339127837694494,0.9361571716491814,0.9358428512368452,0.039646919088594544,0.02950749226923845,0.034289629941424656,0.051302272510268726,202.80555555555554,210.58905852417305,212.55453501722155,209.29213483146066,6.952166291251665,6.891192963339821,7.026591755388507,6.950338455972943,7883.14322584078,5549.748429902422,7464.577680352115,7416.513908176581,2756.088248988932,3253.028392462882,3087.3955681936495,3175.1662423375237
142,1,1339,1980,96,80,36,47,62.753547423450335,63.40552651232263,1.5714659777521267,1518,0.8805865825279608,41.29004420438882,1,0.6762626262626262,0.6363484887088875,63.02342129352015,59.30430001273095,16.15549442140351,5.566078078161416,5.0,32.0,29.865872448920168,-89.1255704887273,162.6101730552664,0.8820816864295126,0.4847505687803193,0.04593849065721084,0.14084475490141513,0.1100527541816005,0.02638921892430827,0.008818827665252254,0.017720067951998864,0.04878375549923242,0.03550061846169926,0.002959485438083908,0.023634180924572815,0.009655522027304332,0.011807296431924123,0.002084287048216539,0.004589775776214806,0.014226420950649564,0.003931904506942997,0.021996434251150207,0.013645989717790862,0.005865986780988373,0.0023856537067415127,0.004761483789818296,0.00896951475917934,0.005297194131437306,0.006045158643458382,0.002808199704986093,0.009997713207721628,0.004815683228302217,0.003060148590049952,0.0033000901418267056,1,27.148937076330185,485.12766429781914,0.23404255509376526,0.07446807622909546,2.15326762603819,0.23404255509376526,1.0,0.19531609407431788,0.3623059479445998,0.2978723347187042,0.1702127754688263,0.1702127754688263,0.013505250732813352,0.18961259156960228,0.41489362716674805,60.6010920479243,63.34638832065934,0.0,62.753547423450335,63.40552651232263,0,60.0,61.0,0.0,1,1,0.0972764359699946,0.23286259339089882,0.26474716096762047,0.4051138096714861,2.412095328959668,1.8023295523145257,1.0742316622292227,0.6936667406011761,0.059432118866381396,0.16206672862278884,0.08840892508241877,0.05919001474072006,0.001763128698224852,0.001797655915706086,0.0016387628074180348,0.0017918594992286693,2975.6567307692308,7221.843790012805,4780.176674364897,4988.8490566037735,0.438340135722492,-0.15130404367706593,0.1956475217248036,0.17321834211251985,5.858919886775503,6.315306218635553,6.170243666009121,6.10436930640935,7.396088549371298e-05,4.9787633987498285e-05,5.41411157319146e-05,6.21399985645717e-05,9.512455948967451,9.463673493530253,9.561063098010798,9.443994026449568,-0.17565388865091294,-0.19130730150049197,-0.19052213244571103,-0.20033991025082912,0.9164451046348645,0.930016346259614,0.9308410416147936,0.9369445606416447,0.026379952122228024,0.03113271565652313,0.040375658960956316,0.050742591275132885,201.4721153846154,209.35723431498076,211.06812933025404,207.30440251572327,6.852388942745623,6.875048258544425,6.979225732538488,6.891593991750421,7620.281914755913,5323.6585552191245,7105.599284491349,7079.268345397722,2648.984661381286,3136.375586307975,2971.4439897140655,3017.0293505003738
143,1,1350,1980,96,80,36,47,62.791111111111114,63.38148148148148,1.5652466662489914,1525,0.8804396788953408,41.45929793656026,1,0.6818181818181818,0.6388769396943889,63.131380834545276,59.30430001273095,16.15549442140351,5.598978028024546,5.0,32.0,29.934260115853093,-89.10585319745525,162.95331880577405,0.8852459016393442,0.4887328363356468,0.045797534540283624,0.1409667335260969,0.11115583749491297,0.026270875523006013,0.009132611365318,0.018897743901141007,0.047672621306742366,0.035992527953771856,0.003945209524869485,0.022938284997040793,0.010163003651502285,0.011237023735085063,0.0021667648886344094,0.004049420789083203,0.014401757537013919,0.003488385450292119,0.022041616289573015,0.01341444997657333,0.00622027201974293,0.0018349796326141874,0.00510722439172638,0.008524177988147396,0.006042216864229331,0.006223317897828954,0.003487703104471481,0.009210503082546749,0.004929741074667049,0.0029448265042111596,0.0034532178816575314,1,27.655914589762688,494.1182812601328,0.23655913770198822,0.07526880502700806,2.148997317625171,0.23655913770198822,1.0,0.1961412382252673,0.36601354167417244,0.29032257199287415,0.17204301059246063,0.17204301059246063,0.015038542149624284,0.19158992368480834,0.4301075339317322,60.64409289546153,63.28927382003694,0.0,62.791111111111114,63.38148148148148,0,58.0,63.0,0.0,1,1,0.09646813200078713,0.2318020572167233,0.26768654871025804,0.4040432620722315,2.411703300019665,1.7984642370262984,1.0755263117822857,0.693967434856886,0.05695516559861218,0.15894785831528158,0.09230310416414603,0.05830603152263954,0.0018772796503065934,0.0017184746034289377,0.0017546808865536582,0.0019283247939407436,2990.392789373814,7444.770886075949,4935.6449771689495,5095.982587064676,0.4449499025979152,-0.1628800719077866,0.18253821693332528,0.16954406613660422,5.971792605682458,6.474539977600905,6.305674049378723,6.23539800073855,6.719006395609004e-05,4.236168441931382e-05,4.554093623513766e-05,5.38361320099982e-05,9.41565326184304,9.476862451030398,9.447180861414903,9.38495710216289,-0.17020785903460453,-0.17502772943691353,-0.19486175950521573,-0.19310049945328558,0.9091315764157881,0.9152140530981836,0.9326957323980227,0.930302284536669,0.03719572482288919,0.03633677371309658,0.03859540378706599,0.03418912588434628,203.22770398481973,211.96835443037975,213.21803652968032,209.57462686567163,6.98355791328304,6.977897447727267,7.052389440640229,6.9885135572068835,7784.82481123686,5359.250897292099,7139.891957788641,7176.751893517496,2693.8044001526687,3201.005445842011,3018.8842337393944,3068.1836201455426
144,1,1342,1980,96,80,36,47,62.82488822652757,63.43591654247392,1.5792701405105425,1517,0.8815107031387597,41.3362730423848,1,0.6777777777777778,0.6332038923225146,63.141252311081,59.30430001273095,16.15549442140351,5.560949027643348,5.0,32.0,29.81302875395632,-88.99154247510162,163.19595949289334,0.8846407382992749,0.48583664174995406,0.04479428692937419,0.14081768285222415,0.11072108737254126,0.026675448211443655,0.009585300455817469,0.01878603029498685,0.04846528025675675,0.03589945650019137,0.0037618512712586996,0.02268223080336167,0.010441125553572603,0.011676360572091711,0.0020828132420800797,0.003909070368758685,0.01469593847426725,0.003567416202847156,0.02187926753987882,0.013465224183513182,0.006194813484353001,0.002521216464623901,0.005459330056205573,0.008398109331946369,0.005863725885585119,0.006559223837736216,0.003056492037303707,0.009374896242797841,0.005278558375586915,0.002810761572898771,0.0033197180556888933,1,28.141304820775986,499.49999801814556,0.239130437374115,0.07608693838119507,2.154403634619083,0.260869562625885,1.0,0.2010093201483999,0.37220566171247804,0.30434781312942505,0.16304346919059753,0.16304346919059753,0.01489773372889025,0.19206604793485843,0.43478262424468994,60.67621970388318,63.278822301150186,0.0,62.82488822652757,63.43591654247392,0,55.0,63.0,0.0,1,1,0.09370239982800736,0.23046959826694643,0.27087957484427944,0.4049484270607668,2.3726154824374563,1.798198842292102,1.0819059209554245,0.6958268746677962,0.05791633145458276,0.1573934202005424,0.09453028731607183,0.05884945433193903,0.0017078363590577134,0.001735009582616545,0.0017155014971649435,0.0016771251436862832,2990.3999999999996,7436.537084398977,4975.578341013825,5075.035087719298,0.44698439547283764,-0.15845266804861663,0.18013096033519943,0.1692473635947327,5.879616728169153,6.362273384735039,6.175318562669845,6.148414932366499,6.99720607348947e-05,4.7085452537175566e-05,5.0430898948500426e-05,6.0031743817318585e-05,9.525675206439749,9.475929742085441,9.493400629726358,9.508396516773926,-0.18071734812196136,-0.19770013272432577,-0.20932283850306468,-0.19691965761041483,0.9215739430798634,0.9353775572386538,0.9441050462202623,0.9352429194664627,0.03980992853226308,0.030481217152922176,0.04180203303216709,0.03429364228671668,206.733014354067,215.26342710997443,216.5898617511521,212.52380952380952,6.966970895767888,6.925623754954136,6.9909477127837185,6.965182162451962,7824.484699526103,5402.204263446736,7161.917040073036,7142.88602458527,2703.72117488153,3209.6853369614273,3034.373845271719,3054.480278076142
145,1,1343,2040,96,81,36,47,62.86522710349963,63.460163812360385,1.6055634249991293,1527,0.8822932697014233,41.351671170332686,1,0.6583333333333333,0.6228343174923422,63.371870082424294,59.30430001273095,16.15549442140351,5.54684332318776,5.0,32.42481810800324,29.829145726319485,-88.93952707355099,164.61017305526642,0.879502292075966,0.48619866607316564,0.04409916396865328,0.13910596762029767,0.11167384340305624,0.027493307922351187,0.010453559736668406,0.019028927076986165,0.04792654751215759,0.03647108850184644,0.0037690423659965263,0.022379604241451537,0.010719799334328617,0.011512483554157906,0.001564009109882474,0.003467106185522084,0.015055368898138773,0.003236875646728889,0.022468401341177415,0.01321148226361108,0.006161803455244363,0.0032655213951728696,0.005231084071710268,0.00802954452252842,0.006120254280431072,0.0066348838343385065,0.0031698499692711093,0.009280104915593662,0.0056981912627932845,0.0026505890145151587,0.003237959878838737,1,27.829788103699684,492.54255889356136,0.23404255509376526,0.07446807622909546,2.137448806539253,0.26595744490623474,1.0,0.19737438371418214,0.3667479961977374,0.2978723347187042,0.1595744639635086,0.1595744639635086,0.017206322724971978,0.188829327741076,0.42553192377090454,60.73815848180066,63.24976780679057,0.0,62.86522710349963,63.460163812360385,0,57.0,62.0,0.0,1,1,0.09283137933393854,0.2289898265728827,0.2675435765869522,0.41063521750622656,2.3523121216128065,1.7879845179498892,1.0888212828978074,0.6998516460797742,0.06460634285041483,0.1576030012794188,0.10762082446118389,0.06383430364914408,0.0014395380241191565,0.001446813812686385,0.0014254921531567887,0.001595467365154741,2863.3557046979868,7161.250960307299,4889.451612903225,4843.928571428572,0.4510347688416814,-0.16090907415333228,0.1636100486593476,0.1703777447312314,5.966435546746935,6.42071880788178,6.266544301055795,6.279161053848487,6.617700188826617e-05,4.3780590094528096e-05,4.816001628482101e-05,5.302654677081763e-05,9.74375724646948,9.661007632593249,9.74078587151984,9.584753807608593,-0.18949468509314762,-0.2145748550966915,-0.21033407099317777,-0.22637379701554705,0.9326974687336118,0.9497037040665013,0.9479947833921041,0.9557292459457127,0.0418942763996574,0.0208861635308445,0.03539817126576078,0.03602162764711116,203.90028763183125,212.22151088348272,213.37557603686636,208.84335839598998,7.105324385592725,7.005393758405154,7.160409975750214,7.030253586488451,7568.473278920152,5176.064889394569,6802.347421903207,6833.503032330198,2607.9572459045285,3084.328962425461,2922.9497587016085,2919.3579009396926
146,1,1297,1980,96,80,36,47,62.830377794911335,63.44641480339244,1.6723238822060003,1484,0.8832339908594268,40.63731892634535,1,0.6550505050505051,0.59797029190355,62.6233408677651,59.21148537234985,15.620499351813308,5.37549244594353,5.0,31.820487051998672,29.36612165003026,-88.62532245428508,165.095454429505,0.873989218328841,0.4710187363153183,0.04248146627487242,0.1419956252114802,0.1065690976329771,0.02730421370390454,0.012220501414828838,0.017513097215032258,0.05174392440141346,0.03388018953659561,0.0022887183774126883,0.02169499075265636,0.012166655324937457,0.012765542188433275,0.00031564274829916226,0.005553383188802779,0.013533150753845893,0.004078988328866583,0.021765922902104242,0.014090011505004918,0.0069592720283429,0.0035488866987339455,0.004761714977158917,0.007944235574122693,0.004160476600310589,0.006175475912920618,0.0019169103768585877,0.011621795662614641,0.006061287242094368,0.0031363821835351034,0.0032352672323323725,1,28.62365648150444,489.8064549714327,0.24731183052062988,0.07526883482933044,2.141979419182812,0.2795698940753937,1.0,0.20592558619787368,0.3776456861768949,0.31182795763015747,0.17204301059246063,0.17204301059246063,0.01646278816142382,0.1899608491547752,0.4516129195690155,60.70227430550769,63.20299875915793,0.0,62.830377794911335,63.44641480339244,0,61.0,62.0,0.0,1,1,0.09187302543143136,0.22514928077621574,0.26203020732452864,0.42094748646782426,2.291525268933958,1.780601324187508,1.1070136120518348,0.7053861627245064,0.07037526807589724,0.15952638391860063,0.12433906359481368,0.04735064918063803,0.0017324227613543714,0.0016764626819043744,0.0016591526010001818,0.001787191277815862,2950.7775551102204,7322.665768194071,5146.676755447943,4909.683311432326,0.4440163671617368,-0.1693879934344095,0.1333510678047802,0.16716715215425498,5.915134850537687,6.403337762158232,6.205524579154576,6.133507986506986,6.943903845626501e-05,4.24093476118921e-05,5.018164486746381e-05,5.9672928575092124e-05,9.528231198514478,9.503667338494605,9.52620470416224,9.435901684608833,-0.19031456659362472,-0.2034837182928343,-0.21035296889793695,-0.215760374897494,0.9301684666528021,0.9401333840604643,0.9452392940017365,0.9475910955241378,0.03759695865776571,0.02622066314019405,0.03471580188324487,0.030561946059998953,209.88577154308618,217.3504043126685,220.0956416464891,214.29829172141922,6.95034840929161,6.889191170934178,7.010727700501726,6.961400966353811,7663.842663282463,5201.262661561588,6730.512644443013,6880.637697475991,2653.655054598172,3130.98210743892,2969.2973499727395,2947.580252227084
147,1,1357,2074,97,81,36,47,63.116433308769345,63.454679439941046,1.5889990270993593,1541,0.8837559101493561,41.56664603026825,1,0.654291224686596,0.6293270058355237,63.697296100648494,60.29925372672534,16.1245154965971,5.593407537987593,5.0,32.393307859063185,29.80703324427702,-88.61059104706044,164.61017305526642,0.8805970149253731,0.4751886859751419,0.046253490911764096,0.14300081681731322,0.10765785735662493,0.02408915252044156,0.006468594692346635,0.017901335861351217,0.052297786852153534,0.034050320425978026,0.0029922091790547875,0.022784705035624048,0.008578486344745026,0.013536593515664361,0.0024417790854174564,0.005678240546000355,0.013760747876498482,0.004229193783847119,0.020153663929963372,0.015064595013453842,0.0051007478592139536,0.001629794709540862,0.004247086815520897,0.009767832590026043,0.004293380837067565,0.00646046677649532,0.0020322780367439245,0.01046822026366585,0.004921449599019844,0.004468886959046231,0.002506796459807687,1,27.44680942595005,497.86170794069767,0.23404255509376526,0.07446807622909546,2.1759813326698447,0.27659574151039124,1.0,0.19465822287907836,0.36688408838666003,0.2978723347187042,0.1595744639635086,0.1595744639635086,0.016844212748246573,0.1877093194263269,0.42553192377090454,60.960084581202956,63.163037664383346,0.0,63.116433308769345,63.454679439941046,0,56.0,59.0,0.0,1,1,0.09335669624704895,0.2301331235091101,0.2758605957806229,0.4006495844632181,2.3460192001341618,1.7743786852378516,1.0787977765830115,0.6970275463033163,0.08891972199924435,0.17184498655372962,0.10692255668171632,0.050518965904233964,0.0016028565760761754,0.001599903861560647,0.0016195692218284464,0.0015546105415518133,2733.96338028169,7070.498734177215,4923.261958997722,4841.315659679409,0.4664090960494684,-0.16350288108681463,0.14217750743431448,0.15188334907237847,5.954034877880705,6.5077502846438176,6.378574255454804,6.351156451918615,6.688361544277892e-05,3.775505086699848e-05,4.19806918451333e-05,4.620462969712606e-05,9.663233077047309,9.602541517234704,9.64933757592967,9.626819222323622,-0.19859450946771465,-0.22133583887340924,-0.22491540887238654,-0.21462696630694736,0.9387425887794296,0.9530783027935558,0.9556660944599054,0.9493103724976398,0.0341348499044891,0.024393866128452055,0.033384395664498426,0.029776091223563315,203.12769953051642,212.34683544303797,213.26651480637813,208.54130702836002,7.088392578004956,6.9962748717505745,7.12334033326115,7.031905434684747,7513.450359496579,5083.315148213427,6555.247876463916,6575.311179056174,2561.8534349445636,3038.453470597662,2869.6274588654087,2854.1567096838935
148,1,1301,1920,96,80,36,48,63.14373558800922,63.48193697156034,1.612542687677322,1482,0.8871120035616801,40.69993424688112,1,0.6776041666666667,0.6201386218434827,63.0974360633087,59.30430001273095,15.620499351813308,5.429873134762589,5.0,31.0,29.12288755379678,-88.30753268746071,162.36753236814712,0.8778677462887989,0.47099364449827885,0.038201657512536805,0.1414201646161585,0.10781857530185766,0.02807942608769862,0.017577635832688805,0.020087676234112863,0.051509292340435636,0.03392402721175641,0.0026670335647947284,0.018440785716519543,0.01576818057272084,0.011959979452214596,0.002489483178212278,0.0056263237040440565,0.012644348787279722,0.0029169087992272635,0.022441543109181415,0.012258714376991902,0.009481148313869649,0.003737556305094666,0.005076004386367594,0.007163127815696205,0.005286865577127132,0.005253393657075428,0.0030037815165307527,0.011016200226848004,0.007482704046604934,0.0028776108068738274,0.004844601277501875,1,28.94623713195324,495.59140081703663,0.24731183052062988,0.08602149784564972,2.231311950200462,0.2795698940753937,1.0,0.20675883665680886,0.3809311305280835,0.31182795763015747,0.17204301059246063,0.17204301059246063,0.018008417675157033,0.19145852939991487,0.4516129195690155,60.940117144072246,63.13148187793467,0.0,63.14373558800922,63.48193697156034,0,56.0,59.0,0.0,1,1,0.0910392714214902,0.22228249214426518,0.2688869605937914,0.41779127584045317,2.2777325407568862,1.7633507456078565,1.1070314421915264,0.7068224315584256,0.07200987399314454,0.17991400525001502,0.12397484273544879,0.04634568747094014,0.0016539312484252955,0.0017119514242889483,0.0016631720168034212,0.0017451977003241322,2911.210317460317,7397.226720647773,5332.816646562123,5090.281782437745,0.4587720036321014,-0.16573811555908527,0.11434369113468186,0.1408931240196925,5.924563463435721,6.469416255289166,6.322450697044788,6.294988499028397,6.924314683917545e-05,3.860251509845256e-05,4.4030592318995e-05,4.548522384440506e-05,9.604515350771875,9.4869384290248,9.55104107889614,9.478948283108068,-0.17945910891727992,-0.20576751158675993,-0.2066261336844962,-0.20953437544347014,0.9216612381956919,0.9415427294114561,0.94302365208087,0.9440545396459725,0.04277176546791995,0.016858579068132283,0.03511882038537215,0.033455671526021497,211.14484126984127,219.23481781376518,221.31604342581426,215.86762778505897,7.074396210906295,6.957761712075735,7.1072867646354325,6.995141318657417,7846.5861638637,5293.834199325793,6709.815677469756,6759.889423861459,2689.4491203310063,3172.7652299933925,3010.658081007972,2962.5428015748003
149,1,1296,1952,97,80,36,48,63.175925925925924,63.47608024691358,1.6519693265022275,1481,0.8876533649649295,40.621650015438455,1,0.6639344262295082,0.6053381161243079,63.08462043032249,60.13318551349163,15.524174696260024,5.396968072391707,5.0,31.0,29.0512385266838,-88.12010929383058,164.0243866176395,0.87508440243079,0.4563380669183548,0.043593974343586465,0.14363783470709865,0.10272684424106376,0.026673825172753095,0.006886097133813406,0.015641240763947597,0.056477465993809164,0.03211253765360423,0.004082135133111162,0.020366126243098377,0.009021314809453822,0.014837435857455892,0.0014726758027339755,0.009182651681035568,0.012920904663578344,0.0031213582129578114,0.020192520806511412,0.014768972330530093,0.00535557063325468,0.002467829322942469,0.004167594355745717,0.009927285104277607,0.0023323325503270967,0.006172137128279311,0.0009595542813763483,0.012157718512716133,0.0060326628642188955,0.004873363050993032,0.0023514232779680857,1,29.276596412062645,492.3297923952341,0.24468085169792175,0.08510637283325195,2.233066294702766,0.3085106313228607,1.0,0.20911854580044748,0.37988409907039666,0.3191489279270172,0.1595744639635086,0.1595744639635086,0.02065080357044331,0.18937477733313093,0.44680851697921753,60.9770521973633,63.08679962528615,0.0,63.175925925925924,63.47608024691358,0,56.0,60.0,0.0,1,1,0.08738304695875876,0.2214395307505853,0.2742496602430833,0.41692776204757265,2.264968577171014,1.7606480481764297,1.1072509647197373,0.7091054850572887,0.11267975889466034,0.18827185282511724,0.12510029924855234,0.045528690104934835,0.0015768598911128397,0.0016503721644612478,0.0016429152134979732,0.001776315789473684,2827.7101593625493,7168.126358695651,5292.910194174757,4935.336842105263,0.4607743507481985,-0.16638911059067069,0.09659185047269754,0.13955287008676717,5.927023563850781,6.418951112902668,6.362138852189022,6.280095565592338,6.954579241239719e-05,4.202657025342626e-05,4.18354602187706e-05,5.030074608292937e-05,9.648097260452436,9.504717723225271,9.540596773835377,9.516975899600613,-0.18454817922611053,-0.21774139625865033,-0.22681331476913327,-0.21641016481478004,0.9270156631595773,0.9497174781436456,0.9554594155606152,0.9490446565686625,0.033571859576697984,0.023287581189572967,0.02343913885085547,0.034467376769575335,210.31175298804777,218.1399456521739,220.74757281553397,214.64473684210526,7.063907656121447,6.985448797317728,7.065721226468046,7.011234273626506,7660.330100911102,5123.014382605739,6424.7396785747915,6536.226419667597,2622.0100650684144,3072.7851853253487,2929.412468187391,2867.890815443214
150,1,1301,1952,97,80,36,48,63.255956956187546,63.48808608762491,1.629039606890966,1485,0.8884418432183261,40.69993424688112,1,0.6664959016393442,0.6138586169236899,63.2164799363356,60.207972893961475,15.524174696260024,5.413422467315951,5.0,31.0,29.015681931701963,-88.02944523993618,163.1959594928933,0.8760942760942761,0.4569612821242612,0.04165339525021606,0.1444179326596337,0.10319585309339496,0.024877871014214546,0.009494151541021496,0.017278969014641623,0.05667622185144765,0.03200988976644167,0.0020554326320856606,0.01979730966549597,0.010751710893732369,0.015145639460509196,0.0009890296386511253,0.008786620942449428,0.012304635001518729,0.003936610876328487,0.020227265060803717,0.014666231984546745,0.006463447171303275,0.0027245617162905598,0.002963193358900689,0.009242307611022052,0.002568324783990326,0.005591906075695907,0.0016727087051220987,0.012092066785112402,0.00678987092051461,0.004261049853199217,0.003071988713507769,1,28.750000566244125,486.08333690464497,0.2395833283662796,0.0729166716337204,2.233308833775241,0.28125,1.0,0.20535714690174375,0.37362285695975783,0.3020833432674408,0.1666666716337204,0.1666666716337204,0.019218909861953137,0.18678900926095424,0.4479166567325592,61.07133977688369,63.024279956888165,0.0,63.255956956187546,63.48808608762491,0,61.0,61.0,0.0,1,1,0.08666209495325056,0.2173195612173805,0.28145894012903055,0.41455940370033834,2.2549477106835667,1.7452638836037748,1.1096305488117224,0.7105952361187615,0.12996144003806184,0.20697908142217628,0.14304249783265824,0.051546048968214415,0.0015661860050930347,0.0015248492593327022,0.0016022836005507711,0.001578879917980264,2727.203557312253,6995.052845528457,5204.235507246376,4821.413071895424,0.4661233786064364,-0.16750937314079106,0.08720385923565965,0.12787753389462833,5.957592772227128,6.485751775939639,6.357208252715939,6.304857733098537,6.87595472261469e-05,3.986609526561159e-05,4.314260668185807e-05,4.931973842692715e-05,9.651481657053166,9.615147988571191,9.604303198621285,9.568762666445568,-0.18539183751128982,-0.20151460214303826,-0.21269321989225787,-0.2098387139465569,0.9278132710786623,0.9402453516392849,0.9477941967847276,0.9454563859026457,0.04617226842698629,0.03301214283532987,0.03459675004773122,0.023851853081175135,206.37549407114622,214.7330623306233,216.49154589371977,210.46928104575164,7.043519776903742,6.985097429830703,7.067129139469859,7.013218833783482,7489.402482463411,4987.810858101802,6198.607416450803,6235.320951770678,2554.151509943913,2995.715925907565,2850.7107309242947,2764.183505916526
151,1,1318,1952,97,80,36,48,63.31183611532625,63.57814871016692,1.6311984349790807,1497,0.8886628063237089,40.96498163017951,1,0.6752049180327869,0.6130461987678554,63.61743925539683,60.207972893961475,15.652475842498529,5.450967055588115,5.0,31.0,29.17249223474475,-88.0997287148916,164.36753236814715,0.8804275217100869,0.46293233654095023,0.04135544459042492,0.14277917495822262,0.10573559201123708,0.0249945132536469,0.010643074091144887,0.018752428591217035,0.054473656371039826,0.0334533249266128,0.0015272057376369678,0.019973031885351315,0.011631247446260123,0.013882735578536398,0.001240398193644052,0.007304378157421458,0.012946229773116904,0.004057029933940018,0.02048073429097317,0.014521149965485739,0.007096352662864836,0.002634241524252262,0.0033310208235341606,0.008547255259237007,0.0037434980617936575,0.005813728799824924,0.0015564893643290063,0.01224351052310244,0.0062964259472653075,0.004266151360046909,0.0034214161992814646,1,29.063158258795738,496.17895172536373,0.24210526049137115,0.08421054482460022,2.2322799103215005,0.31578946113586426,1.0,0.20467012858306857,0.37646354455642167,0.31578946113586426,0.16842105984687805,0.16842105984687805,0.022225469301099688,0.1885511246024974,0.4421052634716034,61.14572412241311,63.038674491892486,0.0,63.31183611532625,63.57814871016692,0,57.0,62.0,0.0,1,1,0.08551668607042077,0.21569043518940145,0.28230477206357935,0.4164881066765984,2.210019455702234,1.7334145949977475,1.1173504191585504,0.7128978241555279,0.14739641881232682,0.22583864593450995,0.15643526990756065,0.054631877951901574,0.0015842794149452085,0.0016040309765806178,0.0016775510723460686,0.001692593889810403,2734.5296404275996,7074.249667994687,5337.624256837098,4905.731362467866,0.4717438805137302,-0.1723748850319979,0.07517860162680864,0.11978971422681405,5.93561540585253,6.498470157922222,6.392173794661674,6.250552275755112,7.027473887040025e-05,3.7712427002853446e-05,4.102519672249915e-05,5.015471930712481e-05,9.678375495927856,9.575168834402394,9.577914866478396,9.526445802345158,-0.20308726144916017,-0.22787494714012158,-0.23551943330622394,-0.23476668268504722,0.9422450680750751,0.9564410778545267,0.9604446448891,0.959507017890616,0.03581728359386469,0.02304404362197193,0.032280486459344775,0.03814253077227734,207.709426627794,216.14873837981406,217.9643281807372,211.80591259640101,7.116743403383833,6.993541081527712,7.125947184408289,7.098259284397454,7618.515178388436,4993.988501064363,6205.41370968541,6240.994463755866,2588.2612047040075,3017.059542264764,2885.75949163063,2786.681456555929
152,1,1320,1952,97,80,36,48,63.34469696969697,63.56363636363636,1.6287269221988094,1498,0.8888427028185378,40.99605101775554,1,0.6762295081967213,0.6139764661407959,63.67402652166297,60.207972893961475,15.652475842498529,5.452106951332588,5.0,31.0,29.176231715480988,-88.02986324865584,164.36753236814715,0.8811748998664887,0.46363481353114894,0.040906357039546475,0.14270301676314728,0.10602785897754059,0.025066867079267485,0.010661259316038167,0.018857442355937,0.0543978926637128,0.033547222730496366,0.0015771054357943141,0.019967943225712784,0.011588086223813337,0.013981924069980016,0.0011072730324921296,0.0073196547249555245,0.012861084150422525,0.004349824762170538,0.020275828536705832,0.014556780683459688,0.007005146364360024,0.0021872143650529586,0.0031734106752471544,0.008691791753823444,0.003734428350146524,0.005641026749917741,0.0012990739418930555,0.012270474467313207,0.006321334746600827,0.004169395482298643,0.0033383914304709814,1,29.20000034570694,499.97895224392414,0.24210526049137115,0.08421051502227783,2.2150272929184176,0.3263157904148102,1.0,0.20563380525145733,0.3787719335181243,0.31578946113586426,0.16842105984687805,0.16842105984687805,0.023986194282428173,0.1895772452867938,0.4526315927505493,61.20971406314453,62.97355679518614,0.0,63.34469696969697,63.56363636363636,0,61.0,62.0,0.0,1,1,0.08360352042973564,0.21373531553773817,0.2842856551983773,0.4183755088341489,2.163855822887263,1.7203086372549627,1.1268980926782515,0.7153570876438813,0.15582392543978937,0.23955416848496686,0.16904505564177819,0.058098671206105026,0.0016062390297341639,0.0016349583828775263,0.001610499698163228,0.0017179129294164362,2756.1955469506293,7097.5875331564985,5458.739027283511,4966.9473684210525,0.4739879606874121,-0.17155030924438675,0.06277320133218706,0.11195240784021847,5.847088630689223,6.436133083310342,6.265279335242441,6.236487006144496,7.614423003899954e-05,4.053339620581259e-05,4.6343132209464086e-05,5.1602577835913265e-05,9.661721719571291,9.536760722043155,9.591077034052814,9.536691734804192,-0.19043020280343317,-0.22442589797138068,-0.22449954185086765,-0.21862559245748048,0.9322681272280469,0.9540746596826846,0.9547573243353119,0.9506598641688215,0.04916971900386552,0.0297079040471619,0.020000823833846815,0.030298060683728492,208.65440464666023,217.04907161803715,218.85765124555158,212.6444159178434,7.098501491181008,6.947761325167416,7.0385829269573605,7.029767508473148,7723.3955686920235,5018.985655636774,6189.965501956678,6219.271506045239,2619.897778910663,3029.143297198316,2912.1761323100436,2796.554718616575
153,1,1266,1920,97,80,37,48,63.258293838862556,63.46998420221169,1.7103246142848805,1454,0.8898510097640357,40.14873925336531,1,0.659375,0.584684329306761,62.829833588592805,59.30430001273095,15.297058540778355,5.2645796275175085,5.0,30.986349351833077,28.666188548772748,-87.52732536877004,164.95331880577402,0.8707015130674003,0.4583227931858732,0.05077120234223349,0.13631281151840782,0.10701762188867399,0.02428625968274398,0.003516151478185495,0.017860305651250713,0.05403558190262263,0.03378894470949286,0.003672265754607975,0.022835867758733672,0.008438489232642553,0.015012674672248294,0.0037343847466189033,0.007077265811459699,0.013417193079922366,0.0031735276497709777,0.018821560185740376,0.017238231586750183,0.00568135281215349,0.003914965324912438,0.003912393018640162,0.008903638642676355,0.004096761147830077,0.0064423965967671535,0.0007927246519619483,0.012227866427605916,0.005298486027079915,0.006825387347909994,0.0027320048841294633,1,31.115789622068405,491.7684257030487,0.2526315748691559,0.08421051502227783,2.199571108588959,0.34736841917037964,1.0,0.21759293442005878,0.38844267433100216,0.31578946113586426,0.15789473056793213,0.15789473056793213,0.025199778650121175,0.1904963647381949,0.4526315927505493,61.14016004535286,62.87700671989767,0.0,63.258293838862556,63.46998420221169,0,59.0,59.0,0.0,1,1,0.07885611609403162,0.2136007544556272,0.27404854731257605,0.4334945821377651,2.0798300619800716,1.7007456298165005,1.1375261013040032,0.7278569509103586,0.16691663236682727,0.24677498241263413,0.18420723666781277,0.0671884258721365,0.0017793855818328407,0.0015909765747257416,0.0015064329183606471,0.0017197024255878352,2856.4651639344265,7138.915014164308,5810.55904522613,5116.393732970027,0.46266975750325856,-0.17433909163729794,0.018888941682248618,0.0898371118032622,5.991117163316353,6.53411599067521,6.501986265267542,6.3586643363684825,6.656703113452369e-05,3.6888703293589845e-05,3.655196855725706e-05,4.4253309178633255e-05,9.569374767434843,9.573552021511224,9.653424791798805,9.493568333508767,-0.2101568944040991,-0.22072024036169097,-0.2201640825697748,-0.2282225581806094,0.9456772831451246,0.9523678576607344,0.9529999369393872,0.9556868373531288,0.0518518492665027,0.03715302242241021,0.027918159959665977,0.028104623678900955,214.14344262295083,221.53824362606235,224.43341708542712,217.0177111716621,7.137306853893408,7.078023367489111,7.211154121953426,7.1182260429454685,7775.600325853258,5019.268367453391,6034.295817971775,6126.415217649541,2658.016372446924,3039.5458454044237,2961.213715799475,2810.702237654894
154,1,1280,1920,97,80,37,48,63.27421875,63.51328125,1.6796246385175213,1463,0.8899563211536571,40.370120352322566,1,0.6666666666666666,0.5953711186819842,63.065947904320204,59.30430001273095,15.524174696260024,5.308772947276881,5.0,30.986349351833077,28.760958918268354,-87.45637978657076,164.36753236814712,0.8749145591250854,0.4618496778096464,0.057395593591906,0.1336374339705533,0.10686534626803586,0.028620835241399547,0.010885586082307271,0.016237887196728997,0.05184761952809284,0.03323257329869846,0.006120552859486485,0.02428487847778064,0.005691912591050706,0.015182707880320993,0.006272297881318976,0.009792204460729537,0.013869544972030872,0.003017079736303147,0.01668468029111262,0.016003280280517115,0.0031911273344903545,0.002572039672287432,0.005732892539555245,0.011823203229229128,0.005460366996397567,0.006809062228011606,0.0008746079330907565,0.010267753812203184,0.006063526052254062,0.006441493071393196,0.0015623419672116414,1,29.632653430104256,482.13265520334244,0.2448979616165161,0.08163264393806458,2.177641409447832,0.33673471212387085,1.0,0.20868065795848068,0.3766661368776113,0.3163265287876129,0.15306122601032257,0.15306122601032257,0.022931699773369178,0.18593757968844116,0.43877550959587097,61.20131641291993,62.84604964922714,0.0,63.27421875,63.51328125,0,54.0,60.0,0.0,1,1,0.0789011405593983,0.21007851976794106,0.27725454570617597,0.4337657939664846,2.061091018694474,1.6806281581435256,1.1484977945110193,0.7286354544318899,0.17982245293162785,0.26316543130014386,0.20251708555485,0.07091503781336425,0.001626138780813395,0.0017633133562476532,0.0016639138492943258,0.0016908329435546736,2682.0393541876892,6786.023709902371,5525.666254635352,4857.820615796518,0.4678881585755112,-0.18327288142940215,0.013343439938883284,0.08504816658520258,5.867607158022285,6.38660794990508,6.314100047611262,6.245927842493354,7.528952747147227e-05,4.1782343406780586e-05,4.43483175609161e-05,5.017334330454069e-05,9.597972553127608,9.434425135363625,9.54273195772758,9.504784463160432,-0.1929808259022669,-0.23355854058376932,-0.21309914202431315,-0.21330913668586574,0.9334181127637319,0.9578569775504655,0.9472656108785972,0.9469093397246706,0.049446062746663966,0.02181621911977817,0.0281613117204563,0.032114112542087035,207.4561049445005,214.67642956764294,216.88751545117424,210.02945113788482,7.046789783353504,6.901007870411977,7.024958192136474,7.001275220245049,7398.696105514711,4683.898091575589,5675.123317560043,5760.925504785788,2520.1838649256024,2867.4804503694904,2800.197393048842,2654.6865301455673
155,1,1276,1920,97,80,37,48,63.31269592476489,63.440438871473354,1.6441363923731946,1458,0.8904114016900576,40.306992682189374,1,0.6645833333333333,0.6082220457127469,63.04999438964568,59.30430001273095,15.297058540778355,5.320281319202779,5.0,30.986349351833077,28.69762143773461,-87.64587523865495,162.36753236814715,0.8751714677640604,0.4619430364179891,0.05041356192279127,0.1357847521558615,0.10851794384982365,0.024476514639793043,0.0042602502168526965,0.019185207092654918,0.053110598308536226,0.03434479671690678,0.0028829365409873465,0.022068750872107874,0.009135887064421446,0.01570860046207014,0.0035664294177545127,0.006801472411528677,0.013393400051400757,0.0026854485476760196,0.01939988370403177,0.016633566340287717,0.006451664128336379,0.0030646926014026247,0.0032651718009629586,0.009117526684867119,0.004538344654206133,0.006331482845694005,0.002058227030856254,0.011215464715663951,0.005952014244058293,0.006289060259780723,0.0034661266123269495,1,30.041237264871597,490.03092862665653,0.24742268025875092,0.08247421681880951,2.134483326095955,0.3608247637748718,1.0,0.21458026617765427,0.3840367779205772,0.3195876181125641,0.15463916957378387,0.15463916957378387,0.02767876216761282,0.18879806802315122,0.4536082446575165,61.291586844401685,62.754044557208545,0.0,63.31269592476489,63.440438871473354,0,52.0,64.0,0.0,1,1,0.07731470790298609,0.2080870148999709,0.2786485189477339,0.4359497582493091,2.013338107841014,1.6594939438272651,1.146953258636478,0.7348373732181218,0.20644291763023714,0.270756859413253,0.21047289739401814,0.07711712487239063,0.0016610549943883275,0.0018123135605653089,0.001620307858493114,0.001727431836104327,2738.2565656565653,7114.202797202796,5789.224844720497,5072.0067476383265,0.47015322205115817,-0.2061344227421247,-0.00469178784720864,0.06931115056245787,5.820352441396187,6.442073988185985,6.3732245666138745,6.2450100903068915,8.105631908972939e-05,3.9886022419724074e-05,4.506271666644562e-05,5.2204788715642e-05,9.59783137816634,9.429778986568856,9.577366340316372,9.483485890294451,-0.19449809014038852,-0.23719532462209983,-0.2212324747495481,-0.21915998387983135,0.9346354963112266,0.959660794018744,0.9527154716998723,0.95032105349739,0.05001313619939594,0.03361885062675497,0.02925575115887745,0.03231880715749263,211.12121212121212,219.06153846153845,220.5664596273292,213.71524966261808,7.062242711942654,6.9710248280427605,6.9924317328594165,6.958070500496314,7597.775206611572,4682.496912318456,5735.154899888119,5827.461427366819,2584.007943067032,2949.1749273803107,2881.094936152158,2724.8670437512883
156,1,1288,1920,97,80,37,48,63.38509316770186,63.45496894409938,1.6642676746888245,1477,0.8905023323241753,40.49608047229867,1,0.6708333333333333,0.6008648820190384,63.30740715473101,59.413803110051795,15.524174696260024,5.343506308309508,5.0,31.0,28.80352032376824,-87.54573710698742,164.12489168102783,0.8720379146919431,0.46418907347207,0.04956882134010054,0.13618966407429448,0.10927615803237524,0.02265327442006311,0.005296297883971763,0.020000297709726257,0.05283114643658614,0.03463748871857401,0.0018986386700510054,0.022600893976294976,0.009923715004180267,0.01466875536048629,0.0032946030601766346,0.006071941057355901,0.013058052182952046,0.0041128892667720955,0.019216762013367358,0.0169939683322604,0.0069955660191018,0.0030597197982595017,0.002335843707734013,0.00872759461591575,0.004483653425397957,0.005593967776400839,0.0012474230581478653,0.012243473135052443,0.005322711227836434,0.0064572698565907366,0.00366073356332094,1,30.35714316368103,490.7755119353533,0.2448979616165161,0.08163267374038696,2.165377427467446,0.33673471212387085,1.0,0.21228771443133587,0.38103688814856623,0.3163265287876129,0.1734693944454193,0.1734693944454193,0.026307886531185425,0.18988985877057962,0.44897958636283875,61.3554141599669,62.70047406078634,0.0,63.38509316770186,63.45496894409938,0,59.0,59.0,0.0,1,1,0.07541167618859336,0.20843729269927297,0.2825390880023416,0.43361194310979206,1.9822497741001566,1.647038239243332,1.1552709376095736,0.7338924871556005,0.215312107886127,0.2877141329860116,0.22419589987697613,0.08279519322019571,0.001608335511908939,0.0016385163249025786,0.0015958447815122884,0.0017205890674513353,2742.6091724825524,7117.965421853389,5886.0699386503065,5121.331117021276,0.4752817594879223,-0.19957213040784352,-0.012477458905885603,0.060696210638416244,5.927361250298385,6.538024962525767,6.384733158438154,6.312831102385621,7.132638935041679e-05,3.6086829317195794e-05,4.2015430893087355e-05,4.771048259605591e-05,9.624956658130323,9.525922117914329,9.574821553069535,9.475393220737704,-0.19241806727287597,-0.22159801581660438,-0.22033035025020914,-0.2193357564834271,0.9333581191379735,0.9523069361174881,0.9521525001639801,0.9503266109492425,0.055401907543676805,0.023030675306384044,0.02678569212798773,0.01745148195548282,209.2113659022931,217.2766251728907,218.74233128834354,211.57047872340422,7.1639136814315565,7.024767351343793,7.1358010836131145,7.0588352924222235,7711.036082182174,4749.54173577515,5740.993729534435,5783.194500834659,2613.4113136661817,2966.8767894071298,2906.765917046181,2726.131404463984
157,1,1252,1920,97,80,37,48,63.257188498402556,63.51837060702876,1.7468645248042338,1438,0.8938351137964055,39.926130666625134,1,0.6520833333333333,0.5724542377503872,62.97954631520147,59.30430001273095,15.0,5.213373892547412,4.47213595499958,30.90700961340717,28.239763764790446,-87.50627783608628,165.78174593052023,0.8706536856745479,0.45325445266091097,0.05011243934704662,0.13519843127300307,0.10726065533808973,0.02412613365607013,0.0028942272387578586,0.019561669875272074,0.0543209159678579,0.03422019796787696,0.003582609904439726,0.02108307041969006,0.008333389420909377,0.016051410757017662,0.0045074439598834035,0.00767066471180418,0.013453730356354127,0.0024968695762962964,0.018226205940471512,0.017468904806699118,0.0059567790379848615,0.003102099959718107,0.0032779336977355293,0.008827724668564229,0.0038674623976375703,0.006402598636810382,0.0006095250157443855,0.011804254622653528,0.006648949214471126,0.006996505188024838,0.003325917568014714,1,30.000000476837158,472.4158529341221,0.23762376606464386,0.08910892903804779,2.124399358796968,0.32673269510269165,1.0,0.20979021312473536,0.3773289560176694,0.31683170795440674,0.14851485192775726,0.14851485192775726,0.029224870463827525,0.18622312818899936,0.43564358353614807,61.310328218886355,62.66818963353013,0.0,63.257188498402556,63.51837060702876,0,54.0,60.0,0.0,1,1,0.07218007271507881,0.20046527096177014,0.2810915038591205,0.44626315246403053,1.8826968966516282,1.6192420596395856,1.1770119158248114,0.7449619558466214,0.18436546911329135,0.3011585910772467,0.25262006354142363,0.09081185756730256,0.0014990966096290787,0.0015187818186348202,0.0014799092104316428,0.0014981787794437103,2638.1072164948455,6811.889048991354,5740.4654731457795,4925.428372739917,0.472248469005549,-0.2121703691143509,-0.03824474307917504,0.04584641166113043,5.950039495148085,6.5462617801844605,6.477751411136162,6.305066045939037,7.132719244456773e-05,3.687472047582353e-05,3.921576958115095e-05,4.7737077646981e-05,9.710199241054426,9.603436418259738,9.65321816907982,9.62813758637277,-0.19695005719590558,-0.23344545050300958,-0.22707496522729484,-0.21613356949742718,0.9381507807191313,0.9596804249586174,0.9568948790280536,0.9502656414567457,0.0558063425476152,0.025073649117234486,0.024798791338951576,0.03211240971282672,206.77525773195873,214.0158501440922,215.4987212276215,208.2044506258693,7.089902897171083,7.018413622686364,7.056628575533643,7.0492130112597575,7359.427841428427,4427.272083066891,5317.554346190824,5398.7551401362725,2499.3837644808154,2809.7902830145595,2764.5049548341503,2581.045878219049
158,1,1299,1920,97,80,37,48,63.44572748267898,63.5342571208622,1.6570820200709668,1484,0.8903154113744253,40.66863863729614,1,0.6765625,0.6034704304842881,63.51219383443236,59.413803110051795,15.297058540778355,5.370092867207484,5.0,31.0,28.91991800435481,-87.56360949368346,164.46803743153546,0.8753369272237197,0.4681565014504638,0.04895596012350951,0.13561436603186086,0.11068976647702808,0.022690797313144717,0.005729130609826622,0.020902514238522584,0.05176885005073313,0.03494085535167097,0.0007181497463794768,0.022237677439348683,0.010497260174263154,0.014932661038545663,0.0033525075968975798,0.005688887081550439,0.012718169899378535,0.0037113336543793474,0.0195961577924067,0.016842515241675408,0.007313095830315062,0.001718317092844508,0.002195754378270309,0.00855442418714161,0.004751130326672436,0.005153215382371952,0.0014913143175997838,0.01201013589069817,0.0055331851570776715,0.006249051361735713,0.00377522885573283,1,29.176470890641212,479.07843095064163,0.23529411852359772,0.0784313976764679,2.1616598508759037,0.3137255012989044,1.0,0.2012170406251118,0.36880556655168717,0.30392155051231384,0.14705881476402283,0.14705881476402283,0.024643520497398246,0.18545634181862217,0.44117647409439087,61.476629915073964,62.64238937273985,0.0,63.44572748267898,63.5342571208622,0,56.0,59.0,0.0,1,1,0.07199279768745494,0.19641468723962,0.2883804690856043,0.4432120459873208,1.8703728839200684,1.6046709353727417,1.18546275108291,0.743840371753914,0.1910078037435669,0.314761057604911,0.2553152092243659,0.09568253262624182,0.0015263655997476279,0.001448236734450118,0.0013956127024881235,0.0015449216342840676,2579.890640394088,6642.0,5551.460701330108,4835.119894598156,0.4788241313721439,-0.202418873867819,-0.024410574479432602,0.04443373107884059,6.0985426157980465,6.694683163167997,6.68030116887483,6.524779876742673,6.540851055651527e-05,2.9954867847231563e-05,3.0861449661110194e-05,3.762412800992557e-05,9.739157981512768,9.65850053024617,9.725215871147467,9.61261315409813,-0.18811113115873493,-0.21840618294958258,-0.2119696663655553,-0.2134963889138525,0.9314732235534194,0.9520185904357927,0.9488542487046566,0.9484152915948573,0.05550307346177874,0.02179163435408732,0.028917534110261968,0.020174832668611312,202.18029556650242,209.96174863387978,210.16928657799275,203.60210803689066,7.333803268135478,7.200154260364497,7.1970524548692225,7.172158803378405,7320.378330947133,4405.730777270153,5286.890326335037,5284.785028494254,2475.0672428353027,2761.9326943175365,2709.587756916293,2529.976230773107
159,1,1254,1920,97,80,37,48,63.377990430622006,63.473684210526315,1.7688162230506754,1446,0.8950581976521261,39.958007821935944,1,0.653125,0.5653498577004801,63.20291987731336,59.413803110051795,15.0,5.193418238131121,4.47213595499958,30.90700961340717,28.185301040954748,-87.36364131912589,166.95331880577402,0.8672199170124482,0.45192611426612567,0.04835703571801099,0.1356709870467644,0.1071113596222202,0.023781304311128848,0.0043844684974427076,0.020424815331747434,0.05460818878345961,0.03417620274141578,0.0023310563279214523,0.020400361490549693,0.009728439208747941,0.016169627468221377,0.004060996067891437,0.008010862900838628,0.012928997423908038,0.0028811462184002265,0.018490305124567195,0.017204490419606335,0.0072061184045437935,0.003031947715141406,0.002575825675834516,0.00817916117493819,0.0036659201739684412,0.005668215316053219,0.0006350903938740878,0.012130137597592267,0.007135830276815379,0.006737631662032782,0.004311104558372304,1,30.365385562181473,463.7115453481674,0.24038462340831757,0.07692307233810425,2.130446401499163,0.35576924681663513,1.0,0.20941645215297566,0.36978592133027705,0.29807692766189575,0.14423076808452606,0.14423076808452606,0.03345134173766005,0.1844425214277549,0.45192307233810425,61.46194998184294,62.54223863063275,0.0,63.377990430622006,63.473684210526315,0,56.0,58.0,0.0,1,1,0.06992078974389038,0.1990627467754183,0.2784182790660805,0.4525981844146108,1.8266806320591256,1.5899661430342298,1.1755438449456723,0.7547315468828747,0.24248317653716397,0.32972083124892865,0.2621253173266963,0.10926546519937949,0.0015505324509540448,0.001525010588909467,0.0014422982581223302,0.0015094521604938275,2564.7182377049185,6578.893371757925,5686.505115089514,4890.313888888889,0.4764574742137652,-0.20126203229564088,-0.05560084387899986,0.02364262624964152,5.964600677836362,6.581884978138107,6.486547150579113,6.396869527711341,7.043811333688864e-05,3.669629216066437e-05,3.943295239000229e-05,4.408848138503087e-05,9.680295487616466,9.616855421180151,9.672044231481227,9.599453214421521,-0.21038661851640783,-0.23083634980471332,-0.22821289429486782,-0.22727451637883972,0.9472637758185468,0.958486718067673,0.9577170320518404,0.9563923310304575,0.061589594983918756,0.030705580766324188,0.035366316619957205,0.030337638336669172,201.54200819672133,208.7925072046109,210.25447570332483,203.1277777777778,7.181659279155855,7.006836073113501,7.163882841825178,7.033448688052243,7232.836350065503,4374.409396307608,5087.463375108739,5127.153117283939,2449.3886469426016,2738.3256920163803,2693.4921225495655,2504.36675154321
160,1,1266,1920,97,80,37,48,63.40758293838863,63.51263823064771,1.722493680418076,1450,0.8947809235192506,40.14873925336531,1,0.659375,0.5805536539079112,63.32516807953119,59.413803110051795,15.033296378372908,5.2543222420363005,5.0,30.90700961340717,28.275031395128533,-87.36321193258071,165.5391052434009,0.8731034482758621,0.4562542175152825,0.0483247033219537,0.1358458310459172,0.10839938780735517,0.022560672265712196,0.0043354473271056985,0.021029677695342617,0.054253493936467494,0.03451325306488263,0.0016072296195184942,0.020587029085341633,0.009680348697169158,0.016494389390205626,0.0034857827256783084,0.007568190027443684,0.012866733894167459,0.00313279249372385,0.018321229769629698,0.0173073509588506,0.007008329538891215,0.002472354706078935,0.0019863108151864295,0.008101724270630684,0.004270489248139784,0.005595961739247253,0.0011919473723247041,0.011858351790410395,0.0067449473468290866,0.006787607539181283,0.003985889069704432,1,29.447619304060936,464.3809526860714,0.22857142984867096,0.07619050145149231,2.1065194268577643,0.32380953431129456,1.0,0.20449735627820095,0.3668095992780975,0.29523807764053345,0.1428571343421936,0.1428571343421936,0.03032419797120799,0.18556796433044426,0.43809524178504944,61.55399915008903,62.51181295344791,0.0,63.40758293838863,63.51263823064771,0,54.0,60.0,0.0,1,1,0.06878589087026395,0.19239130530049764,0.28513125421339314,0.4536915496158453,1.7772028130970132,1.5816064448729192,1.1796606791965862,0.7587496721448612,0.22479558559817964,0.34345927217730604,0.2803024340723826,0.11082610156136319,0.00167584940312213,0.0016474447959710739,0.0016266520312926294,0.0015424840992564724,2626.614141414141,6656.907670454546,5763.025188916876,4972.918032786885,0.4692002758557008,-0.21549327029103102,-0.06721380699116292,0.011014401437623944,5.884684760473954,6.557857681736872,6.415120741523916,6.347924905946029,7.567580944785612e-05,3.6050465481340385e-05,4.279874968845964e-05,4.516217005840539e-05,9.56571551525467,9.465357556250913,9.545644433617982,9.559288906007398,-0.19062612737575232,-0.2154474741625845,-0.20936427755345283,-0.19606357210885714,0.9309983050420587,0.9477740604817733,0.9448314583873456,0.9353133834393897,0.06025725075031611,0.026833540294174094,0.03939012930357071,0.026461038429652823,199.9212121212121,207.2002840909091,207.9395465994962,200.86065573770492,7.060791920395939,6.965745328633735,7.060542980642557,7.046579750303154,7270.203893480262,4296.51812491929,5037.107176620637,5083.685501209351,2474.2045087235983,2738.3564488434604,2700.0330913843773,2514.1508834990564
161,1,1248,1920,97,80,37,48,63.33894230769231,63.416666666666664,1.759725681471398,1442,0.8949954820691325,39.86229988133503,1,0.65,0.5682703903962169,63.1215245627612,59.30430001273095,15.033296378372908,5.184865207306564,4.47213595499958,30.742610626101815,28.15694690736667,-87.1675743052059,166.12489168102783,0.8654646324549237,0.45076262214099794,0.05139044754128115,0.13401264950854783,0.1068389820090574,0.0250746610754773,0.003999626617309017,0.019110031698589634,0.05482946207972962,0.033444542211593514,0.0036025692827251297,0.02114926400635849,0.007991753424899106,0.017954079298819457,0.004389074548491017,0.009386989194810716,0.012401459029451072,0.002020978625382558,0.017852390212536613,0.017142173089676336,0.006081055811130404,0.0017481518399138035,0.0034983501035117906,0.009784451450157909,0.0036189391930079957,0.005392007720318703,0.0011778135996471741,0.01143274370817286,0.00689969694532255,0.007016050005341516,0.003619487965388241,1,30.481482073664665,457.57408352196217,0.23148147761821747,0.0833333283662796,2.0366496808388708,0.37962964177131653,1.0,0.2102171177494115,0.3666459002579825,0.29629629850387573,0.15740741789340973,0.15740741789340973,0.040922099452888994,0.1864705841017464,0.4444444477558136,61.57062202541328,62.406228493525084,0.0,63.33894230769231,63.416666666666664,0,54.0,60.0,0.0,1,1,0.06671658154307457,0.18663240117354957,0.28847788307703726,0.4581731342063386,1.6992304850154407,1.5424982560568836,1.188186132277697,0.7675168744825642,0.2311139964942265,0.3515522097325243,0.2912443681404506,0.11820802348259482,0.0016654267190987354,0.0014630383598670622,0.0014641397005146321,0.0015908324113959311,2672.7329896907218,6696.384839650145,5914.605905006419,5140.596638655462,0.46529701868738715,-0.2178091933224827,-0.08621346448457919,-0.014519155133278712,6.007337364556081,6.625352962132574,6.552568387119924,6.411303377139436,7.03640188873353e-05,3.540834367980977e-05,3.6024980079664106e-05,4.312853645594268e-05,9.671589800064297,9.628020484181935,9.666261670884378,9.576226264801782,-0.22905298386520126,-0.2480538876208272,-0.24288301732889267,-0.24649259290388884,0.958157238578501,0.9667195127852215,0.9648351096275759,0.9655432858302735,0.07076317593975649,0.02140677099867704,0.029412916058438324,0.035554958235993514,199.1061855670103,206.34985422740527,207.10141206675223,200.23809523809524,7.193860454332379,7.052024588554923,7.048136152259592,7.026257138215236,7324.34233287278,4301.043782777582,4975.713720727508,4993.458716820052,2499.2688306408763,2749.357155606933,2722.5799064334824,2533.513838868883
162,1,1267,1920,97,80,37,48,63.31254932912392,63.44198895027624,1.7333367407074227,1458,0.8939351225807657,40.16459265546523,1,0.6598958333333333,0.5769219428141079,63.309200715688185,59.413803110051795,15.033296378372908,5.242206188139938,5.0,30.986349351833077,28.374954692448036,-87.29327527229255,166.12489168102783,0.8689986282578875,0.45661489278604556,0.04989425624127438,0.1350628304097949,0.10850747498680087,0.022601197811422995,0.0033061758172700873,0.02081985804531323,0.053713516490570726,0.034388271637799346,0.0017520795752556126,0.021004732698685066,0.009358676200436148,0.016226428548793963,0.004068346924542532,0.0074317799147436215,0.012844553242071836,0.002803528318603331,0.018340906095924463,0.01764554900547803,0.006935405159589042,0.0017057160149138043,0.002332711085915978,0.008098190694558126,0.004085846072985461,0.005669191847580194,0.0009811868954296343,0.011888487307298455,0.0066733966403780326,0.00696362048895512,0.00392820057596852,1,29.54717046022415,463.75472615659237,0.2358490526676178,0.07547169923782349,1.986130711554916,0.3679245412349701,1.0,0.2037735893808562,0.36602582964214075,0.30188679695129395,0.14150942862033844,0.14150942862033844,0.031831519833011745,0.18222449757347917,0.4433962404727936,61.60919889279822,62.42056225469271,0.0,63.31254932912392,63.44198895027624,0,60.0,59.0,0.0,1,1,0.06572684038730371,0.18943000183769337,0.2842670573658126,0.46057610040919034,1.6995083014431291,1.5385116174894684,1.1886678603382317,0.7688404732785823,0.2388339781002437,0.3594307886223065,0.28419186746812086,0.11442713248185189,0.0015013774104683192,0.0015273921745867763,0.0013820655828487793,0.0016081816475886654,2537.238383838384,6370.049715909091,5569.561006289307,4846.67397260274,0.4668351556424434,-0.20825972642447813,-0.07644056162237696,-0.012519514480299658,5.905647647917534,6.516701082396085,6.491105852991689,6.288896190435414,7.585117420655421e-05,3.873021149438273e-05,3.895064687753401e-05,4.7120996075424585e-05,9.71943233619882,9.609369923468345,9.735790466053755,9.604171562652068,-0.21108126354922108,-0.23884029269138363,-0.2225883067337961,-0.23264382654266957,0.9482109419744016,0.962391302579591,0.955355831070488,0.9592803550992492,0.06063034889640294,0.02427481453528541,0.02403665389598201,0.03047968296099696,199.10909090909084,205.921875,206.57735849056604,199.73698630136988,7.134639470118448,6.979229816593907,7.051144359521359,6.999228171189166,6980.412341597825,4174.123157848007,4778.54590245639,4726.818495027204,2379.412681359043,2636.0432184392794,2587.026727186425,2393.3731169074854
163,1,1275,1920,97,80,37,48,63.30901960784314,63.40862745098039,1.6982517346546342,1462,0.8938998016225201,40.29119531035698,1,0.6640625,0.5888408529748186,63.402787706182636,59.413803110051795,15.033296378372908,5.295965823011778,5.0,30.986349351833077,28.42136621840418,-87.5899812532114,164.95331880577402,0.872093023255814,0.4595002949521501,0.0503040126290822,0.13492686537540766,0.10950320663709288,0.02166321499930908,0.002905878946989898,0.02093756996998909,0.05375120561990122,0.034551529855392844,0.0017399999521942728,0.021429387641228953,0.008779376487072948,0.016494988941505785,0.003986290957867415,0.00683901607445846,0.012713595577177241,0.003162848994983397,0.018370520338240676,0.017556228318500185,0.006554223198890639,0.002102178213480405,0.0016808037154312132,0.008807335783199687,0.0042700019048435255,0.005369852519760688,0.0015658211391698564,0.011236366391291141,0.006743868744311106,0.006694920025168345,0.0039010681424369205,1,30.029126599431038,477.40777273476124,0.24271844327449799,0.07766991853713989,1.9695329910769186,0.33009710907936096,1.0,0.20999389230371354,0.37443746881157747,0.3106796145439148,0.14563106000423431,0.14563106000423431,0.03214242598220162,0.1853651746510049,0.43689319491386414,61.60826063847345,62.41541089299872,0.0,63.30901960784314,63.40862745098039,0,55.0,58.0,0.0,1,1,0.0658084726523388,0.190653407631254,0.2860716247329723,0.4574664949834349,1.7123633190149283,1.5385005995560026,1.1842250699173356,0.767460238294578,0.23927281061531058,0.3538659325209298,0.28311348444584766,0.10452651939633553,0.001650174997177465,0.0015510387140049843,0.0015175036328587228,0.0016285867465720724,2642.089357429719,6647.036465638149,5773.589041095891,5091.158536585366,0.4643958990126093,-0.21286959263366287,-0.07516579655915716,-0.022381534638979912,5.9028888525602365,6.465159741304419,6.431211036035578,6.339529112115957,7.72768908055666e-05,3.832095567016465e-05,4.038389931498853e-05,4.71673094532277e-05,9.604871605704268,9.556350614189968,9.597447239247286,9.5131946350208,-0.1934928225573059,-0.20928789163661154,-0.197554090768554,-0.20587610485454658,0.9339331687249061,0.9449218290908827,0.9370224202991102,0.9419813667535373,0.07105872916995863,0.02392046903702489,0.027919307808966187,0.024658615833466874,203.81024096385542,210.98877980364654,211.2901618929016,204.19918699186994,7.073355994752829,6.947826004003667,7.049921000045623,6.911728668928291,7223.740095925874,4313.8063257201065,4966.315557009912,4868.251652455539,2466.457363338901,2740.2106978395623,2684.976149526452,2489.852547260225
164,1,1280,1920,97,80,37,48,63.40390625,63.3984375,1.7086518633241412,1465,0.8951783171755124,40.370120352322566,1,0.6666666666666666,0.5852567286904917,63.67110605760406,59.413803110051795,15.231546211727817,5.307749382551769,5.0,30.986349351833077,28.378732709517024,-87.50477417660855,165.78174593052023,0.8737201365187713,0.46130367130596545,0.049045638844652475,0.13400592228586203,0.11080667597808362,0.021486042863830032,0.0030785487437428464,0.021261563135798273,0.05339465606487909,0.035314331677596386,0.0018267555283979272,0.021387853084573805,0.008260937494743003,0.016374826459299104,0.0040949970378289895,0.006612796526955013,0.013017939285063227,0.0034114308763905665,0.018224306756385346,0.01725775266253631,0.0059428108627716195,0.0018545038805141917,0.0018060189520775548,0.008698529764907785,0.004594149683590153,0.005339228649534872,0.0014823060328717724,0.011598389237103185,0.006518444580738961,0.0064053261515156015,0.00330573157901219,1,31.191919595003128,496.23232465982437,0.2525252401828766,0.08080807328224182,1.9389036508000654,0.3636363744735718,1.0,0.21812531185316872,0.3876815036404878,0.3232323229312897,0.1515151560306549,0.1515151560306549,0.032236533768773626,0.1881812432189002,0.46464645862579346,61.733730964280056,62.413621841078935,0.0,63.40390625,63.3984375,0,60.0,59.0,0.0,1,1,0.05750402045967467,0.1898548668976448,0.2831233315254159,0.4695177811172646,1.5021458405792478,1.5478613352164645,1.1960325556189175,0.7794847728016842,0.2996413274591315,0.36804583744825076,0.30093853832299233,0.11505178045665196,0.0017420142295267178,0.001617683016284415,0.0016856496912067446,0.001664707299533194,2743.2647352647355,6816.39020979021,5848.128712871287,5298.973082099596,0.46083845049481675,-0.2087058372699282,-0.061517063775668866,-0.03448777956385293,5.82142174014154,6.462733684783285,6.354635734770994,6.258645280320806,8.241685572228565e-05,3.883156987925755e-05,4.303005440260147e-05,4.9492879267666346e-05,9.51747147799598,9.517199187704076,9.515507468963547,9.493348054166182,-0.19892723401910858,-0.21016079923422729,-0.20018221111399456,-0.19868838571996672,0.9369293737696298,0.9449907392364181,0.9378546623426747,0.936397402796931,0.07042789682101341,0.017158970201295896,0.022214331377735062,0.02573502991739963,211.14485514485517,218.24475524475523,217.9950495049505,211.04845222072677,7.00992653070661,6.9130624752774175,6.971591121088439,6.931069911710045,7432.775220783209,4462.433801163883,5170.30690618568,4945.658486837216,2544.0099890119855,2819.7060027385196,2754.6089047642345,2561.157892234207
165,1,1280,1920,97,80,37,48,63.40625,63.3640625,1.7379277677293419,1471,0.8950155437071436,40.370120352322566,1,0.6666666666666666,0.5753979069605015,63.66305042719936,59.413803110051795,15.033296378372908,5.269187667386012,5.0,30.986349351833077,28.395945507085543,-87.6251488208071,167.19595949289334,0.8701563562202583,0.46130367130596545,0.0490620646147527,0.13400179218942937,0.11072042889314206,0.020555052249019736,0.0023324841824860143,0.020106655293428685,0.054111498731826406,0.03498528772044458,0.0025160193286685485,0.022238505965524107,0.007165996584633841,0.016289223294391555,0.0038984933652379946,0.0065395956552867845,0.012779735019758747,0.003743703599332324,0.017597759980082305,0.017487186220532486,0.005123031519385581,0.002619820362282915,0.0014516872133725778,0.00901745430856356,0.0049307553069502935,0.005202270988958378,0.0010718650971364846,0.012008458379604238,0.005826877141558979,0.006523730322179829,0.002866498804059162,1,31.434343963861465,496.7171749174595,0.2525252401828766,0.08080807328224182,1.883482144572794,0.3030303120613098,1.0,0.2182940553045935,0.38806029290426525,0.3232323229312897,0.1515151560306549,0.1515151560306549,0.029929206931856783,0.18720651750205813,0.46464645862579346,61.78421961944205,62.40671071853639,0.0,63.40625,63.3640625,0,60.0,61.0,0.0,1,1,0.06556176968317368,0.1887951197215241,0.283050329964533,0.46259278063076925,1.7126339835604452,1.5392213582391747,1.1725062212123039,0.7740114499442934,0.23634537765510724,0.34799166195770453,0.26916977638435613,0.10202442714161432,0.0017222504475734258,0.001620342003038384,0.0015585175472992848,0.001651034212189682,2801.652610441767,6647.935843793584,5804.745049504951,5356.265498652292,0.4441807744228593,-0.19303777098460617,-0.06310482446222046,-0.05622962495920132,5.875527343277387,6.420811922057357,6.378948009830236,6.366908647135669,7.715088477340583e-05,4.147840770693095e-05,4.271892528535807e-05,4.333169723882011e-05,9.58756903772408,9.548515916220456,9.633824762330361,9.517013535923915,-0.21254652997504878,-0.22903049212822862,-0.20960143223322944,-0.22428334910364345,0.9474851471409823,0.9567610123687558,0.9461476868062872,0.9537578250861259,0.06732724792409092,0.016606865752633794,0.02675239875853587,0.028209281138883963,211.7168674698795,218.0111576011157,218.4207920792079,211.53234501347708,7.043117917343922,6.926460490015863,7.019137100578892,6.853266865004459,7279.512205448307,4496.616332969606,5115.617488481534,4785.971325767758,2520.2912039725197,2786.138044190795,2730.090634496617,2535.5592061050083
166,1,1276,1920,97,80,37,48,63.34639498432602,63.33620689655172,1.7261423649757262,1461,0.8962707768486274,40.306992682189374,1,0.6645833333333333,0.5793264914241663,63.780635027818306,59.413803110051795,15.033296378372908,5.273316859253123,5.0,30.790233216694894,28.287175034182365,-87.6674906212102,166.36753236814712,0.8733744010951403,0.45986097022291317,0.04987806904974055,0.13259629108242946,0.11124322900543485,0.01996582254734334,0.001746965670733522,0.02028972345267699,0.05460849664211201,0.034667592868621255,0.003039128272855819,0.021731766249028027,0.007619194057008218,0.016926228336918946,0.004452655626742355,0.006747840628041694,0.01216112419894933,0.0030252469605491356,0.017171573103182722,0.017744863149451777,0.005779175354850753,0.0022875984398697626,0.0015559649387877313,0.00872439183223002,0.005406909712679619,0.0049621153003669705,0.0012788151855553593,0.011862927786953944,0.005677131306829339,0.006927396995107052,0.003212386091852634,1,31.33333395421505,495.1010133177042,0.2525252401828766,0.08080807328224182,1.796620504930701,0.3030303120613098,1.0,0.21759259690427118,0.38801019852484653,0.3232323229312897,0.1515151560306549,0.1515151560306549,0.02632070046943204,0.18353129359589673,0.46464645862579346,61.820381491862435,62.38798326282572,0.0,63.34639498432602,63.33620689655172,0,79.0,59.0,0.0,1,1,0.06483729527370735,0.18941140557498262,0.27875140267738957,0.4669998964739205,1.6884160973316347,1.5394200860743783,1.1623751301187868,0.7799631778805266,0.2403400205418115,0.34692315505722804,0.26377792425458096,0.10389066707317163,0.0015525750073883944,0.0016002155914306342,0.0015013551644761265,0.0016466800567107756,2718.1639839034206,6457.781206171107,5550.293532338308,5199.029891304348,0.4387945450831901,-0.1994762363906022,-0.06293071749653213,-0.06785615539904312,5.93432531581227,6.5121652700717245,6.4322689780532025,6.3442429991474505,7.585473058658165e-05,3.604652508922837e-05,4.113388222038904e-05,4.596385703420368e-05,9.696330938269014,9.563739394111623,9.677773890316676,9.526343147192755,-0.199059460862052,-0.2305995862568472,-0.21330412856297276,-0.22790059085814937,0.9395502737796279,0.9577698754289041,0.9491120925386893,0.9558920109207243,0.056285142605254766,0.026366683273070766,0.022086631528194657,0.019701395740749934,211.51408450704224,217.7868162692847,218.01741293532336,211.44021739130432,7.143006275972072,6.972407235893636,6.997450073530233,6.928900308277312,6968.712578286628,4309.887231518835,4893.084273904111,4538.292621691886,2421.7191405475114,2691.9171094224876,2610.8444515606043,2434.3306282490576
167,1,1322,1952,97,80,36,48,63.43192133131619,63.341906202723145,1.6378751601245534,1498,0.8949012533977337,41.02709687681892,1,0.6772540983606558,0.6105471432413411,64.38289652047915,60.207972893961475,15.524174696260024,5.421144870050584,5.0,31.0,28.731782564329286,-87.77008664945149,164.95331880577405,0.8825100133511349,0.46416657059671457,0.04053728840511148,0.13896579392044253,0.10974102950473,0.022364321892308886,0.008697878563562517,0.020576596112025183,0.05460733202915196,0.03525478713572006,0.0008688934784158484,0.01885178159317571,0.010307014492109287,0.014541070198753519,0.0030010519175436754,0.0067079393313764476,0.013349499125768072,0.0031799644113485108,0.019638104316226344,0.014299218299691194,0.006747590738441589,0.002595537350143402,0.0015276557557792779,0.00909318422318372,0.005234729627436534,0.005722442085095195,0.0020585329242921255,0.011217886338939963,0.006485504151132894,0.004452304615999495,0.0036500067122335685,1,29.959596633911133,504.97980266809464,0.2525252401828766,0.08080807328224182,1.721370792325026,0.3030303120613098,1.0,0.20950766876860932,0.38198169642064644,0.3232323229312897,0.1515151560306549,0.1515151560306549,0.026969615023047542,0.18313195260391807,0.4545454680919647,61.98255755857566,62.41321784867911,0.0,63.43192133131619,63.341906202723145,0,60.0,60.0,0.0,1,1,0.06584921854993515,0.19014662027748672,0.2840997745942503,0.45990438657832783,1.7069150377061524,1.5421707485082023,1.1627860743455063,0.7745141389255403,0.251736867823581,0.345219301430317,0.25225645675877795,0.10182338667765897,0.0014170692431561998,0.001475285224749519,0.0014241874620965387,0.0015372948896716255,2758.3169082125605,6303.403718459495,5413.424170616114,5246.991002570694,0.4249353075436214,-0.18177359180756492,-0.04991059302445426,-0.08407891768868828,5.904759304225303,6.490564796985913,6.436480286451193,6.418984538649756,7.520058571870844e-05,3.645858888035451e-05,4.1026096160203874e-05,4.1248775981347174e-05,9.758891120105739,9.634110998345866,9.689958532014336,9.585476182705708,-0.18270496800052313,-0.21390074881458515,-0.2044756749108086,-0.2117890723190504,0.9270700186990949,0.948943517725078,0.9433820651382208,0.9469652760853712,0.054321645315291885,0.024954747773069417,0.02119885592438823,0.0285208223170295,209.3971014492754,214.76361221779547,214.80805687203792,208.93187660668377,7.139933476021305,6.995568700555538,7.05510083598484,6.9571971679322475,6834.749556815783,4364.297374468486,4898.738039352211,4433.099472313843,2398.2666162570877,2666.9252732319965,2578.0405524920843,2420.02261872113
168,1,1327,1952,97,80,36,48,63.36021100226074,63.32102486812359,1.6038451963424831,1502,0.8956226800314389,41.104608936998304,1,0.6798155737704918,0.6235015712741276,64.56040972533768,60.29925372672534,15.297058540778355,5.45081069371847,5.0,31.0,28.71741185828706,-87.73911786384782,163.53910524340094,0.8834886817576565,0.4646834092033996,0.04098569615405802,0.1384157854958143,0.11038941938875804,0.02122578216444757,0.008352500179208034,0.02064247644109963,0.05485038735348637,0.03533306759506767,0.000649444598138091,0.018937746549401217,0.010074830871082923,0.01465314433002441,0.003299134367727192,0.006772438561312475,0.013167534746461434,0.0030405856220776808,0.019316755566132004,0.014232585388713921,0.006858274747537709,0.0027074918778153966,0.0014243715189205532,0.009230166933085794,0.005642260220333842,0.005529231546918968,0.0021961423940076237,0.010956129765714962,0.0063096694752535765,0.004516536704598956,0.003944513965876097,1,30.175258025527,515.0309282839298,0.25773194432258606,0.0824742466211319,1.6396839160087453,0.30927833914756775,1.0,0.21250181708117605,0.3881167507791483,0.3298969268798828,0.15463916957378387,0.15463916957378387,0.024280836758107476,0.18354492821800902,0.4639175236225128,62.001801510512635,62.40271827599521,0.0,63.36021100226074,63.32102486812359,0,53.0,60.0,0.0,1,1,0.05620721504642905,0.1931622572245838,0.28149645697870185,0.4691340707502853,1.5221831503389982,1.5534928202243772,1.1673306200335531,0.7850452861105023,0.29710733491075725,0.35269263790543354,0.27336915466768136,0.11404217738158966,0.0015052972568389128,0.0014693333379868037,0.0013892288180847275,0.0014308514465499313,2817.4465832531287,6305.00396301189,5341.257075471698,5339.445012787724,0.4156407746346943,-0.17266495941718063,-0.03447749322406927,-0.0945565471335476,5.843096520319645,6.357075740383328,6.301814087129408,6.332271566041234,7.483108065749621e-05,4.487050398224836e-05,4.611315783252491e-05,4.479864531456453e-05,9.773193169790604,9.673074288658295,9.762477803919753,9.695276592195055,-0.2101171617371369,-0.23983689220726895,-0.2225842454308225,-0.22023568009776467,0.948259659921463,0.9635133695227122,0.9556578697363609,0.9535376147769409,0.06118551299022735,0.018889710725964272,0.022097279079223566,0.022274778104617293,212.82098171318577,218.09247027741083,218.05424528301887,212.2966751918159,7.105814655515453,6.920546291704133,7.014237947300156,6.85308080808313,6825.411648314388,4448.2873541355075,4985.225831034171,4416.917098920065,2410.714557891877,2688.3228292868516,2581.6207266264646,2439.0905279269464
169,1,1333,1952,97,80,36,48,63.30157539384846,63.33008252063016,1.6243593110912666,1515,0.8963939507885565,41.197430904511165,1,0.6828893442622951,0.6156273388356338,64.85591455714741,60.29925372672534,15.524174696260024,5.45247118709623,5.0,31.0,28.74791983229522,-87.80320655072914,164.95331880577402,0.8798679867986798,0.4667844645577481,0.04208912413978836,0.13614676898735956,0.11221919479548875,0.020155168525968128,0.007524239249100384,0.02091774060096083,0.05391577528703212,0.03628270782670329,0.0014041419202508567,0.01987979644469395,0.009157295293405067,0.014060219222498144,0.003677548738876671,0.006059632444880865,0.013421442296498923,0.0031813460672135098,0.018913171580389257,0.014572904343854816,0.006047087466453315,0.0026831939668929858,0.0018198842476682283,0.008889275269112493,0.006267222632686605,0.0053830460864652185,0.001871579746820897,0.011375056622775138,0.005919771874834456,0.004559369907505037,0.003180406355232817,1,29.83673496544361,511.1938814073801,0.2551020383834839,0.08163267374038696,1.5416149245207134,0.3163265287876129,1.0,0.20864849626184342,0.3834912838765042,0.3265306353569031,0.15306122601032257,0.15306122601032257,0.024985420218589578,0.18068546893843615,0.4591836631298065,62.051280531827956,62.42822924347797,0.0,63.30157539384846,63.33008252063016,0,60.0,61.0,0.0,1,1,0.056869673038651,0.1882947078318323,0.2709543486673141,0.4838812704622026,1.4864171404023794,1.5493632440730372,1.172669307706264,0.7943518885789603,0.27606010904963324,0.3514550775174462,0.27782985903098434,0.12208477918623901,0.0014971025010960032,0.001413348851103655,0.0014362109319703302,0.001534487112250646,2786.874280230326,6048.509855453351,5192.279015240329,5226.730279898219,0.4052242118978943,-0.16364280277029514,-0.03424533434304363,-0.11049781274696778,5.855725451669434,6.413432118945846,6.314514646798795,6.280267877782934,7.620186675220741e-05,4.081352786263309e-05,4.708689557031788e-05,4.89310891497254e-05,9.75870582058932,9.680282867557288,9.731819093370811,9.623401736372033,-0.18739266570852867,-0.2096190935950165,-0.20371114815736882,-0.2083513696231438,0.9311541351022657,0.9467583704086246,0.9433999554542634,0.9451727236668737,0.057617630064022936,0.02318130243612022,0.022472278899697176,0.024966517430053424,210.09117082533587,215.0617608409987,215.1488862837046,209.4732824427481,7.087790109116692,6.901937107325542,6.971751766208072,6.868418678271167,6584.301668686756,4347.308931984851,4848.431525723281,4186.580074976213,2342.79398722927,2598.9546968595514,2510.177635240909,2353.3275887186064
170,1,1290,1952,97,80,36,48,63.28139534883721,63.233333333333334,1.7123930504728142,1472,0.8976251842052492,40.527509332654034,1,0.6608606557377049,0.5839780766009807,64.19639192897128,60.13318551349163,15.297058540778355,5.294997816093033,5.0,30.790233216694894,28.295176296658408,-87.9130832858742,166.61017305526642,0.876358695652174,0.4542253906826217,0.0412218046260216,0.1376168632373417,0.10800187220681108,0.020938232436343827,0.006390327130657984,0.017933359118041635,0.05788511071137796,0.03395317570293803,0.0015835931345530422,0.01901919863877487,0.008574845152226864,0.016256734863773235,0.0031663649898282303,0.00871333724592579,0.012268893813700464,0.0026232050559722485,0.01841448203976796,0.014997056437832687,0.005876257353445158,0.0026359327645091046,0.0004321004489540602,0.010112032367322775,0.003954381105045176,0.004854853664145767,0.0011675791363558827,0.012162973185906641,0.006309694603563389,0.005267271504823702,0.0034488145010227703,1,31.778947472572327,518.7473739683628,0.27368420362472534,0.08421054482460022,1.5196084884489407,0.31578946113586426,1.0,0.2222304019061002,0.4021297472622968,0.3368421196937561,0.16842105984687805,0.16842105984687805,0.023590329666011822,0.18465661711508385,0.4736842215061188,62.04222723394145,62.353746873005655,0.0,63.28139534883721,63.233333333333334,0,52.0,58.0,0.0,1,1,0.06304661120863689,0.1886528286384672,0.262271463040844,0.48602909711205194,1.6597985399824717,1.5402667654659636,1.143007389603677,0.7966677703615588,0.2195013453896831,0.33634421005516385,0.2570417205905046,0.10951300473882919,0.0013955,0.0015003907070378353,0.0013659109477124182,0.0014661292938871764,2928.0060000000003,6348.939477303989,5497.808823529411,5509.3391188251,0.4016339372027442,-0.16329342823344556,-0.04801216819086166,-0.12054071647262377,5.891385637525841,6.443068756285771,6.356625528998495,6.330201304069734,7.172558593750005e-05,3.917442321156634e-05,4.392255044634275e-05,4.379441449685194e-05,9.80144920192767,9.631876921175493,9.795759189569733,9.644899979354586,-0.19509483123653074,-0.22844529684265738,-0.20873263258305438,-0.2255127009538932,0.9379962523066302,0.9573918632895069,0.9476380966351454,0.9559460278718634,0.05561231156789811,0.03188224355120432,0.026087574932296156,0.029375784318844602,220.28400000000002,224.68088033012378,225.4877450980392,218.89853137516693,7.117289020086329,6.981030787439574,7.06604785090346,6.894909531476583,6858.665343999986,4566.5171447545945,4994.070928248751,4324.01907661483,2446.6678359999987,2728.864155514644,2622.9699379445374,2458.3395488599763
171,1,1331,1952,97,80,36,48,63.335086401202105,63.21111945905334,1.638374905641837,1511,0.8969035007907145,41.16651350360511,1,0.6818647540983607,0.6103609110200865,64.82238250742478,60.29925372672534,15.297058540778355,5.425041476330807,5.0,31.0,28.666163095921355,-87.75772339860643,165.53910524340094,0.8808735936465917,0.4660841127729653,0.04132606659195226,0.13677238576320513,0.11197623944859819,0.019405469549284148,0.006354134588521393,0.020652871348266304,0.054880348727619356,0.03595376497344239,0.0008535804289363014,0.01984641410391976,0.008401696659004334,0.014722106012995114,0.003763332132119766,0.0061763913998297915,0.013264472347013646,0.0035959313375951295,0.01822411354671465,0.014833252071332481,0.0055558024745954535,0.002518222981809986,0.0009357527748657284,0.009372916422070643,0.0060549359939078475,0.005357286159165138,0.0017279706180111088,0.011445649845027033,0.005532886257159442,0.004750223522371937,0.002888498549713984,1,31.806451961398125,537.7204336971045,0.2688172161579132,0.08602151274681091,1.4479114720536406,0.32258063554763794,1.0,0.2208781386208203,0.4039973205838501,0.34408602118492126,0.17204301059246063,0.17204301059246063,0.02259326369011469,0.18610622559309425,0.49462366104125977,62.15877457510532,62.36688127069097,0.0,63.335086401202105,63.21111945905334,0,54.0,59.0,0.0,1,1,0.06372980393657095,0.1862701982318716,0.27547592455555875,0.4745240732759987,1.6964873807915086,1.5399107692336687,1.1422381793876897,0.7904775238177146,0.222216417803427,0.332597971176022,0.23257051254041616,0.10493686792483159,0.0017038210266314539,0.001633450851529559,0.0016269368952368359,0.00177823042482299,3019.3652924256953,6451.855072463769,5462.441314553991,5752.322704081633,0.38942369942884697,-0.17083269842462162,-0.029762663916196603,-0.14513416888746772,5.883201060879839,6.380240810503266,6.245833681701757,6.319201260944371,7.230290952802131e-05,4.2411323734137965e-05,4.875621843160392e-05,4.519169055536756e-05,9.567430783595766,9.55472790593666,9.574041062995153,9.437411535145694,-0.17841696533756038,-0.19271178545601572,-0.1840968676955714,-0.20390897154266466,0.920065229199803,0.9325583688091756,0.9254587976172644,0.9395102340482433,0.05668128415495089,0.02267950830584586,0.03374329954746538,0.03213959705700006,221.31160115052734,226.39262187088278,226.3356807511737,220.94515306122446,7.032627768656696,6.87589106118567,7.001177456437836,6.7841612817741055,6870.849213447815,4569.113305246996,5146.685440499015,4294.225308139845,2472.5536264683815,2755.2420944276982,2652.2816887632525,2511.637003055366
172,1,1340,1952,97,80,36,48,63.332089552238806,63.188805970149254,1.6436997445589752,1519,0.8960157060959483,41.30545956583848,1,0.6864754098360656,0.6083836195206761,64.86177877939954,60.29925372672534,15.524174696260024,5.449490922967054,5.0,31.0,28.80007995956577,-87.79368389179454,166.36753236814712,0.8821593153390388,0.469235695804488,0.04162604691677057,0.1368636857483501,0.11265758476919939,0.01847183554133055,0.0059442813988867214,0.020478323108295195,0.0548073430770445,0.03573880518046041,0.0005775723775593731,0.020059072026918173,0.00827360307888576,0.014656221935499165,0.003745594669181429,0.0053519763553306005,0.013047206959798528,0.003480768777113819,0.017806654816749198,0.015048562790202094,0.005371042636125476,0.002397365037955408,0.0010550440383907801,0.009549031672573347,0.006552412923325995,0.0053032366800632265,0.0017136988318907035,0.011124773729416377,0.005033212543351302,0.004710089043829117,0.002670700183392171,1,31.319149494171143,534.563835978508,0.26595744490623474,0.08510637283325195,1.3963703097991622,0.2978723347187042,1.0,0.21749409370952183,0.3989282358048567,0.3404255509376526,0.1702127754688263,0.1702127754688263,0.02085794199938005,0.18313914579187687,0.5,62.21128779252598,62.35594736419429,0.0,63.332089552238806,63.188805970149254,0,55.0,58.0,0.0,1,1,0.06392167086571367,0.1877450306187686,0.27610499707298536,0.47222830144253236,1.6795105678442317,1.5434254050868066,1.1419157286351853,0.7890098802157022,0.21873560686775848,0.33373554260814126,0.2308854105303519,0.10293777335846359,0.0016440325511202693,0.0016699896918402778,0.0016065914765668314,0.0017480677992041632,2956.5784966698384,6206.295572916667,5282.550522648084,5636.14393939394,0.3806212773834881,-0.16019451381372457,-0.029476548440678443,-0.1559366178173397,6.010460965039145,6.462454964984868,6.408976417878593,6.437610481708882,6.314551144963059e-05,3.912713792588976e-05,4.415267877666818e-05,4.0152987318736605e-05,9.585467129601138,9.514110036127216,9.601887339845964,9.468478592054517,-0.1717300712572903,-0.19313770608391367,-0.18388557473298842,-0.19840104151530874,0.9136860640231451,0.9322994014480392,0.9257053769867039,0.9358133161345653,0.047384869757910446,0.031221736959019177,0.022959063978854614,0.03164995291644805,218.81065651760227,223.54296875,223.80255516840884,218.6338383838384,7.087782717894981,7.041984820475946,7.138248933555364,6.949701234763358,6590.338078636545,4492.420028686523,4980.044639231855,4115.504814559739,2386.7291438265984,2674.6789004007987,2565.648790469986,2437.9121884884207
173,1,1345,1952,97,80,36,48,63.3092936802974,63.19405204460966,1.6703692597493507,1535,0.8960195032126922,41.382450237616354,1,0.6890368852459017,0.5986700211126109,65.04763106941593,60.207972893961475,15.524174696260024,5.450419570513809,5.0,31.0,28.88210410539781,-88.17558577662233,168.02438661763952,0.8762214983713354,0.4724157759086328,0.042496794043987644,0.134706503173615,0.11434453597436685,0.017852139587730378,0.004266581163337086,0.019184845881934812,0.05510475871559316,0.035573773113863436,0.0013562727836270874,0.02067905085094572,0.0065379375957730895,0.01539846625214074,0.003924187358457877,0.004345521974171605,0.012755797799838188,0.003008317978567754,0.017156963185985075,0.015315684769285385,0.003698859349353608,0.0021288933540835383,0.0006477355447020155,0.010205071440218124,0.007528361936204789,0.005246233738075619,0.0012968419792950805,0.011094009990525316,0.004020800624350495,0.004967381096935091,0.0014310686656992758,1,31.619565963745117,546.5326056480408,0.27173912525177,0.08695653080940247,1.3301615719473887,0.28260868787765503,1.0,0.21958031919267443,0.4063439447197329,0.3478260934352875,0.17391304671764374,0.17391304671764374,0.021071410798805985,0.18570327582912327,0.489130437374115,62.261291575933164,62.374893087670486,0.0,63.3092936802974,63.19405204460966,0,58.0,58.0,0.0,1,1,0.06531294198515213,0.18696923332772275,0.268868955043052,0.4788488696440731,1.689344364808252,1.5333757245474795,1.1336324280028358,0.7951255921867629,0.23518490871852746,0.32615106537997457,0.22765547286616572,0.10644819162950034,0.0014018140589569163,0.0014010405827263267,0.0014227501346745675,0.0014196524310159952,3129.7733333333335,6396.892903225806,5383.991916859122,5704.4571788413095,0.36346669928597836,-0.16023637742158367,-0.021316800707281522,-0.1474876124197547,5.933866375882147,6.430248715483641,6.2810826820773755,6.317086176115158,6.976813837514176e-05,3.935229314353537e-05,4.717195687459496e-05,4.4546052348840706e-05,9.800149593979361,9.703547226572075,9.773292650423201,9.690898156783174,-0.19472237832892425,-0.2217747636613276,-0.21187723181645832,-0.21891670901539206,0.9376904636339138,0.9545225588921975,0.9493906931650375,0.9527109328718745,0.051197101946002514,0.028815178657321416,0.02621520007987459,0.022910840950143455,223.2114285714286,227.32129032258064,227.84872979214782,222.00377833753146,7.073755068723125,6.937745920634143,7.011082601207068,6.8916460415552026,6704.035297959177,4629.98580478668,5159.243860973169,4238.0591796788285,2458.452157823127,2756.719677003126,2635.8089444580783,2485.6290896300325
174,1,1339,1952,97,80,36,48,63.32710978342046,63.15533980582524,1.6497289283868037,1523,0.8967842485833992,41.29004420438882,1,0.6859631147540983,0.6061601895881498,64.98690034574324,60.207972893961475,15.524174696260024,5.423396585249374,5.0,31.0,28.754629731547077,-88.22581362587866,166.61017305526642,0.8791858174655286,0.4703083449380367,0.042103739131828986,0.13516752186594125,0.11375059203198057,0.01674806165852104,0.0036128498034447187,0.018540121835506237,0.055810493638025836,0.03557126712201876,0.0024234838180087707,0.021099499938848045,0.005292023538039306,0.014353568517195572,0.004656736088556259,0.004503706644356947,0.012901961529465052,0.0033387807388486437,0.016837125458135566,0.01489039064042964,0.0033369683631334374,0.002882446993998634,0.0007189682834587706,0.010746377210068192,0.007150252209678947,0.005280149260235067,0.0009136420583775311,0.01156179166116964,0.00390623540914523,0.004818010014918253,0.0018284532082016387,1,30.322917252779007,522.875003784895,0.2604166567325592,0.0833333432674408,1.2796964631911825,0.28125,1.0,0.21204837239705598,0.390496642109705,0.3333333432674408,0.1666666716337204,0.1666666716337204,0.02070200235145409,0.1779460189553142,0.4739583358168602,62.327416574098216,62.35644273790034,0.0,63.32710978342046,63.15533980582524,0,56.0,60.0,0.0,1,1,0.06502510135901719,0.18505458529121863,0.2723723010419926,0.4775480123077716,1.7072276611710493,1.5390564577946664,1.1256373799235426,0.7963098237610285,0.223796709638089,0.3308677680490403,0.22708636426394702,0.10235806470555589,0.0014598391962210274,0.0015670184257142426,0.001466975844472232,0.0015286011857074185,2977.2833813640727,5837.961089494163,4951.008130081301,5299.544303797467,0.3424824049757984,-0.14898059592367197,-0.020018256079934533,-0.15789863358495135,5.922726730841941,6.3359455250935355,6.247496973936105,6.289741401374844,6.917925705070116e-05,4.519059741992634e-05,4.868428519278213e-05,4.704342612737343e-05,9.719568936154156,9.582605768618913,9.663740487524963,9.597800715382327,-0.16628131859689602,-0.19497192297538413,-0.1866983984496407,-0.19268779629290095,0.910178850112986,0.9347904011042454,0.9291393964283305,0.9331776000639251,0.04253370093123794,0.02186501340762611,0.024283925727522335,0.02781117727668705,214.89913544668588,217.88326848249025,219.15214866434383,213.19240506329115,6.956714227198988,6.93402921026437,6.991718194066988,6.850388043056285,6078.849576582041,4324.0226902249415,4756.677199215977,3854.1832334561695,2264.0332394865327,2540.495944929773,2426.9213323243257,2288.431884313408
175,1,1332,1920,96,80,36,48,63.21546546546546,63.112612612612615,1.6419477365277027,1517,0.8965464096065658,41.18197510546619,1,0.69375,0.6090327832935432,64.76721294544217,59.30430001273095,15.524174696260024,5.429287904997544,5.0,31.0,28.68862475925395,-88.24505092691233,165.7817459305202,0.8780487804878049,0.48221639851783815,0.037197222144926996,0.13248010931469426,0.11844282613084649,0.020367941243642107,0.0076085528161834075,0.021754807349386104,0.05132298046642229,0.03830400709611188,0.0007539330390657228,0.018888425990112947,0.008789331055057545,0.012256163983918227,0.004929375094048494,0.0017085746562247846,0.01404341827794421,0.0018984031153769215,0.019652459993022717,0.012625364110945765,0.005314698975706042,0.003601721448368271,0.002550943414219019,0.008580386108460014,0.009464354609803684,0.0053860140741440726,0.0029074063448319303,0.010053512676992192,0.004932413270545156,0.0026188012704327314,0.002576627750637268,1,31.073684379458427,526.947371006012,0.27368420362472534,0.08421054482460022,1.1721827667381848,0.2947368323802948,1.0,0.21729849216404495,0.39560613438889786,0.3368421196937561,0.16842105984687805,0.16842105984687805,0.021861726812917794,0.17920934070296274,0.4736842215061188,62.33332003731392,62.34071114077226,0.0,63.21546546546546,63.112612612612615,0,59.0,61.0,0.0,1,1,0.06556132685229359,0.18433879372472076,0.27037554874224745,0.4797243306807382,1.7123075954363638,1.5250886536728423,1.1184479221263146,0.8007428677528109,0.22643133658484177,0.32601551668905565,0.2203933181138489,0.1043124362082038,0.00136092820231939,0.0014250929129821864,0.0013606537688881117,0.0014715548209079548,3132.378013500482,5935.047058823529,5021.535046728972,5488.97193877551,0.31882065740910326,-0.15629964211591785,-0.020742234808222435,-0.17442758528841396,6.010146982564043,6.466787875404028,6.319099059820086,6.391837109511426,6.31045738854741e-05,3.9454408852831716e-05,4.6549368991696875e-05,4.2992798004086847e-05,9.798557033224661,9.681893826503066,9.7694351322114,9.650951470390936,-0.1839686821347581,-0.20771642571691964,-0.19942628278548538,-0.21103099682930027,0.9287906890968589,0.9455071536100824,0.9408204334393829,0.9473109351038435,0.03351800357896433,0.03331349921354382,0.024715710166025386,0.03291030625170895,217.46962391513983,220.5921568627451,221.78738317757006,215.8571428571428,7.14601251578131,7.015605412922923,7.08634049172234,6.947653472708907,6064.548016541303,4330.539546328335,4817.452457638232,3858.5127551020632,2299.231507510449,2566.3966512879706,2459.746876091798,2336.8711734693825
176,1,1334,1920,96,80,36,48,63.173163418290855,63.070464767616194,1.6559123201723618,1525,0.896726485130419,41.21288090726863,1,0.6947916666666667,0.6038967086710916,64.91337035221362,59.413803110051795,15.524174696260024,5.415700153821424,5.0,31.0,28.729693451111512,-88.1138284594088,166.61017305526642,0.8747540983606558,0.481161912939577,0.03832448095074936,0.13162302441270107,0.11824388076204248,0.019814400540282297,0.007140417871673756,0.019841489771450813,0.05258920556745854,0.037515256039086696,0.0022171261686112858,0.019953777981836337,0.006924670640925478,0.013345904593572901,0.00488754573060937,0.001831433414312821,0.01374716331316217,0.0027067009530918227,0.018206232206133578,0.01304079459492833,0.0033990190597501116,0.0036016422514386385,0.0019236878359670645,0.009550509276385113,0.009477260228665988,0.005543233277898833,0.0017321665270716496,0.01070309486465878,0.004527861626017445,0.0025985537545813414,0.0014268484921798833,1,30.978947520256042,528.8526359498501,0.27368420362472534,0.08421054482460022,1.103766549203974,0.2947368323802948,1.0,0.21663599664514716,0.39644125633422045,0.3368421196937561,0.16842105984687805,0.16842105984687805,0.022003288465123796,0.1793485450523197,0.47894737124443054,62.37435558012399,62.308751808014726,0.0,63.173163418290855,63.070464767616194,0,56.0,60.0,0.0,1,1,0.06496685978460479,0.1830178547388682,0.2713321796573064,0.48068310581922064,1.699329234365927,1.5259113638853108,1.1171516285890322,0.8025422567745182,0.24103263441154857,0.33009902543630404,0.22455868457183545,0.10550716183353434,0.001301203554717554,0.0013932537545419217,0.0014453550098186567,0.0014514772292446027,3167.9806389157793,5924.950391644908,5020.604190919674,5549.3811944091485,0.31278620582723093,-0.15121739356723063,-0.020379703407936454,-0.1850749109774375,5.937782458681376,6.351769093425009,6.242386505124347,6.250677433352052,6.591634604806717e-05,4.243395289497464e-05,4.987175874941002e-05,5.0111420376461256e-05,9.839764815172915,9.701765424676092,9.743010545815544,9.666878955242709,-0.17593812488372818,-0.20605133723245198,-0.2010816040784306,-0.2046749778818464,0.9220398150914675,0.9446315137232439,0.9416724620246214,0.9432146779781323,0.038517576653463816,0.026080654275575196,0.028503477625541455,0.026603281964227364,218.41432720232334,220.77023498694513,222.0151338766007,216.0952986022872,7.018126382078501,6.826239765407132,6.960098371244339,6.810843900154261,6051.801227451506,4368.414570963076,4820.054485750421,3816.0709690023214,2304.945466591822,2573.3412406519965,2460.1646691675214,2341.3630408528716
177,1,1302,1920,96,80,36,48,63.12288786482335,63.014592933947775,1.6679306649333088,1490,0.898967962442947,40.715573031030544,1,0.678125,0.5995453054638722,64.5234557450953,59.21148537234985,15.231546211727817,5.303248873499956,5.0,30.668211275738194,28.26220186243965,-88.28833482497429,165.1959594928933,0.8738255033557047,0.47283453714922474,0.038748399405628284,0.1318832822445124,0.11628889540972692,0.019708658763078642,0.0067041369721708485,0.019423895648694532,0.05425006535228696,0.037100365813104386,0.00267925402891377,0.01972275540742797,0.0061119563773912,0.014206814227216874,0.004954964349354613,0.0038696583475154923,0.013655794730233307,0.003196926103984162,0.017272661456525177,0.013911154498170285,0.002595300271185899,0.002970006160767187,0.0018672229814931628,0.009579186149390162,0.008432561134881847,0.005429073576900948,0.0008288928522500763,0.01168504557558316,0.004728306638371378,0.0037007962738931865,0.0009443315450270752,1,31.852631613612175,524.1052664667368,0.27368420362472534,0.08421054482460022,1.0306996005154736,0.2947368323802948,1.0,0.2243143071381139,0.4025386071173094,0.3368421196937561,0.16842105984687805,0.16842105984687805,0.02523914787172667,0.1797048457721166,0.4842105209827423,62.4009439389419,62.27897167651591,0.0,63.12288786482335,63.014592933947775,0,53.0,59.0,0.0,1,1,0.06264310124054512,0.17842940436858531,0.27029524077602324,0.48863225361484636,1.699194121149776,1.508539509661673,1.1243591165826898,0.8083852531213848,0.2277784260893436,0.3315692003267832,0.22977199536507273,0.10204035783367704,0.0013566711065614266,0.0015631848064280491,0.0014559442589635652,0.0014945814911444739,3323.002982107356,6004.1621621621625,5117.573493975904,5622.3465085639,0.28532039072847104,-0.1626339340204665,-0.031250397688500596,-0.19659550937179476,6.044058755013602,6.402100203363706,6.310445427464904,6.3570568813796395,6.230762161854293e-05,4.193681448023192e-05,4.618427233973547e-05,4.558470560231274e-05,9.841080038931565,9.619696101903536,9.70839907525164,9.671758007784227,-0.1845672356909264,-0.22355363271864137,-0.21623567604001417,-0.21249742843287664,0.9299462633207525,0.9545576087646706,0.9513104057702121,0.9485229559634344,0.04378483858438334,0.019502120313091023,0.021060987325549528,0.0259560862578117,221.2713717693837,223.36756756756756,225.2746987951807,218.7206851119895,7.112556888506585,6.990527295637222,7.038557857552525,6.914816553342632,5976.277251994979,4324.389218407603,4807.413697198448,3774.8916801630257,2324.8200585255854,2582.137845142437,2481.2467977935794,2349.309547181738
178,1,1351,1952,96,80,35,48,63.12509252405626,63.048112509252405,1.6235981797695767,1532,0.8963300490890609,41.47465038957176,1,0.6921106557377049,0.6159159405696805,65.14397985133557,60.13318551349163,15.524174696260024,5.479112895431117,5.0,31.0,28.88402401142816,-88.54827762963272,166.02438661763952,0.8818537859007833,0.47570426574590846,0.033984669772983,0.13682772569058746,0.11352542113949952,0.024080923931583547,0.016102352539462697,0.018104762951980505,0.05470571717196631,0.034980438897320255,0.0027827675501390084,0.0162904652112477,0.011596149241731994,0.013686756815870895,0.004709954614277444,0.005853692255265354,0.012265898390877671,0.0007098620098514918,0.019505119086157017,0.009746945297522095,0.0063359258433220355,0.003809093162920086,0.0025647933647140273,0.011365907306840934,0.007536316629146656,0.004504115511890971,0.003437502629145898,0.009204416232591505,0.0068258267088995,0.0037371909963217187,0.0028898677957227823,1,31.096774578094482,544.9139813631773,0.2688172161579132,0.08602151274681091,0.9708733794491273,0.2795698940753937,1.0,0.218991370268271,0.4033412149246316,0.34408602118492126,0.1827957034111023,0.1827957034111023,0.02090946468253924,0.1821232348245848,0.4838709831237793,62.49908241576671,62.306016515972374,0.0,63.12509252405626,63.048112509252405,0,53.0,58.0,0.0,1,1,0.06012589552878694,0.18246936604064834,0.2703396016276968,0.4870651368028679,1.6246016971878134,1.5123687946068431,1.1272493882685743,0.8083845206642191,0.2445839201118332,0.3253514489138756,0.22971123052319017,0.11447365338102393,0.0013935121787774602,0.0014851024891981426,0.001455790292719474,0.0014869054131773486,3399.8883587786263,6100.896551724139,5094.072164948454,5772.710362047441,0.2807143059686683,-0.15311479955423224,-0.009833190222893622,-0.19464494611286579,6.083503164998361,6.371046497140443,6.27849509032337,6.361960375128586,5.7289146208608954e-05,4.3097083820556125e-05,4.656944966086573e-05,4.581280177043201e-05,9.800109612724416,9.665739571499198,9.703243649914027,9.657233620361387,-0.17640807025841038,-0.20732668566812476,-0.2053982279818068,-0.20140664545059034,0.9218680394352776,0.9450321825571235,0.9442004091947014,0.9407451578576835,0.03809381001836343,0.03124617927650513,0.026245222819294874,0.019756932259484702,222.29675572519085,224.27586206896552,226.11340206185565,219.896379525593,7.040106412328125,6.966614247490171,7.052926914877302,6.9454263633039055,6053.624722299108,4480.697846479059,4994.865719582915,3891.6009981281168,2363.37827026943,2645.3985995508046,2522.234471132837,2416.0778400438867
179,1,1353,1952,96,80,35,48,63.11973392461197,62.99852180339985,1.5936967330183525,1529,0.8963003523437976,41.50533825939352,1,0.6931352459016393,0.6274719520231861,65.14435992443411,60.13318551349163,15.556349186104045,5.496943260220219,5.0,31.0,28.888103043130872,-88.59757957203252,164.61017305526642,0.8848920863309353,0.47640849115781947,0.03373351620595356,0.13709726329293398,0.1137417877043065,0.022997455078670362,0.01529661137832026,0.017799478767901798,0.05515585108842802,0.034872768305905646,0.0027714215885121106,0.016086486462273408,0.011261936045237432,0.013625030959099779,0.004530450938624898,0.005598523667104816,0.012221075541079957,0.0005324936523242994,0.019192690751795725,0.009563420744283527,0.006099489758154477,0.003596523871047893,0.002299181764463956,0.011594462158737905,0.00777457954197486,0.0046285449749892535,0.003371108889669068,0.009046854643595281,0.006681434099455206,0.003439007730293556,0.0027016130139528105,1,30.178947523236275,534.7368456870317,0.2631579041481018,0.08947369456291199,0.9346135690332861,0.27368420362472534,1.0,0.21403508881727853,0.3952230936341698,0.3368421196937561,0.17894737422466278,0.17894737422466278,0.019569504934086688,0.17874368418322586,0.4736842215061188,62.521811028478844,62.28019685346361,0.0,63.11973392461197,62.99852180339985,0,60.0,60.0,0.0,1,1,0.062263779370981466,0.1811614173114473,0.26893700812652105,0.4876377951910502,1.6518214409595573,1.5037509056588205,1.1230610246764896,0.8095385728754486,0.24762763405972574,0.32492575942233504,0.22482606863322682,0.11277973942760981,0.0015062690782723755,0.0015594953142115298,0.0015360000000000007,0.001468868344842949,3353.306005719733,5881.392356687898,4937.386285714287,5609.072139303482,0.2665777391573374,-0.15147957103658705,-0.009968625710638758,-0.19743165760241055,5.897741385063171,6.2414332712929514,6.1856867387477665,6.206032777548124,6.863463365340083e-05,4.9468735380682274e-05,5.35524354272959e-05,5.2470428654883254e-05,9.69253123383827,9.608635190396484,9.652587775066552,9.666933358619092,-0.17485054040086956,-0.20036459341300927,-0.19980124340986338,-0.17996553437200838,0.9186270029674551,0.939305867122584,0.939498096770665,0.9231342279515717,0.039029294776596085,0.028370657152001988,0.02279793500820187,0.025882483916063487,217.8265014299333,219.60891719745223,221.85257142857148,215.22885572139302,6.93696357712442,6.860689765555714,6.894418073079438,6.821414276715364,5790.965131801939,4333.973168891229,4839.919979102022,3759.4326996856616,2286.0677843804206,2553.8413813947845,2444.326566204085,2342.1262097472827
180,1,1363,1952,96,80,35,48,63.02934702861335,62.98606016140866,1.5932837312862573,1535,0.896763463160292,41.658438514591815,1,0.6982581967213115,0.6276346016491993,65.34741538600342,60.207972893961475,15.556349186104045,5.513214693428866,5.0,31.0,28.9168988883753,-88.61036654048974,165.19595949289334,0.8879478827361563,0.47873806882042125,0.03227811800904461,0.1371906555977136,0.11535874677131391,0.0199635247359064,0.010088655685566689,0.019001458551945835,0.05466041297264423,0.036583207129606846,0.000816394789128323,0.017116153761095754,0.008595933267940791,0.012740803392966819,0.004097249797918511,0.003978525838090756,0.013656283302017923,0.0013785337673416402,0.01868033418946044,0.010490025172525348,0.00472603355832359,0.003646116671878088,0.002411813510487676,0.010928484718767676,0.008677522333046878,0.005632466287467167,0.002674511735816704,0.009955897433940463,0.004936678303854295,0.002268865493971376,0.0021559354641662374,1,30.40425592660904,541.7553235888481,0.26595744490623474,0.09574466943740845,0.8496467246296769,0.27659574151039124,1.0,0.21411447835640168,0.3974727245699546,0.3404255509376526,0.1808510720729828,0.1808510720729828,0.01938961962213462,0.17996876887859276,0.478723406791687,62.53885125695806,62.29229258169466,0.0,63.02934702861335,62.98606016140866,0,80.0,62.0,0.0,1,1,0.06207167442882434,0.18103092820540378,0.27328424131567564,0.48361315605009625,1.6588959264017071,1.5045436289266152,1.121947050943571,0.8077999162944619,0.24475574851461626,0.32462039672514065,0.21931852043010752,0.11253566899918346,0.0012522249911000353,0.001424030252095495,0.0013236046680150679,0.0014387966757896363,3471.5990566037735,5931.789407313998,4982.988674971687,5722.729397293973,0.2489680981280204,-0.14986574751927367,-0.004349650039766457,-0.2053877426556889,6.115763952847268,6.379416180114319,6.321268187876369,6.362472498490334,5.5614130570821455e-05,4.3485688944143896e-05,4.3744103436945275e-05,4.499247650366119e-05,9.898944035023966,9.716429082438538,9.817063264741126,9.709441466570922,-0.17227084257870276,-0.2042439355162089,-0.19371453482256626,-0.2012407169347262,0.9193820594557575,0.9435704320060814,0.9371415159053313,0.9413350149121895,0.04141826755963178,0.025864949626085862,0.020684931455854764,0.02399574722782411,219.07264150943394,220.7377049180328,223.36240090600225,216.75153751537516,7.0622308884703076,6.975827974187496,7.073815620802769,6.927398637426591,5773.27868547527,4385.570545552277,4939.827895481409,3772.5212922239953,2311.2194355197607,2579.339988216565,2480.704142613273,2373.8126723794976
181,1,1351,1952,96,80,35,48,62.940044411547,62.95780903034789,1.6188559474869733,1534,0.8971262976628749,41.47465038957176,1,0.6921106557377049,0.6177201878600423,65.22110929946331,60.13318551349163,15.524174696260024,5.443936055588099,5.0,31.0,28.813000597729353,-88.75939190536542,165.78174593052023,0.8807040417209909,0.47570426574590846,0.03259881101919673,0.13682383063853035,0.11482452930836708,0.01814611216834381,0.005877578518918588,0.017130182149138428,0.056580680446950665,0.03581358897533899,0.001763326031064426,0.018433737512475377,0.0055510496117390125,0.014191005825616108,0.0035280575253127614,0.0038789836204488008,0.01296069283646114,0.002913468571224595,0.017520906069251514,0.011529306924458152,0.002306202074291004,0.002794441115113024,0.001060643211171575,0.012124448439118616,0.007960828656974965,0.005008917118637743,0.0017400553904935497,0.01102282399603111,0.0037256221786784185,0.0019224269118555861,0.0006259006327319944,1,30.66315807402134,533.9684261828661,0.27368420362472534,0.09473684430122375,0.781498582358537,0.27368420362472534,1.0,0.21442767883931008,0.39523939761870175,0.3368421196937561,0.17894737422466278,0.17894737422466278,0.019670425079038757,0.17746396997768882,0.4736842215061188,62.5567252029185,62.27677568422978,0.0,62.940044411547,62.95780903034789,0,55.0,60.0,0.0,1,1,0.06065803228451019,0.1761980807713684,0.27490291161556346,0.4882409753285579,1.6389800323274553,1.4971296045416242,1.1186561252789937,0.8143377255171377,0.25319626874417106,0.3290571171928699,0.2204765764506002,0.11589444203112527,0.001508980766207605,0.0016596285368029762,0.0015139891814901893,0.001516518833355933,3450.51051625239,5754.9885057471265,4810.050343249429,5625.905118601748,0.23472534593695088,-0.14989657899068465,0.0006845921996550172,-0.21416765810051527,6.016691328780016,6.366695564055194,6.300120754453705,6.349737445460773,6.397184096210432e-05,4.4014568883899293e-05,4.695476064975698e-05,4.6482513164273356e-05,9.690746625406112,9.533267645093643,9.703608541895097,9.662949280970938,-0.17582306007593826,-0.20823705079240246,-0.18889091665960206,-0.17703410707038228,0.9195545439312185,0.9438983875022947,0.9316039568006598,0.9202830497235359,0.04525995335847823,0.027688134459261087,0.025381036907735622,0.032150956403069315,217.75143403441683,218.8071519795658,221.4462242562929,215.09862671660423,7.076344279489966,6.90043539587733,7.029375689988822,6.919625805526766,5567.194429109884,4254.587330713817,4816.640700846736,3641.192519961791,2254.426236340574,2502.393959115234,2406.672761024036,2316.774409640884
182,1,1358,1952,96,80,35,48,62.934462444771725,62.91899852724595,1.599150018956678,1537,0.8973516461203281,41.581958849365805,1,0.6956967213114754,0.6253322003225331,65.41716838881165,60.13318551349163,15.524174696260024,5.484300759448964,5.0,31.0,28.869658749028826,-88.94362372689922,165.19595949289334,0.8835393623942746,0.4781690546875971,0.03287486930151391,0.13559377319892027,0.1161659866457778,0.017573318800755654,0.00591345130294394,0.017443700231979317,0.056219737166759445,0.03598898598256633,0.0015323634918265492,0.01830342645476741,0.005812814039459382,0.014248981735813748,0.003868818186915426,0.003317792521160609,0.012658468936960461,0.0025612807857552508,0.017438076223012088,0.011444028926596548,0.00249971722285269,0.0026534975364462766,0.0004339547158626966,0.012136141038441408,0.008483574319807353,0.004657530048912046,0.0019218447610088237,0.010577169548101069,0.003586135919746199,0.0020098554772947064,0.0008367217232515448,1,29.864583909511566,530.96875461936,0.2604166567325592,0.0833333432674408,0.7295032877089106,0.2708333432674408,1.0,0.21031397119374343,0.390993191914109,0.3333333432674408,0.1770833432674408,0.1770833432674408,0.01962195007578652,0.1768896136241471,0.46875,62.615777005417634,62.26278618545268,0.0,62.934462444771725,62.91899852724595,0,53.0,58.0,0.0,1,1,0.06069880134069316,0.17811390231982374,0.2727718599797986,0.48841543635968454,1.6485794444132162,1.493078267594569,1.115735499555922,0.814825752550923,0.2533971390361092,0.32904006396119106,0.21844250320876424,0.11837069801214836,0.0012971277756374014,0.0014513566610604312,0.0013321978300893753,0.0013876512957600048,3473.73339658444,5784.536121673003,4780.877412031781,5611.901741293532,0.2265582133553412,-0.1577669817333169,0.004641198421728978,-0.21670472497531093,5.960180101188711,6.233879941866027,6.1800534089889485,6.284531176321165,6.55163325488549e-05,4.99686791674874e-05,5.1913767597780533e-05,4.788988377356843e-05,9.878428238644846,9.675879732158274,9.844722655235751,9.739642453030037,-0.17064381061372363,-0.2084270941690166,-0.1910147750737582,-0.1964042610124379,0.9174138011384512,0.9459077130051419,0.9353883367282361,0.9381439847287177,0.03605971701477513,0.03238346107443595,0.02478044234807711,0.02978646853625618,215.34250474383302,216.89860583016474,219.34960272417703,213.0286069651741,6.936883066904992,6.849173105836959,6.898240793691828,6.710053743154976,5508.800147805945,4208.037881452998,4825.462340931859,3612.8536592534874,2245.633386097599,2498.1435007815,2401.584938240905,2306.1888501367557
183,1,1357,1952,96,80,35,48,62.90272660280029,62.88061901252763,1.6050330581944432,1548,0.8974488469627236,41.56664603026825,1,0.6951844262295082,0.6230401267404014,65.38641453150116,60.07495318350236,15.524174696260024,5.482356857561282,5.0,31.0,28.84315976981915,-88.91468230518767,165.4386001800126,0.8766149870801033,0.4787437135510158,0.03485402871873572,0.13491936452466535,0.11628170467662048,0.01753875129840958,0.008819899980160363,0.01725697659848999,0.05580768624873514,0.03583451304627247,0.003332954680772638,0.018727526970803432,0.006121552283415143,0.013461651199947723,0.004866153833704453,0.002807551510292775,0.012689429729860804,0.002981023653642623,0.016682180836900703,0.011685060925395072,0.002258388694524126,0.0027845935171504316,0.002119995103453995,0.011969453048922937,0.008822408721868432,0.0047460865203310275,0.0012192850412193646,0.011089549447559108,0.003154688096294265,0.003834032370836512,0.0009143337205304647,1,30.252631798386574,538.0000051259995,0.2631579041481018,0.09473684430122375,0.6826222325852668,0.27368420362472534,1.0,0.2145576723289828,0.39646278933382423,0.3368421196937561,0.17894737422466278,0.17894737422466278,0.020852333200683786,0.17894503607840223,0.4842105209827423,62.63126589022285,62.25429466049696,0.0,62.90272660280029,62.88061901252763,0,59.0,60.0,0.0,1,1,0.060986108690743404,0.1775582078475928,0.26894932535172816,0.49250635810993565,1.655162989866766,1.4873240003035986,1.1026109803694706,0.8210456117385533,0.25207502709776863,0.3255177992774351,0.21389382993339687,0.11856362012947874,0.0014163678815654415,0.0014936934731634413,0.0013901084710743793,0.0014510779436152563,3611.4904942965777,5947.6357868020295,4961.544318181817,5767.008706467661,0.2148202466722948,-0.16625218200471653,-0.004943910391481221,-0.21958175160739618,6.062948194331682,6.382842158515707,6.324697328799608,6.368375907352478,6.127053811080017e-05,4.3698822251885815e-05,4.585707483212811e-05,4.4372895487387396e-05,9.76317878183217,9.648661707225553,9.752020712613232,9.699540991686526,-0.1817890280848312,-0.20522815363421953,-0.19469833826735153,-0.18954124067999542,0.9263107230997666,0.9433590930027754,0.936999574799996,0.9320876383781547,0.026877971769518443,0.025740338130617015,0.03682699170025181,0.024972144332305064,218.3916349809886,219.742385786802,222.5215909090909,215.70771144278606,7.034827462783135,6.996390124504142,7.04469812369021,6.8647319500905635,5587.652705691849,4251.934903952701,4912.72680655992,3690.346159439119,2299.785799997104,2549.892672688682,2468.567781185433,2364.3387164766955
184,1,1371,1920,95,80,35,48,62.91830780452224,62.905178701677606,1.6272858583878547,1564,0.895826807376053,41.780514786583325,1,0.7140625,0.6145201808554374,65.40177863839828,59.53990258641679,15.524174696260024,5.489725821509287,5.0,31.0,29.06476905893186,-89.07756004145199,167.4386001800126,0.8765984654731458,0.4914911329963917,0.031721860380205406,0.13310273487474067,0.11982105252081242,0.02105251532116075,0.013913109963277638,0.018767386697628258,0.052568117936117244,0.036418383169303424,0.002081846791923832,0.016268398456881623,0.00938420660481804,0.0123394443445021,0.004805732505476011,0.004635749327361758,0.012115645520026598,0.0006649043789729032,0.018242862052768906,0.009210502834733238,0.004286468357138627,0.003920732238568412,0.0027049186627222063,0.011440340664340493,0.010648621617016726,0.0038588461266774073,0.003231844647456537,0.008753866145051834,0.005133789175136357,0.003623083707851055,0.0010623212977606997,1,31.000000566244125,548.3085167706013,0.26595744490623474,0.08510640263557434,0.6571021860836778,0.27659574151039124,1.0,0.2167832207429659,0.3999332726262591,0.3404255509376526,0.1808510720729828,0.1808510720729828,0.021601599202817637,0.18163756583177273,0.478723406791687,62.71952427902543,62.278865367197966,0.0,62.91830780452224,62.905178701677606,0,59.0,60.0,0.0,1,1,0.06074775433826273,0.17617042804454952,0.27300595588270093,0.4900758617344868,1.665703423955154,1.4817770358839075,1.1073703121750966,0.8193829346804647,0.25333272673602314,0.32738197758680976,0.21003340204555554,0.12198032774589007,0.0013525690892642794,0.0014015771046199962,0.0013076995100028085,0.0015130415145470284,3769.196998123827,6091.950124688279,5088.1072625698325,6004.077300613497,0.204022427055286,-0.16015837452347967,0.0006001968326423892,-0.23208673139099933,6.118301064841787,6.321313829165674,6.275060274097022,6.377307312652437,5.721794798117291e-05,4.837527960000832e-05,4.9565381531426505e-05,4.620264155212607e-05,9.855483685601783,9.728780104260727,9.874438737117082,9.6610271817213,-0.17778128184415395,-0.1969113807450988,-0.1873961858193991,-0.2123538597572754,0.9240353780890186,0.9383800990361847,0.9328436322310916,0.9482957393807572,0.035206116732233825,0.026692006285541848,0.024033065893909834,0.03424088783399922,220.10881801125703,221.61097256857855,224.5072625698324,218.19509202453992,7.061406412090453,7.008809044001424,7.121770976631761,6.8688933842055295,5701.414049822422,4409.978333468076,5094.218662338884,3742.1153133350745,2367.6527619865647,2625.4821145390906,2545.581481227182,2436.5481534871415
185,1,1364,1920,95,80,35,48,62.894428152492665,62.89076246334311,1.63563703214791,1563,0.8965584024820606,41.6737176049697,1,0.7104166666666667,0.6113825869342205,65.35963950724629,59.413803110051795,15.524174696260024,5.456115298651532,5.0,31.0,28.949453398251844,-89.14498829661261,167.4386001800126,0.872680742162508,0.49184135249387023,0.02762006368812266,0.13285193132795495,0.12110673155672042,0.019358658068946977,0.008713753672462122,0.01943042945430333,0.052497145046945304,0.037996913721799336,0.0008232807113933071,0.016505895822347717,0.006753063085439653,0.01155739575983862,0.005064613879452444,0.0014117277932467571,0.013593741550417784,0.0017745932339216551,0.01866619775474292,0.00882820500041988,0.0025712093731437157,0.004676984201845389,0.0031910653593708,0.010666832142478688,0.01191743264552564,0.004972771725996781,0.0031233668321578524,0.009295589050320407,0.003541764946523462,0.0005730424165690567,0.0006309067924072423,1,30.3298971503973,529.7010291069746,0.25773194432258606,0.09278352558612823,0.6356713740498474,0.27835050225257874,1.0,0.2120971828699112,0.3883438629816529,0.3298969268798828,0.1649484634399414,0.1649484634399414,0.023813127771759812,0.17576248420427834,0.47422680258750916,62.72995853049526,62.27673653618168,0.0,62.894428152492665,62.89076246334311,0,53.0,57.0,0.0,1,1,0.06117047143677517,0.17304061907771076,0.26848445931111814,0.49730445017439595,1.6687304607952165,1.4751712776374815,1.103050609940858,0.8252107908003355,0.2486167831870812,0.3227723809177361,0.2109302179804861,0.12103792481548817,0.001332572887970615,0.0014735307591674553,0.001343469302933898,0.0015104404816338969,3615.4772727272725,5648.2333751568385,4795.657271702366,5624.658024691358,0.18533212110799882,-0.15433311867297914,-0.004293559017651452,-0.2249076407548576,6.254877705067242,6.456462959675952,6.426482327740621,6.506378464538134,5.178039943110074e-05,4.076976807381262e-05,4.089949087735528e-05,3.962280292042943e-05,9.81263992505162,9.6447997717193,9.76835616377758,9.641863148600606,-0.1510650044642084,-0.18438434745131668,-0.16741698727981025,-0.1802588144163025,0.8937565675509725,0.9268190737926097,0.912232345478765,0.9230106054989421,0.037764619723107254,0.03744215057344562,0.02029688928508707,0.03271536896500125,213.71022727272725,214.22835633626096,218.1127395715896,211.38148148148147,7.165292886181181,7.010305520605659,7.145514337229381,6.979924584953844,5260.476637827145,4137.907702819073,4754.652453261377,3559.1495336076914,2218.988477638606,2446.5352694939756,2387.5774312409394,2295.951889574764
186,1,1375,1920,95,80,35,48,62.89309090909091,62.82181818181818,1.6453374619770167,1569,0.8963461878400583,41.84141935942002,1,0.7161458333333334,0.607778053505457,65.57505405929611,59.53990258641679,15.524174696260024,5.472249777514233,5.0,31.0,29.073017407667006,-89.00514680655736,168.61017305526642,0.8763543658381134,0.4937098976020755,0.02827769008985458,0.13228025012124178,0.12177949533765756,0.018340240927410534,0.00857385776564203,0.019074055640120383,0.052523086074984696,0.037760238025432574,0.0005745035221080416,0.016694994836824757,0.0067451689695758954,0.011818887488224785,0.005170865613871566,0.002569359528569584,0.013152495872120595,0.0013669388652495058,0.018009576718638315,0.008871323591634197,0.0030274888025714868,0.005269172818677251,0.0033473603685909873,0.010872786678482854,0.012419118312381261,0.004684014364361051,0.0034099666922661996,0.00934434321056885,0.0032891828236956172,0.0013058891585685016,0.0009383485269811784,1,30.750000521540642,538.645838201046,0.2604166567325592,0.09375,0.5767699913520115,0.28125,1.0,0.21206896911407339,0.3917424277825789,0.34375,0.1666666716337204,0.1666666716337204,0.024334898197060195,0.17860154468322298,0.4791666567325592,62.792013172473766,62.2539740887041,0.0,62.89309090909091,62.82181818181818,0,56.0,62.0,0.0,1,1,0.06174821148651572,0.1728679176234428,0.2692709334016467,0.49611293748839475,1.698075815879172,1.4763564393306423,1.0986573692203676,0.8248552467310066,0.26128687604261625,0.3182171349792847,0.20623719972592855,0.1229075653732571,0.0012951682745278854,0.0013735145850511863,0.0013043602544838544,0.0013592398419426,3774.3857008466603,5848.515489467161,4908.181716833891,5846.498777506113,0.17632731209663444,-0.15696059906573886,0.004471117263071851,-0.22993201662848625,6.15895275030951,6.383310657349543,6.3353319015140315,6.476954688078405,5.554307032479294e-05,4.4968030863519064e-05,4.5421887825280264e-05,4.168366480255341e-05,9.870589307146707,9.727533639779192,9.850385823874849,9.773213680943261,-0.1769559639597235,-0.20743120475598317,-0.1956713972305822,-0.1944256523557494,0.9234906918892296,0.9459050737648151,0.9391102317117036,0.9370842275682801,0.03009591830176111,0.03513447502562986,0.02582389999926202,0.0292238977000767,216.02445907808092,216.23048327137548,220.36231884057972,213.56968215158923,7.155948844370782,7.03507674758416,7.100414491031424,6.9417833746302104,5390.38510260015,4261.622218229888,4952.2689480232,3660.5287629796585,2291.1927008617076,2527.5344269242705,2465.1126662142724,2376.756885121442
187,1,1373,1920,95,80,35,48,62.891478514202475,62.790240349599415,1.675490741172194,1572,0.8968595451590473,41.81097816269524,1,0.7151041666666667,0.5968400632881967,65.5684130244274,59.53990258641679,15.264337522473747,5.412942252158672,5.0,31.0,29.001922034741703,-89.30460703971465,170.02438661763952,0.8734096692111959,0.4931333977211222,0.02968670324058617,0.13203195272962906,0.12139557207022827,0.019553689414662297,0.01144299425443176,0.019075434801689075,0.052160690642181935,0.037683346937577925,0.0020091911850600567,0.016441839692975198,0.007281753999764447,0.011291946036859186,0.005772718899278362,0.004296743793325392,0.01307792312415044,0.0010101353131459249,0.017622139309126414,0.008412532610482706,0.0035738300061313255,0.0054094319862667195,0.0036730919804378367,0.011382306248746846,0.011553843254513118,0.004291619727063049,0.0033597621626118446,0.008850843322037135,0.004659687919252881,0.0033523410869769127,0.001466460744471201,1,30.907216742634773,534.4639181941748,0.25773194432258606,0.09278352558612823,0.5511849876910676,0.30927833914756775,1.0,0.21169326536051214,0.3892672383060268,0.34020620584487915,0.1649484634399414,0.1649484634399414,0.026191052670723663,0.17712803708504404,0.47422680258750916,62.83421098670163,62.24203845161844,0.0,62.891478514202475,62.790240349599415,0,56.0,62.0,0.0,1,1,0.060451748563153725,0.1698397091719775,0.270566904097006,0.4991416381678628,1.6938826689226436,1.475885574007118,1.099077986169198,0.8276829338218301,0.2631887653423758,0.3209737227287642,0.20539208132861658,0.123906654441955,0.0013552406183833933,0.0015347055889759803,0.0013844761399456943,0.001464865068312695,3734.806967984934,5781.423076923076,4865.581005586591,5788.295705521472,0.17188370292395125,-0.16154349194031295,0.00016655531867472756,-0.23072335741236444,6.110166808129804,6.318773639592381,6.211607079470552,6.362448143481087,5.53335867447925e-05,4.6386309115556624e-05,5.063822569983574e-05,4.3920846979503846e-05,9.78579193205322,9.610272595756953,9.738266245683747,9.666157009288643,-0.15950547944377405,-0.1981245367423373,-0.17917632639182873,-0.17466055019920157,0.903666857955606,0.9376417588739662,0.9235199574369798,0.9180077607712477,0.028339322870919236,0.03623235495583601,0.023892025467204706,0.030969872018855267,214.545197740113,214.85235732009926,218.9508379888268,212.37423312883436,7.047718047315119,6.973656652045532,7.0399864734750555,6.9230815251513045,5285.198992945829,4173.30202297902,4867.202052370398,3618.035409687982,2255.0014902326893,2488.6812749755245,2433.195764489248,2351.582778802358
188,1,1381,1920,95,80,35,48,62.87762490948588,62.824764663287475,1.6334774785575623,1574,0.8968092248587376,41.93261035613285,1,0.7192708333333333,0.6121908707814246,65.73988975416528,59.53990258641679,15.524174696260024,5.4644122429859605,5.0,31.0,29.084475439147404,-89.15485870683199,168.36753236814712,0.8773824650571792,0.4960067168629787,0.0303233191163515,0.13077806705615883,0.12272687830386611,0.018178760735903632,0.011645587008435482,0.0187691270610434,0.05214394898985568,0.03753666888420413,0.0024066905098778573,0.016601294325429346,0.0073515604620672855,0.010998610693762682,0.0065244220510126995,0.004589917706303894,0.012789886304026393,0.00046088042201728884,0.016806511796005195,0.008632912780073668,0.0034690470208482856,0.005648842398872075,0.003748503215791645,0.011296032633962828,0.012603924911911351,0.004266089335703775,0.003039443140194329,0.008974561341969296,0.004278371000169834,0.0037014365517392595,0.0012781242104838875,1,30.56122486293316,530.040822416544,0.2551020383834839,0.09183675050735474,0.5516528001006051,0.3163265287876129,1.0,0.2093234579652956,0.3838094297006111,0.33673471212387085,0.16326531767845154,0.16326531767845154,0.02913782851404488,0.1756198197165968,0.4693877696990967,62.85728861620405,62.273486832212804,0.0,62.87762490948588,62.824764663287475,0,55.0,61.0,0.0,1,1,0.05979516411719804,0.16864315424104265,0.2739873709260835,0.4975743107156758,1.6852473805275507,1.474026557005566,1.099931858281747,0.827891714576323,0.2488328870370182,0.32236604144531983,0.20129035534979928,0.12454795116706373,0.0013878368331720179,0.0015325839015748986,0.001360612779681516,0.0015243699885875252,3747.9943820224717,5631.8312807881775,4759.028824833703,5671.5808019441065,0.15715560835347647,-0.15301624918598808,0.007883880725290168,-0.23006378995500745,6.177419615595355,6.376388701083714,6.331873631650074,6.331137500147181,5.3008394075852345e-05,4.3890911245685085e-05,4.418928088307549e-05,4.6259274906413204e-05,9.763976508108769,9.63771091859633,9.778829079800973,9.664735742084504,-0.17015988558401698,-0.1963807869881093,-0.18301071878707126,-0.18600205524800206,0.9150489543591337,0.9366903547350768,0.9276460496310004,0.9285498994671036,0.03599615782214539,0.04389163417094041,0.021836402410197943,0.03435087885478636,211.51310861423218,211.54802955665025,215.9711751662971,209.17982989064396,7.089848857093074,6.995338087472319,7.037914002823777,6.882870197723712,5145.686157752258,4137.03587050159,4834.664357599038,3550.023554284562,2223.420134943679,2442.2167878224445,2398.4232956081814,2305.4010890571626
189,1,1385,1920,95,80,35,48,62.849819494584835,62.766787003610105,1.6771991498392196,1584,0.8969621887452096,41.99329433919421,1,0.7213541666666666,0.5962321171554746,65.95439406361147,59.682493245507096,15.264337522473747,5.446649489460161,5.0,31.0,29.15891663960531,-89.28965335950426,170.8528137423857,0.8743686868686869,0.495069278343122,0.02773213318192453,0.13058231568301196,0.12309082497780371,0.016248212214279283,0.006699150338562175,0.018004506022547908,0.05303411513022567,0.03780599969447537,0.002024561754550642,0.017113772359186374,0.005375653489952104,0.011384664618193421,0.005993133183398406,0.0032109447613812036,0.01282028829271398,0.0013241266509202436,0.01695794931934197,0.008217495945179435,0.002467709115384341,0.005691184143800362,0.0026471162524571534,0.011747561595358192,0.013077273656438904,0.004270522002457245,0.002849163702939568,0.00991625143457806,0.002418910561495043,0.0005086636010620013,0.0010229982945464207,1,29.86000044643879,520.7800063490868,0.25,0.09000001847743988,0.512317644145102,0.33000001311302185,1.0,0.2045205510030054,0.3760144450173912,0.33000001311302185,0.1600000113248825,0.1600000113248825,0.029933308610015287,0.17339340112919557,0.46000000834465027,62.90047618002258,62.25697991389592,0.0,62.849819494584835,62.766787003610105,0,55.0,61.0,0.0,1,1,0.0622527748728411,0.16867007256997033,0.26546718397953617,0.5036099685776524,1.6905900627232235,1.4600503156838027,1.0877871296202877,0.834329912057474,0.2684908227695434,0.31328980036508997,0.2025385315785153,0.12798117296326578,0.0011752238657077028,0.0013313689446366782,0.0012057019016513536,0.0012644040437364498,3705.3779232927973,5464.258578431372,4639.816574585635,5509.529126213592,0.14440039331296994,-0.15702521323127758,0.005517738321712781,-0.22668443091926876,6.2807911922981585,6.459851265381811,6.393932352694307,6.458845575617959,4.9438548132241524e-05,4.286657888492405e-05,4.4248895379366835e-05,4.234173731840298e-05,9.997838418690348,9.786077652155653,9.925834317929292,9.834752101211578,-0.18547728808492048,-0.2235111338864592,-0.20704610456196879,-0.20885000272860751,0.9329953568936269,0.9564402375030333,0.9481448821266352,0.9482013802563741,0.03225813942829672,0.04102709192532154,0.020470167560397122,0.02874718326353184,207.2712815715622,207.0036764705882,211.90276243093925,204.82038834951453,7.154319919422898,7.044250344841435,7.129187536673457,7.05099316990546,4956.098529788818,3981.0992511894583,4691.303252037476,3473.2687105287987,2165.3691132704007,2361.3394574052054,2332.7799566557806,2245.6994591856
190,1,1396,1920,95,80,35,48,62.91690544412607,62.679799426934096,1.5777633651210798,1585,0.8965754709506231,42.15972490956609,1,0.7270833333333333,0.6338086066051221,65.9982102527315,59.53990258641679,15.264337522473747,5.53119051429621,5.0,31.0,29.230012369079013,-89.49187107448236,166.36753236814715,0.8807570977917981,0.5005320707325771,0.02639736067691481,0.1310922625879456,0.1243221838169036,0.014235569744697968,0.0060169835335574014,0.018188808587647057,0.053035852171551164,0.03735110391891973,0.002508100162922476,0.017361149314603266,0.004537759192551451,0.011655153363647697,0.0056183815612689215,0.003757199634714157,0.0119324314660601,0.0025405953512181506,0.015524983560532422,0.008148216287668071,0.0017006068813435735,0.0046880329343720545,0.0022833864822529625,0.012120561220063674,0.01402931904754303,0.0035864584843921504,0.002193760537052006,0.010029511311510269,0.001515612140257585,0.0007155320350325621,0.0005710402079780668,1,28.754902258515358,515.4607850462198,0.2450980395078659,0.08823530375957489,0.47833101354465174,0.30392155051231384,1.0,0.19968682123968998,0.36924125003310876,0.3235294222831726,0.1568627506494522,0.1568627506494522,0.026542767726938858,0.17096905417574887,0.46078431606292725,62.974722754209665,62.204975546770775,0.0,62.91690544412607,62.679799426934096,0,57.0,62.0,0.0,1,1,0.062213515955127266,0.16870494962789306,0.27588108867784134,0.49320044573913835,1.7029425151638653,1.4628081346617283,1.097236466650331,0.8265400027032856,0.2804149209621902,0.3119614087976318,0.2002814199990242,0.12018190571248824,0.001337892076705812,0.001465903521669117,0.0013813142388589082,0.0014375498098399022,3571.8728110599077,5392.423913043478,4533.139737991266,5433.782713085233,0.150481927376446,-0.1648974735584906,0.003696555958877452,-0.23253133344126442,6.442125074531026,6.596591483078305,6.558091157350846,6.628418703759731,4.145894225479278e-05,3.4755596483253674e-05,3.647345526922518e-05,3.4838155477620966e-05,9.849324040987945,9.680744307338811,9.811387520382615,9.69686039189385,-0.16286868244426483,-0.19624168844310474,-0.1785545057782874,-0.18796713675102159,0.9086211459354873,0.9371932452246252,0.9240779524834848,0.9307241534424082,0.04396660422622616,0.0351252705001988,0.020232921542812327,0.03501360898001138,203.33087557603687,203.9722222222222,208.3842794759825,201.75630252100837,7.290589956350075,7.167172423221704,7.265384989266049,7.1425821654397375,4837.301581261017,3865.77096752551,4566.778093476489,3383.490431466722,2102.2935980802304,2314.5487201422457,2274.979457866937,2204.3182861379883
191,1,1395,1920,95,80,35,48,62.89032258064516,62.66379928315412,1.6104993938085137,1593,0.8966509181462393,42.14462201640385,1,0.7265625,0.6209254122320388,66.04616661143568,59.682493245507096,15.264337522473747,5.4979289775776286,5.0,31.0,29.2411622089657,-89.47128497074176,168.02438661763952,0.8757062146892656,0.498643785767982,0.02703642588677698,0.13053856258819901,0.12417921634327846,0.013385157614285966,0.005181601753185227,0.017787370057085448,0.05339281268509098,0.03744919889259224,0.00303513068467607,0.017295576694196436,0.004869504703031395,0.011173608637788737,0.006420900391862854,0.004114201398189934,0.012373709530176325,0.0018899984690704478,0.015230769932156874,0.007888898750083815,0.0027782596628525766,0.005723601074076527,0.002545626649346997,0.012096207072749384,0.014159044997626847,0.004145741620063915,0.0022509688618068337,0.009896742428500303,0.0020044331891380398,0.0004304983725162534,0.0018334974043255705,1,29.000000312924385,517.1078444719315,0.23529411852359772,0.08823530375957489,0.4593336925597939,0.3235294222831726,1.0,0.20138889106197488,0.3706866268615996,0.3235294222831726,0.1568627506494522,0.1568627506494522,0.031554881998590585,0.17403593997793068,0.45098039507865906,63.00784908101594,62.21975540825974,0.0,62.89032258064516,62.66379928315412,0,53.0,61.0,0.0,1,1,0.06264100928401949,0.16860366119380296,0.27265143631698185,0.4961038932051957,1.7134158421805226,1.4608826544431968,1.092956188684452,0.8288202766721531,0.2652334375903771,0.3075929499296566,0.20320214632377617,0.12206299574389101,0.0012044728516525881,0.0013029917511388355,0.001273851115291588,0.0012746995556926254,3786.246993524514,5579.427360774818,4702.099453551912,5646.165666266506,0.1333582585401693,-0.17306449714290206,0.0056981330022911275,-0.22917650908633935,6.475314193132359,6.587719889728816,6.550687560130992,6.647008529379986,4.158529631258954e-05,3.6452321983469654e-05,3.8242920454057684e-05,3.6020351044923515e-05,9.991550265048618,9.82601054769918,9.894484536709864,9.840310088765579,-0.17691901842828556,-0.2090751666927703,-0.2018746835638139,-0.19984018632017658,0.9253035784637293,0.9482396949491587,0.9442325879371115,0.9420717176754512,0.03750244113142581,0.034351762507334835,0.029380242732704478,0.03427822553533122,204.08788159111936,204.53631961259083,209.46338797814207,202.50180072028812,7.294886163199476,7.259797731992674,7.333042411021971,7.240693019915891,4951.497364707524,3933.1397220479557,4755.992921854944,3540.7421936361498,2184.4360895580103,2378.141770705697,2364.5230938517125,2296.726964975669
192,1,1351,1860,95,79,35,48,62.74241302738712,62.592153960029606,1.697918254594096,1553,0.9015153770766742,41.47465038957176,1,0.7263440860215054,0.588956504410196,65.82498885968403,59.413803110051795,15.0,5.310788359707984,5.0,30.0,28.485570932572262,-89.71521275019408,169.78174593052023,0.8699291693496458,0.48673435739623955,0.02688032593346089,0.12950740475213013,0.12272811020977423,0.012846181146355317,0.0032053548729026357,0.01863161438518799,0.0550479463490674,0.03794166542153985,0.00547395982386598,0.0169373993163693,0.0032186046211384652,0.012526882883955879,0.006691569904985148,0.0011534688987534653,0.01212108965937777,0.002202841937897837,0.014028390175134547,0.008554426506986769,0.0016468464728661418,0.005677198438611856,0.0017871250787542226,0.01207174912727057,0.012298348209246263,0.003153198665062846,0.001439392971389205,0.011677798921038375,0.0014066828260974667,0.0009692449990916064,0.0009748124071288411,1,30.79611699283123,504.7087448090315,0.24271844327449799,0.08737866580486298,0.47857565889925757,0.33009710907936096,1.0,0.209497394509056,0.37358160237530086,0.3203883767127991,0.1553398072719574,0.1553398072719574,0.03419784001832997,0.1720853300603251,0.4587378725409508,62.96685585054779,62.16947195139601,0.0,62.74241302738712,62.592153960029606,0,53.0,61.0,0.0,1,1,0.05853611565763707,0.16352794138672316,0.2599596040593758,0.5179763388962639,1.7191802663797209,1.4345860312562504,1.0707482472079768,0.850286796900185,0.2508759576538927,0.3179867933447253,0.2016461890561011,0.12497702591917431,0.0012255435512602349,0.0013434855518650174,0.0012262567502762658,0.0013127157711946746,3804.1847930702597,5393.156488549619,4641.762557077625,5441.189155107188,0.11272758846294505,-0.16903881213968278,-0.0020343605184340204,-0.22335774327655833,6.284169160278572,6.45096770572445,6.435288630432353,6.464601198520066,4.730150967184608e-05,4.329108014999085e-05,4.073559960746101e-05,4.185821160061627e-05,9.944320974153323,9.762469548205939,9.915799942822302,9.80102745415922,-0.1834310011968608,-0.21502254361727235,-0.19791900542787158,-0.20590316080692928,0.9304739245455913,0.9512219807207168,0.9416685107174954,0.9458149621193761,0.03703456359266889,0.03485630283802016,0.026180199675311627,0.02975061069817768,205.21462945139558,204.90966921119593,210.23059360730593,202.4905422446406,7.125544443795969,7.039225091322524,7.163893809968132,6.9839730876975405,4770.824964034975,3833.494384877864,4622.914863117956,3454.3104401851597,2143.7524392763044,2306.6627183568708,2316.1693550488963,2223.8748988230873
193,1,1382,1920,95,80,35,48,62.811866859623734,62.68162083936324,1.6923855824360565,1592,0.8975656994810326,41.9477895820983,1,0.7197916666666667,0.5908818949878895,65.95487374025507,59.53990258641679,15.033296378372908,5.389371237416614,5.0,31.0,29.07823265949288,-89.789558931067,171.4386001800126,0.8680904522613065,0.4947199068627918,0.02788722518576347,0.13075439456352392,0.12246676747086893,0.01491243128882088,0.007945386968613612,0.01582577320056021,0.05536514327923403,0.03558833831611113,0.003998548923983505,0.016984293820225396,0.0037624938463226383,0.014092911085931178,0.0049179234949041145,0.003683235251526638,0.010776016796655258,0.0017315534798430714,0.013957295878381648,0.008212624855834811,0.001246679890300542,0.004303785387698374,0.001919521301298589,0.013336108733900658,0.01264966556354295,0.0028845034216385427,0.0015671419070971485,0.010235536435105002,0.0038382787558236186,0.0028690825286438165,0.000697527433745646,1,30.133333668112755,510.4095234274864,0.2380952388048172,0.0952381044626236,0.4871426283956156,0.3523809611797333,1.0,0.2049886644089303,0.3693267173860249,0.32380953431129456,0.1428571343421936,0.1428571343421936,0.0415702584646783,0.17675395464044086,0.4571428596973419,63.056649191910516,62.26044445089823,0.0,62.811866859623734,62.68162083936324,0,80.0,63.0,0.0,1,1,0.06219095758816359,0.1615696090886301,0.2615826689303084,0.5146567643928979,1.7189580677368312,1.4313410241056819,1.0695480723718518,0.8487537570298145,0.26239527247685046,0.3078218144109263,0.19631601314151864,0.1260309750423242,0.001217652919893719,0.0014392713312507057,0.00120852399261241,0.0013555919095776328,4042.4708646616536,5556.613496932516,4760.03642384106,5680.042682926829,0.10402067449503057,-0.15218677759338667,0.016988356181834263,-0.21686603912489297,6.312137219320773,6.468964277423075,6.439367811769188,6.5139087674478215,4.662863037896079e-05,4.242709486237486e-05,4.095295725466931e-05,4.103443297795213e-05,9.97070209972586,9.75996381558211,9.956488212632513,9.807490577020216,-0.18642091045294937,-0.2192424396583019,-0.20153785779749803,-0.21173120575068682,0.9334028009042389,0.95371690866564,0.9447908641231907,0.9497176065285033,0.03720318974813774,0.048857958073187276,0.026167395376000498,0.034922072811183896,202.8693609022556,202.6110429447853,207.38741721854305,200.859756097561,7.209901592634912,7.102145030812964,7.2333120538161575,7.0453237162844005,4981.109813125404,4088.7211050472324,4924.561828428581,3655.48399018441,2255.8951694467596,2411.3336504949384,2421.1495630674126,2333.881668277809
