ImageNumber,ObjectNumber,AreaShape_Area,AreaShape_BoundingBoxArea,AreaShape_BoundingBoxMaximum_X,AreaShape_BoundingBoxMaximum_Y,AreaShape_BoundingBoxMinimum_X,AreaShape_BoundingBoxMinimum_Y,AreaShape_Center_X,AreaShape_Center_Y,AreaShape_Compactness,AreaShape_ConvexArea,AreaShape_Eccentricity,AreaShape_EquivalentDiameter,AreaShape_EulerNumber,AreaShape_Extent,AreaShape_FormFactor,AreaShape_MajorAxisLength,AreaShape_MaxFeretDiameter,AreaShape_MaximumRadius,AreaShape_MeanRadius,AreaShape_MedianRadius,AreaShape_MinFeretDiameter,AreaShape_MinorAxisLength,AreaShape_Orientation,AreaShape_Perimeter,AreaShape_Solidity,AreaShape_Zernike_0_0,AreaShape_Zernike_1_1,AreaShape_Zernike_2_0,AreaShape_Zernike_2_2,AreaShape_Zernike_3_1,AreaShape_Zernike_3_3,AreaShape_Zernike_4_0,AreaShape_Zernike_4_2,AreaShape_Zernike_4_4,AreaShape_Zernike_5_1,AreaShape_Zernike_5_3,AreaShape_Zernike_5_5,AreaShape_Zernike_6_0,AreaShape_Zernike_6_2,AreaShape_Zernike_6_4,AreaShape_Zernike_6_6,AreaShape_Zernike_7_1,AreaShape_Zernike_7_3,AreaShape_Zernike_7_5,AreaShape_Zernike_7_7,AreaShape_Zernike_8_0,AreaShape_Zernike_8_2,AreaShape_Zernike_8_4,AreaShape_Zernike_8_6,AreaShape_Zernike_8_8,AreaShape_Zernike_9_1,AreaShape_Zernike_9_3,AreaShape_Zernike_9_5,AreaShape_Zernike_9_7,AreaShape_Zernike_9_9,Children_IdentifyPrimaryGFP_Count,Intensity_IntegratedIntensityEdge_RescaleGFP,Intensity_IntegratedIntensity_RescaleGFP,Intensity_LowerQuartileIntensity_RescaleGFP,Intensity_MADIntensity_RescaleGFP,Intensity_MassDisplacement_RescaleGFP,Intensity_MaxIntensityEdge_RescaleGFP,Intensity_MaxIntensity_RescaleGFP,Intensity_MeanIntensityEdge_RescaleGFP,Intensity_MeanIntensity_RescaleGFP,Intensity_MedianIntensity_RescaleGFP,Intensity_MinIntensityEdge_RescaleGFP,Intensity_MinIntensity_RescaleGFP,Intensity_StdIntensityEdge_RescaleGFP,Intensity_StdIntensity_RescaleGFP,Intensity_UpperQuartileIntensity_RescaleGFP,Location_CenterMassIntensity_X_RescaleGFP,Location_CenterMassIntensity_Y_RescaleGFP,Location_CenterMassIntensity_Z_RescaleGFP,Location_Center_X,Location_Center_Y,Location_Center_Z,Location_MaxIntensity_X_RescaleGFP,Location_MaxIntensity_Y_RescaleGFP,Location_MaxIntensity_Z_RescaleGFP,Number_Object_Number,Parent_IdentifyPrimaryGFP,RadialDistribution_FracAtD_RescaleGFP_1of4,RadialDistribution_FracAtD_RescaleGFP_2of4,RadialDistribution_FracAtD_RescaleGFP_3of4,RadialDistribution_FracAtD_RescaleGFP_4of4,RadialDistribution_MeanFrac_RescaleGFP_1of4,RadialDistribution_MeanFrac_RescaleGFP_2of4,RadialDistribution_MeanFrac_RescaleGFP_3of4,RadialDistribution_MeanFrac_RescaleGFP_4of4,RadialDistribution_RadialCV_RescaleGFP_1of4,RadialDistribution_RadialCV_RescaleGFP_2of4,RadialDistribution_RadialCV_RescaleGFP_3of4,RadialDistribution_RadialCV_RescaleGFP_4of4,Texture_AngularSecondMoment_RescaleGFP_8_00_256,Texture_AngularSecondMoment_RescaleGFP_8_01_256,Texture_AngularSecondMoment_RescaleGFP_8_02_256,Texture_AngularSecondMoment_RescaleGFP_8_03_256,Texture_Contrast_RescaleGFP_8_00_256,Texture_Contrast_RescaleGFP_8_01_256,Texture_Contrast_RescaleGFP_8_02_256,Texture_Contrast_RescaleGFP_8_03_256,Texture_Correlation_RescaleGFP_8_00_256,Texture_Correlation_RescaleGFP_8_01_256,Texture_Correlation_RescaleGFP_8_02_256,Texture_Correlation_RescaleGFP_8_03_256,Texture_DifferenceEntropy_RescaleGFP_8_00_256,Texture_DifferenceEntropy_RescaleGFP_8_01_256,Texture_DifferenceEntropy_RescaleGFP_8_02_256,Texture_DifferenceEntropy_RescaleGFP_8_03_256,Texture_DifferenceVariance_RescaleGFP_8_00_256,Texture_DifferenceVariance_RescaleGFP_8_01_256,Texture_DifferenceVariance_RescaleGFP_8_02_256,Texture_DifferenceVariance_RescaleGFP_8_03_256,Texture_Entropy_RescaleGFP_8_00_256,Texture_Entropy_RescaleGFP_8_01_256,Texture_Entropy_RescaleGFP_8_02_256,Texture_Entropy_RescaleGFP_8_03_256,Texture_InfoMeas1_RescaleGFP_8_00_256,Texture_InfoMeas1_RescaleGFP_8_01_256,Texture_InfoMeas1_RescaleGFP_8_02_256,Texture_InfoMeas1_RescaleGFP_8_03_256,Texture_InfoMeas2_RescaleGFP_8_00_256,Texture_InfoMeas2_RescaleGFP_8_01_256,Texture_InfoMeas2_RescaleGFP_8_02_256,Texture_InfoMeas2_RescaleGFP_8_03_256,Texture_InverseDifferenceMoment_RescaleGFP_8_00_256,Texture_InverseDifferenceMoment_RescaleGFP_8_01_256,Texture_InverseDifferenceMoment_RescaleGFP_8_02_256,Texture_InverseDifferenceMoment_RescaleGFP_8_03_256,Texture_SumAverage_RescaleGFP_8_00_256,Texture_SumAverage_RescaleGFP_8_01_256,Texture_SumAverage_RescaleGFP_8_02_256,Texture_SumAverage_RescaleGFP_8_03_256,Texture_SumEntropy_RescaleGFP_8_00_256,Texture_SumEntropy_RescaleGFP_8_01_256,Texture_SumEntropy_RescaleGFP_8_02_256,Texture_SumEntropy_RescaleGFP_8_03_256,Texture_SumVariance_RescaleGFP_8_00_256,Texture_SumVariance_RescaleGFP_8_01_256,Texture_SumVariance_RescaleGFP_8_02_256,Texture_SumVariance_RescaleGFP_8_03_256,Texture_Variance_RescaleGFP_8_00_256,Texture_Variance_RescaleGFP_8_01_256,Texture_Variance_RescaleGFP_8_02_256,Texture_Variance_RescaleGFP_8_03_256
1,1,211,256,76,70,60,54,67.68720379146919,61.4739336492891,0.9891714320128142,217,0.46061184571469954,16.39065416446578,1,0.82421875,1.0109471095067426,17.404582361319196,17.204650534085253,7.810249675906654,3.0598974780643826,2.8284271247461903,14.849242404917497,15.448336398977279,46.377892040940495,51.21320343559643,0.9723502304147466,0.9076133241186464,0.05991275253019084,0.0694050409246614,0.04557975462608414,0.03597511275126843,0.019515130216081783,0.0348266319710692,0.02888130104999758,0.015772389649320925,0.010896247908913121,0.01679173376096474,0.012747344428546342,0.003735064309848971,0.01646955641186991,0.016671680492569927,0.01092529435639495,0.007789546034454451,0.013205810267074772,0.006792774405116471,0.0014721671231753628,0.014261582422697603,0.010895457783222458,0.014223053765952396,0.009697698943685185,0.0028622393423433567,0.011537589817097392,0.0059918109733310375,0.009434268806257315,0.009166194364135669,0.0082394484919387,1,17.243420511484146,142.24341967701912,0.45394736528396606,0.21710528433322906,0.10487186139821697,0.44736841320991516,1.0,0.3831871224774255,0.6741394297489057,0.6644736528396606,0.3421052396297455,0.3421052396297455,0.03558193148742366,0.22571478124126243,0.8815789818763733,67.78779890755379,61.44429027004429,0.0,67.68720379146919,61.4739336492891,0,67.0,62.0,0.0,1,1,0.09102261877294636,0.27343786680584276,0.36723555354598275,0.2683039608752282,1.4773671200839702,1.4072046316105549,1.091361997157779,0.6582806481938734,0.0026544538343234213,0.033175112533315086,0.07873460703840197,0.03515475552415794,0.007030827474310438,0.011037067888379838,0.0071660356949702535,0.015570934256055366,8955.197674418605,8383.020408163266,8887.546511627907,7333.64705882353,-0.3490264701818648,-0.7047956215223489,-0.30082010055307007,-0.59170167609681,5.725512865091745,5.28817923187031,5.9291149000257795,4.690116517593664,6.819003462598026e-05,9.04914191840639e-05,5.551426393912251e-05,0.0001536966607644896,7.216962429120703,6.533077191053983,7.208184667467639,6.0286393118385755,-0.584158770193668,-0.685785997068245,-0.5863153518035386,-0.7669400204175518,0.9987030751561546,0.9994530114152349,0.9987336257293422,0.9997232534339531,0.027718567495057876,0.0031624211002565707,0.026128120667567936,0.0013101851628485052,355.9651162790698,311.7551020408163,353.0813953488372,299.17647058823525,5.981326818580117,5.027875405295546,5.868125219818378,4.653495561774943,4321.335992428314,1451.6134943773359,4776.981746890218,1881.2041522491636,3319.1334167117384,2458.6584756351585,3416.1320646295317,2303.712802768161
2,1,219,289,77,71,60,54,67.7579908675799,61.57990867579909,1.0157003208522255,227,0.4834064369641119,16.698486766680407,1,0.7577854671280276,0.9845423689154178,17.859676931528554,17.4928556845359,7.810249675906654,3.0848929766979345,2.8284271247461903,14.849242404917497,15.63429035804079,49.53478693814694,52.8700576850888,0.9647577092511013,0.9112400663300676,0.02813836855455547,0.0706267482096034,0.056092636784241465,0.02156757924298615,0.01893441555277306,0.041421966327465094,0.03598025633678024,0.00388592369907002,0.01458416466332872,0.006719950305864894,0.006863073546764479,0.011610590546976383,0.01695628159723044,0.008149926317195464,0.005903586411560776,0.01005696301931054,0.00254628986566659,0.013240281880418217,0.005852537119915933,0.009985064653583684,0.005308350049064296,0.009292829451474334,0.0019155699911775307,0.004074139820253296,0.0073322257092996905,0.00650634855327191,0.012808738608527184,0.002772413507148801,0.00881246835025191,1,16.259739756584167,142.311686784029,0.4350649416446686,0.2142857015132904,0.07891178258283549,0.4675324559211731,1.0,0.36132755014631485,0.6498250538083516,0.6363636255264282,0.29870128631591797,0.29870128631591797,0.03469030749798164,0.22794093265179952,0.8896104097366333,67.79535499891313,61.51040334420421,0.0,67.7579908675799,61.57990867579909,0,70.0,59.0,0.0,1,1,0.08938674966467816,0.2759627689006562,0.37666544834041654,0.2579850330942491,1.5058229366588034,1.43894872355342,1.0853912261388312,0.6420309346322787,0.005811078047528236,0.03515804440256882,0.07729187118580001,0.04484760817382102,0.0062794348508634235,0.010578512396694214,0.006375457644236838,0.013513513513513516,9711.318681318682,8117.400000000001,9336.561797752809,6490.432432432433,-0.40745355020336027,-0.5764693706782354,-0.3450321482279499,-0.46521955366995266,5.977413733533968,5.526814258979204,5.938941998260584,4.93918309535868,5.408292691383136e-05,7.384245060692147e-05,5.5261820708993494e-05,0.00011884913643056066,7.386915519319576,6.617723349888296,7.354891998357819,6.20945336562895,-0.6488772595930861,-0.7220136966646798,-0.6325439772377234,-0.7508535026759345,0.9995853510721017,0.9997171319892162,0.9994453498097374,0.9997135437392211,0.035684426845381756,0.023344809503626815,0.002404675462858329,0.006892153966983097,348.2637362637363,297.3272727272727,346.1573033707865,284.4864864864865,6.065325821446056,5.353909258900534,6.0992191050750835,4.993237149412735,4088.5238497765968,2180.801983471072,4546.469637672024,2368.898466033599,3449.9606327738184,2574.5504958677666,3470.75785885621,2214.8327246165136
3,1,214,272,76,71,60,54,67.54205607476635,61.55607476635514,1.029912840008088,225,0.46492505999743583,16.50676414605009,1,0.7867647058823529,0.9709559500123787,17.549212776857686,17.204650534085253,7.810249675906654,3.0700148793382342,2.8284271247461903,15.0,15.537196186965781,43.39989355018278,52.62741699796952,0.9511111111111111,0.9205177789639352,0.0749739445238806,0.05405920273026382,0.045719832791287926,0.045390996742253505,0.010106021795890234,0.017515433049686467,0.02403236382990323,0.02065241348644789,0.014989542764781365,0.009051974808359023,0.005391856592068136,0.012158511983325931,0.010564603023326555,0.02330913274005821,0.010140699729497386,0.0029350782013075317,0.007392810869092177,0.008653623239095562,0.005147585882584598,0.02538249592495176,0.008438895496564187,0.02197867542727358,0.009761049019155607,0.0052988693410517046,0.0055866382466181145,0.004099709245451488,0.013037408743909329,0.00538351811580375,0.007129302642562671,1,17.63157844543457,143.2434192597866,0.44736841320991516,0.21710523962974548,0.12492063570874608,0.44736841320991516,1.0,0.3832951835964037,0.6693617722419934,0.6644736528396606,0.30921050906181335,0.30921050906181335,0.034307067801152044,0.2272975307180755,0.9013157784938812,67.65911909986038,61.51246956733355,0.0,67.54205607476635,61.55607476635514,0,68.0,62.0,0.0,1,1,0.09006567893285447,0.2735957407610796,0.36609562002388063,0.27024296028218525,1.4826196378177527,1.4280363054358773,1.0881175372932002,0.6571817443225865,0.004339317848528578,0.03029757446003682,0.06524815664683883,0.04294897386751734,0.006539833531510108,0.010765090349865438,0.006456611570247934,0.015102040816326531,9005.747126436781,8528.0,9254.568181818184,7143.457142857143,-0.3482056282919678,-0.6568339186930134,-0.3413700945458138,-0.5883274093697108,5.948465909542362,5.30468244977221,5.733587266581306,4.957854445516395,5.4412732935121876e-05,9.137087260608902e-05,6.948423779700415e-05,0.00011548100685586734,7.319324099272136,6.57438612628522,7.323067982273661,6.072140159802109,-0.6370271732243835,-0.7502427635453477,-0.6140107954805483,-0.7761349376497468,0.9994657792714048,0.9998133739774385,0.9992392385437329,0.9997739008551055,0.006198213828848742,0.028932679720749303,0.006884793965059112,0.007468520996154187,354.8735632183908,309.01960784313724,353.0454545454545,297.0,5.9932950420698345,5.30468244977221,5.9053988061127125,4.879143374026009,4353.857576958631,1766.3329488658492,4544.111570247958,1851.4857142857072,3339.901175848856,2573.5832372164587,3449.66993801653,2248.7357142857145
4,1,214,272,76,71,60,54,67.53271028037383,61.61214953271028,1.029912840008088,226,0.4178345902509739,16.50676414605009,1,0.7867647058823529,0.9709559500123787,17.32476969553373,17.029386365926403,8.0,3.058770709329053,2.8284271247461903,15.0,15.739953775261165,39.17463235604343,52.62741699796952,0.9469026548672567,0.9395629743907751,0.012890896637141068,0.05165628212409488,0.04256697136976209,0.011085497365856883,0.017726135369203984,0.036220164670025805,0.033594138993584474,0.011491471097097217,0.009084519438654317,0.011195656060507889,0.0067708450432765474,0.01750810630172303,0.024139179882321758,0.01246160308254458,0.009868199060254301,0.007744540430374792,0.007005487546652195,0.008183809477781278,0.00582948548276187,0.0011057389141261548,0.01710374022258971,0.011577937382522467,0.014202483836360824,0.010412385013005551,0.007309292519737032,0.006147454083589384,0.012273577851696827,0.008837094211159234,0.008042791584011905,1,17.29032212495804,141.17419230937958,0.43870967626571655,0.2193548083305359,0.09786479003528119,0.43870967626571655,1.0,0.3758765679338704,0.6596924874270074,0.6580644845962524,0.31612902879714966,0.31612902879714966,0.031157518005642225,0.22179756331125175,0.8903225660324097,67.61740243745098,61.56311122464128,0.0,67.53271028037383,61.61214953271028,0,68.0,62.0,0.0,1,1,0.08938854061408241,0.27223289212335905,0.364866093839173,0.2735124734233855,1.4714728993395052,1.4209229003511896,1.0997372405856758,0.6576592057596008,0.009629160286720053,0.029459287901862384,0.04804031093267889,0.035993965464912646,0.006407715682388691,0.010828821324448144,0.0063754576442368385,0.01387874360847334,8288.885057471263,7768.530612244897,8974.752808988764,6983.783783783784,-0.29930056833682817,-0.6379995869048845,-0.35415713177362534,-0.5486271985507638,5.919842633730028,5.369811884931535,5.795628655539646,4.993237149412734,5.4412732935121876e-05,8.398371406119845e-05,6.413854082009059e-05,0.00011314241619681339,7.328000967113097,6.55348535431929,7.340901970292241,6.182426338601923,-0.6505343504372726,-0.7037329013558742,-0.6398517913289955,-0.7655355707919798,0.9995727429050888,0.9995937785941467,0.9994993625566311,0.9997661703992189,0.025953577301685876,0.04031037437531025,0.003210243748632069,0.03502299194714304,348.1264367816092,304.2857142857142,347.76404494382024,291.4054054054054,6.049096800371826,5.191140711417995,5.955905762354146,4.810672622327235,4470.110450521868,1716.8571428571886,4280.360055548546,2035.5383491599641,3189.7488769982883,2371.3469387755104,3313.7782161343275,2254.830533235934
5,1,218,272,76,71,60,54,67.4954128440367,61.68348623853211,1.0110153567051874,227,0.43894222849107734,16.66031874701878,1,0.8014705882352942,0.9891046593584044,17.583676036494307,17.204650534085253,8.0,3.0880160269282775,2.8284271247461903,15.0,15.799201711390749,38.42452713299317,52.62741699796952,0.960352422907489,0.9377237187576536,0.06408483003534057,0.043828643933998795,0.04290052282032359,0.042080079357441104,0.012916248117193737,0.016032379071849522,0.02619654695796829,0.019770536530921375,0.017589370772460682,0.006584615671478675,0.0014829560578056426,0.008749118310501989,0.013938485203886951,0.020328911637168354,0.011146732735988133,0.0006791359237989615,0.004530745948685154,0.009391829228164018,0.005183016480152179,0.022246041764830964,0.010642890447875164,0.021147762052436687,0.010007877284050814,0.006282257454456116,0.004717880664679451,0.0030064335316232803,0.013835170965411292,0.0065898663122788475,0.006941274281513843,1,17.490195274353027,144.43790465593338,0.43790850043296814,0.21568623185157776,0.10878725635583195,0.43790850043296814,1.0,0.3802216363989789,0.6625591956694191,0.6535947322845459,0.3202614188194275,0.3202614188194275,0.03358519873699493,0.22394166942240396,0.9019607901573181,67.57532015930113,61.60966559025089,0.0,67.4954128440367,61.68348623853211,0,68.0,59.0,0.0,1,1,0.08869179844552141,0.2696049675191962,0.3737273112112118,0.26797592282407057,1.4872932354710457,1.4335093394923097,1.0863007179205881,0.656390462647723,0.007813779882866795,0.027100999144738423,0.06352543226371843,0.04367812928963184,0.006438580987249084,0.009985207100591717,0.006616257088846882,0.015581717451523541,8421.123595505618,7993.884615384616,9308.119565217392,7521.684210526316,-0.31664741284132214,-0.643908785136801,-0.37322081396825496,-0.5855670681004932,5.958879498382128,5.277362795064168,5.784006521086277,4.984769618706743,5.328921623986081e-05,9.742149939903847e-05,6.504455451027884e-05,0.00011458885636686286,7.34365604330164,6.661978179679553,7.306170651709188,6.063716987127797,-0.627148717889392,-0.697256802938386,-0.6286098277210106,-0.8000409145741583,0.9993901698184741,0.999600070228573,0.9993830721270793,0.9998460242363999,0.023974441538598613,0.0102700216708057,0.001019123524646849,0.03924668830331427,352.08988764044943,306.96153846153845,350.07608695652175,297.68421052631584,5.795628655539646,5.233811593016277,5.86030597770208,4.681880802803402,4370.64360560535,1731.575443786991,4248.5050803402555,1966.0055401661812,3197.941800277742,2431.365014792893,3389.1561613894155,2371.9224376731327
6,1,231,306,77,71,59,54,67.47186147186147,61.70995670995671,1.0151405588841667,240,0.4234404633444916,17.14987856615383,1,0.7549019607843137,0.9850852586357017,18.034167135278754,17.4928556845359,8.06225774829855,3.162670368777166,2.8284271247461903,15.556349186104045,16.337583635699804,46.15723292308179,54.284271247461895,0.9625,0.9360677932445204,0.013947233851229798,0.05523773925798645,0.03337076410740612,0.011018827878764785,0.023438488281093763,0.04030086672170593,0.023805270522586353,0.002775648372447144,0.00732196995887748,0.0154575031499545,0.004950483600609673,0.023192148194557522,0.01328836223739926,0.0005588029402300899,0.007101765193905421,0.00418681896917739,0.007561490083735486,0.005495842073401399,0.005482581436442256,0.00828572405064593,0.00520293742472711,0.0006457723035516603,0.0049675136332934045,0.009430444688560927,0.0025280312357618393,0.0027733643574832114,0.007545178005329962,0.0066847116880871926,0.0058281650149445115,1,16.14285671710968,147.84415525197983,0.42370130121707916,0.2142857313156128,0.0856749990294078,0.4285714328289032,1.0,0.3509316677632539,0.6400179881038088,0.6103895902633667,0.2857142686843872,0.2857142686843872,0.03081498752624929,0.22998718065728335,0.8636363744735718,67.52881236414193,61.645950449894514,0.0,67.47186147186147,61.70995670995671,0,69.0,59.0,0.0,1,1,0.08591004881340891,0.2893974025160525,0.35791461561519017,0.2667779330553484,1.5265554827613368,1.4532782604610446,1.0878720553566956,0.6419344014144317,0.0075943238864186035,0.041298450716293164,0.06524381157070051,0.027068108475912754,0.006299458558933777,0.011347313990232692,0.006143273635985004,0.013580246913580247,9712.520408163266,8233.42372881356,9732.816326530612,7546.844444444445,-0.3809081792147864,-0.5860410251052297,-0.3782519511603738,-0.5280141323479811,5.979356145069389,5.289091354299911,5.915431017452139,5.163966707392709,5.632596728902019e-05,9.583536491624173e-05,5.7139430429378374e-05,0.00010241096402391976,7.405426425703708,6.598661905257377,7.4106282114621465,6.269630874107453,-0.5673922116417845,-0.6642965151124727,-0.5581803635246533,-0.711023062601997,0.9985817871229345,0.9992943061144829,0.9983878450124388,0.9995044209203366,0.014999977475984623,0.039780239826569176,0.0035437451387459653,0.061832591437149656,345.6836734693877,298.7457627118644,344.61224489795916,287.4222222222222,6.114510354230985,5.3146807611529105,6.055986502256397,5.10274698512241,4354.338713036268,2148.935363401324,4390.604748021651,2331.1328395061864,3516.7147802998734,2595.5897730537254,3530.855268638068,2469.4943209876583
7,1,235,306,77,71,59,54,67.42978723404255,61.748936170212765,0.9978615706478406,241,0.41847531096543483,17.297725082009,1,0.7679738562091504,1.0021430120319905,18.170852334287392,17.88854381999832,8.06225774829855,3.1880430455970368,2.8284271247461903,15.556349186104045,16.50328001623686,49.92920191100475,54.2842712474619,0.975103734439834,0.9219227480604678,0.026281283316174523,0.065755588228674,0.03427129575468209,0.018543547742458092,0.02368005968803922,0.04574957840571184,0.02028737465566043,0.006737874990836704,0.010353540077782353,0.01166264295829814,0.0028277996826986383,0.0250420283971809,0.007568145631707416,0.0058802844059910745,0.004400952718124558,0.005325950845894975,0.0030242746615511133,0.004500213623041064,0.008836319306312835,0.009648106836680617,0.007399979659330892,0.005327560955245913,0.00794097539954183,0.009991037111027045,0.0018349108656534482,0.007760364459665965,0.006244745711234028,0.003673509266642918,0.007908077578772137,1,16.116882652044296,149.93506434559822,0.41558441519737244,0.2110389620065689,0.07695372530042006,0.4285714328289032,1.0,0.350367014174876,0.638021550406801,0.6233766078948975,0.2857142686843872,0.2857142686843872,0.030963364687107437,0.23048286850271915,0.8636363744735718,67.47921177297208,61.68995235218429,0.0,67.42978723404255,61.748936170212765,0,70.0,60.0,0.0,1,1,0.08475530496321577,0.28614118795106047,0.3697271551160041,0.2593763519697196,1.5321151281812022,1.4618082427934593,1.0860735181532615,0.6349316949258758,0.00825564794224726,0.03877712801369562,0.06410425464767079,0.02794725988002362,0.006224879913733949,0.010615425960763238,0.0058,0.01199637845178814,10113.613861386139,8373.131147540984,9698.09,7703.744680851065,-0.4057851378801476,-0.5895269871694976,-0.35316958091570444,-0.5568445522335451,5.8410894529203015,5.369021558767962,5.9575642849438175,5.112995500567777,6.094391165311612e-05,8.866992633658628e-05,5.73974609375e-05,0.00010675626299725554,7.4254414332040035,6.6764787309345754,7.483856189774723,6.426929277209551,-0.5762343111006616,-0.6664701879689457,-0.5753978171283198,-0.7231382389442574,0.9987728547403069,0.9993678340981216,0.9988150136232052,0.9996552298343714,0.021280179158747862,0.04200105085792322,0.020917513906173326,0.05058371992315659,346.960396039604,299.95081967213116,344.23,288.63829787234044,6.113463462864134,5.303447788276158,6.133660689688185,5.171610128273382,4274.9489265757875,2162.243482934675,4635.797099999996,2192.8691715708264,3597.140696990493,2633.8436576189197,3583.4717749999945,2474.153463105482
8,1,239,306,77,71,59,54,67.22175732217573,61.80334728033473,1.0239691574658425,250,0.41172364277704937,17.44431859350499,1,0.7810457516339869,0.9765919146186374,18.296159818184634,18.027756377319946,8.06225774829855,3.2046039569793883,2.8284271247461903,16.0,16.67345057538783,51.04340813690016,55.45584412271571,0.956,0.9296372498677351,0.043187699498874264,0.05644890667816133,0.036368332874676515,0.03126195900447263,0.024674721755417572,0.03429081096112989,0.024416526686066874,0.005292424002418575,0.017795292114662034,0.011462005387650933,0.0061781473725483595,0.012183548589257411,0.014949683356488686,0.0059472465142371735,0.0005230495531366587,0.00905857367497582,0.0074888996957929235,0.004145637438230803,0.006022545352327231,0.0031148214545410617,0.010369886959343062,0.003931667841453227,0.0025749148558197065,0.0023494448156031974,0.006802586432793546,0.009597721122095785,0.006212723100356759,0.002189553357154012,0.00817263341234244,1,16.779220312833786,151.6948045194149,0.4220779240131378,0.22727274894714355,0.13721285054723595,0.4220779240131378,1.0,0.3495670898507039,0.6347062950603134,0.6233766078948975,0.2922077775001526,0.2922077775001526,0.032068251430384366,0.2314031612397305,0.8538961112499237,67.33962585310962,61.7331021682572,0.0,67.22175732217573,61.80334728033473,0,66.0,61.0,0.0,1,1,0.09032147566214906,0.28192286477400663,0.3647104144326508,0.2630452451311935,1.541916620232396,1.4647731452388588,1.0895723631175436,0.635028420064194,0.012473284344188165,0.03751004629093873,0.05834563479001726,0.03885660946174136,0.0052509789960840155,0.008818342151675483,0.005870931952662722,0.0108,9805.122641509435,9013.968253968254,9324.673076923078,8586.82,-0.34934640717600285,-0.5989786256336304,-0.29688592036207245,-0.555821272521427,6.028496251851713,5.647837264735417,5.921405583442498,5.268758439731455,5.288156337609024e-05,6.839735858174287e-05,5.769447462093195e-05,9.41162109375e-05,7.61471290739339,6.866168812388805,7.479285871987246,6.5638561897747225,-0.5891524381639308,-0.6677870792754814,-0.6127305636703625,-0.7196543967703389,0.99913461292883,0.9994875889544117,0.9993242763146168,0.9996877768682321,0.0013242895696748377,0.02742891097834241,0.01078779157035782,0.010318100633842945,341.91509433962267,301.2380952380952,340.3076923076923,291.22,6.2843397941042,5.532835479055471,6.236356424809454,5.333660689688186,4728.021092915602,2260.6893424036534,5055.424556213009,2451.4915999999794,3633.2859336062647,2818.664399092977,3595.024408284022,2759.577899999993
9,1,236,306,77,71,59,54,67.23305084745763,61.88135593220339,1.0369857145522723,249,0.39630184929561874,17.334489682638438,1,0.7712418300653595,0.9643334387029225,18.10741134217947,18.027756377319946,8.06225774829855,3.1836868803283758,2.8284271247461903,16.0,16.6247815291304,51.99036858222144,55.4558441227157,0.9477911646586346,0.9179191332727636,0.05070251332810982,0.06626718427952236,0.032062142950695,0.03718214428096451,0.0169234634395819,0.0409031115312577,0.020554817990317525,0.009735790469723457,0.021784947191264663,0.009065647168838915,0.008921750124596645,0.015252553220649662,0.011976894304782788,0.007995698536938949,0.005055987508097486,0.011697751559182986,0.00910134952576227,0.0038162072041863664,0.00522488234173191,0.0029341107676544927,0.008610213372445902,0.00340070266504478,0.0009575785674112039,0.0008541383343485443,0.00903705606365695,0.009669263466966956,0.0031391718970885784,0.004961966898346444,0.00875232478289835,1,17.24836501479149,152.2156821191311,0.4248366057872772,0.2091503143310547,0.12265140470367934,0.4248366057872772,1.0,0.359340937808156,0.6449817038946233,0.6143790483474731,0.31372547149658203,0.31372547149658203,0.02909199115769259,0.22879740533822937,0.8627451062202454,67.32650607683351,61.80192365174961,0.0,67.23305084745763,61.88135593220339,0,68.0,65.0,0.0,1,1,0.08441753853928008,0.29498905910771794,0.3377130758484326,0.28288032650456946,1.532503007328463,1.4503628739462782,1.0917847383593156,0.6545074221086113,0.005442058732677786,0.03187888987488456,0.06691154755767213,0.052335889692089445,0.0055011094674556225,0.009137328675087344,0.006371924321144987,0.01228654727197001,9655.701923076922,8367.573770491803,9302.009900990099,8114.816326530612,-0.3555457805658646,-0.5703012697576599,-0.3290977248899406,-0.5426151802714245,5.9333778189986175,5.60286848510387,5.825152418519938,5.150324384887382,5.769447462093196e-05,6.977379626402513e-05,6.324148051891359e-05,0.00010350682942979486,7.556208948910323,6.815983239202229,7.371082769880507,6.410628211462147,-0.5723139136382271,-0.6593862366767718,-0.591481084766382,-0.7103758243453817,0.9988298803939487,0.9993873875337899,0.9989752744297221,0.9995715713348664,0.012393743527230662,0.02324760689343806,0.03081506662288032,0.0022019071619249365,346.47115384615387,303.8360655737705,346.66336633663366,293.7959183673469,6.255587194040222,5.346972739621299,6.105989329179346,5.043281272686637,4590.518398668632,2289.710830421929,4695.4708361925295,2406.0399833402626,3561.5550804363884,2664.321150228432,3499.370184295658,2630.214077467721
10,1,243,306,77,71,59,54,67.18518518518519,61.82716049382716,1.0071136980836886,251,0.39218416341274404,17.58969042850512,1,0.7941176470588235,0.9929365491729243,18.35003261515631,18.027756377319946,8.246211251235321,3.248717219393159,2.8284271247461903,16.0,16.879951357495614,51.312686769122934,55.45584412271571,0.9681274900398407,0.9281734106617344,0.025854210233649567,0.06238202766801612,0.030509390269200874,0.020133937225412478,0.01811499320706637,0.045989207850636,0.022194014261806953,0.005569232988023574,0.012896518910676221,0.012034947584843138,0.0021210823850732925,0.026657968587778608,0.01434070400785806,0.005028836239992923,0.004054728439570605,0.0064992361777534416,0.009380607599553541,0.0035321742829704304,0.0074678165572450725,0.008453061774294043,0.0104009778814738,0.0028712933216309476,0.0057143890573802735,0.005127562674187589,0.0028723837714044694,0.010497275167398533,0.005527603446275541,0.0017085912229045275,0.00595411743504002,1,16.810456544160843,154.57515913248062,0.41503267735242844,0.2091503143310547,0.08662076238014958,0.41830065846443176,1.0,0.35021784467001754,0.6361117659772865,0.6078431010246277,0.3071895241737366,0.3071895241737366,0.03278396529743291,0.23099212750629308,0.8496732115745544,67.26638477315025,61.79699787806488,0.0,67.18518518518519,61.82716049382716,0,67.0,62.0,0.0,1,1,0.08304439981800109,0.3128964147999439,0.33594079494448004,0.268118390437575,1.5522914735210909,1.462189015315121,1.0741264890987972,0.6387526360424578,0.007904302298975957,0.030218423547053785,0.0535213867236471,0.034700959489920746,0.00561556927297668,0.00830078125,0.005764695606603196,0.009433962264150941,9954.11111111111,9134.875,9332.757009345794,8389.264150943396,-0.37196382710768355,-0.6194490840068332,-0.289559414405984,-0.567294096826091,6.039292941838058,5.538909765557392,6.11511605174083,5.388297813053764,5.1051010320216046e-05,7.62939453125e-05,4.990792855475915e-05,8.347519100157972e-05,7.553453358624917,6.9375,7.519458691988403,6.727920454563199,-0.6274089557112189,-0.687723205120848,-0.6054204506118634,-0.68570354148086,0.9994986654978026,0.9996523890595377,0.9992693212977689,0.9995531086481843,0.028460768267028716,0.01340354830035623,0.01632664407306341,0.0017253367218484751,344.46296296296293,305.59375,341.9532710280373,292.2452830188679,6.164383451137382,5.382659765557392,6.316141986360708,5.449526350748794,4556.637517146795,2146.5849609375,5141.577255655546,2316.1473834104836,3627.6871570644616,2820.364990234375,3618.583566250334,2676.3528835884717
11,1,234,289,76,71,59,54,67.15384615384616,61.914529914529915,0.9931873216023147,242,0.37286540586937217,17.26088217525478,1,0.8096885813148789,1.0068594093475685,17.9187176057733,17.88854381999832,8.06225774829855,3.212279950234791,2.8284271247461903,16.0,16.626517163514063,48.43848647168331,54.04163056034261,0.9669421487603306,0.9310564170875876,0.018320109738078644,0.061075709411514814,0.0321898618572063,0.011778230810776207,0.013863866432931506,0.04765695827207943,0.022568034599057804,0.010190898445492078,0.0038047482083940353,0.005752407350789189,0.008690638762233135,0.03222079388915506,0.012881229863125784,0.010582306362656705,0.010958750767906296,0.002772701352271066,0.0013631857006574492,0.0018891666383568477,0.003914408953104172,0.017940247486455518,0.0070243957864951625,0.010368439058670203,0.010198263420766211,0.0067311586115444706,0.0060355710154379365,0.0048184539691856825,0.002724795477147875,0.001097893222665246,0.0003124828956257697,1,17.19480475783348,151.63636216521263,0.4285714328289032,0.2142857313156128,0.09064883016742792,0.4220779240131378,1.0,0.36584690974113787,0.6480186417316779,0.6168830990791321,0.30519479513168335,0.30519479513168335,0.028769084013225938,0.22319501139236883,0.8474026024341583,67.22460602706215,61.85787083976532,0.0,67.15384615384616,61.914529914529915,0,66.0,61.0,0.0,1,1,0.08406132258895237,0.29415039785552344,0.3441675194390916,0.27762076011643266,1.5131038066011366,1.4339831895456752,1.088313507415505,0.6561945239115677,0.00890857535040856,0.02942118397833211,0.04995324828483551,0.03899924261208465,0.005238369857747021,0.009192760700948004,0.00575,0.011501736111111112,9095.049019607843,7969.694915254238,8991.009999999998,7954.916666666666,-0.3505547232457496,-0.6102115094989287,-0.3492137004838225,-0.5921741469140465,5.88551688602551,5.348579066237656,5.909016755221083,5.178508854797677,5.757978264069108e-05,9.359103857323684e-05,6.05224609375e-05,0.0001034206814236111,7.603797890991103,6.7978972866499765,7.493856189774724,6.480795834054489,-0.6139409394244267,-0.6959952214714216,-0.6297252305929973,-0.7156852005487438,0.9994061608251866,0.9996471774897053,0.9994897778617475,0.9996350752959584,0.015535901178468517,0.039795010016255385,0.020009253084687626,0.021890130691541998,347.48039215686276,305.7966101694915,348.35,298.25,6.297281591907864,5.416375676407148,6.085113159965451,5.0275690110927505,4373.563341022687,1929.2467681700946,4336.767499999973,2037.604166666657,3367.1530901576407,2474.735420856072,3331.9443749999955,2498.130208333332
12,1,237,289,76,71,59,54,67.1097046413502,61.94092827004219,1.0019893871843257,245,0.3906521629130887,17.371176474327626,1,0.8200692041522492,0.9980145626193546,18.107513318784,18.027756377319946,8.246211251235321,3.2287379938738465,2.8284271247461903,16.0,16.668660765416643,48.01942449135008,54.62741699796952,0.9673469387755103,0.9114430130960276,0.024975650821072438,0.07730091171327183,0.031113425182814552,0.01904673446991986,0.01049507449853061,0.057938120192448705,0.020707675142532005,0.008703098238244424,0.012135236070218988,0.005917773982688916,0.006627788994131022,0.03545860611850555,0.009684960020794971,0.008222753685099296,0.008631079163578477,0.007466543205526141,0.008497009763994874,0.0019810888587881463,0.00458480312631738,0.014763461057377846,0.001322294354242641,0.006329214938127796,0.0028558088272379253,0.009965030684198899,0.005945466559248406,0.010867274673875816,0.00074044027438239,0.004949131835005482,0.005292490025384592,1,17.636363178491592,153.0324653685093,0.44155845046043396,0.2077922224998474,0.08508939395175075,0.4545454680919647,1.0,0.3674242328852415,0.645706604930419,0.6103895902633667,0.30519479513168335,0.30519479513168335,0.029004531477718632,0.2232794490605816,0.850649356842041,67.17524505081855,61.88666355139556,0.0,67.1097046413502,61.94092827004219,0,67.0,59.0,0.0,1,1,0.08333686995299007,0.30317817613415876,0.3363177281440127,0.27716722576883845,1.519295244527582,1.437064554875911,1.0771256968936613,0.6568863250721467,0.005766773126301299,0.029161288623382135,0.05220617597925031,0.03623779984749867,0.005408653846153847,0.008465466272507391,0.00556131586388915,0.01103706788837984,9124.307692307693,8316.081967213115,8790.864077669903,8014.836734693878,-0.3554836630646171,-0.6361658364747389,-0.3097039128204483,-0.5968848849071438,6.2026085882293875,5.537294714612067,6.046944187562566,5.4106282114621465,4.324828379252959e-05,7.397293628014983e-05,5.4331299541515444e-05,8.072986149976571e-05,7.575439718141091,6.897950452316984,7.552957930074836,6.533077191053984,-0.640743414384286,-0.7053613627029082,-0.6231311106493899,-0.7512805990280615,0.999604342204294,0.9997279345770245,0.9994629288818996,0.9998072628099997,0.013401387885154693,0.013504720666327845,0.014885006185876485,0.003000401285263286,346.5192307692308,307.3606557377049,345.69902912621353,298.63265306122446,6.282076496945642,5.414183648967363,6.222671036786933,5.354406017540443,4338.4996301775245,1849.2469766191934,4633.336600999188,2023.252811328639,3365.701830621303,2541.3322359580707,3356.050169667269,2509.5223865056287
13,1,242,306,76,72,59,54,67.02066115702479,61.95867768595041,1.011275324935274,251,0.39779599869631804,17.55346033766304,1,0.7908496732026143,0.9888503905343525,18.33291468369573,18.027756377319946,8.48528137423857,3.2665335677460083,2.914213562373095,16.0,16.819970595741683,42.979398662454244,55.45584412271571,0.9641434262948207,0.9298421196508597,0.010679286221737905,0.06141083979887733,0.034879625412511175,0.0065354344288790145,0.02204970639134163,0.046009354487383004,0.025747010092427792,0.011911368382037098,0.0024825624234566593,0.01467547830432141,0.0041684627199203685,0.02740477978807993,0.01603222677510571,0.012257288782123512,0.006890519513055689,0.005734633423428123,0.007965040799131464,0.006967033787908571,0.006075049346943603,0.00927275658120147,0.009149605319798658,0.010535266495566197,0.004981402168991358,0.005219736489206992,0.009247912159720383,0.004007624305238419,0.01054785113134184,0.004745438945682058,0.002392515551366324,1,17.174193024635315,153.96774044632912,0.43225806951522827,0.21290326118469238,0.09570444915514445,0.43870967626571655,1.0,0.35779568801323575,0.6362303324228475,0.6193548440933228,0.2967741787433624,0.2967741787433624,0.030658128241197694,0.22375165664594976,0.85161292552948,67.10349884502072,61.910747955765714,0.0,67.02066115702479,61.95867768595041,0,67.0,59.0,0.0,1,1,0.08212864132475749,0.31074796315978687,0.3327885977150529,0.2743347978004027,1.5288562461993254,1.446173213166699,1.0737978752939032,0.650872755565661,0.012336340816367676,0.02661492356489323,0.048372195703258715,0.03478851006116618,0.005473478106087575,0.00927734375,0.005327976242466591,0.010539940828402367,8983.311320754716,8618.390625,9045.71028037383,7706.019230769231,-0.348779476105203,-0.6087646108615781,-0.33489193528507144,-0.5582697234128089,6.133396397877785,5.706954882778696,6.091842920940147,5.30130726617641,4.523315646971787e-05,6.4849853515625e-05,4.854318054183224e-05,9.164302306767753e-05,7.567543096072634,6.831954882778696,7.612916635913638,6.604285871987247,-0.644254113272621,-0.6965961790820467,-0.6363626415127954,-0.7421599888998799,0.9996237259905889,0.9996630484721054,0.9995895738364138,0.99979375843536,0.016427250174147867,0.03747300973181156,0.018771564644052066,0.02129550157456118,343.4433962264151,304.484375,342.4392523364486,293.86538461538464,6.126274817668696,5.484069531114783,6.245957173236158,5.354285871987246,4337.341135635477,2095.906005859375,4507.012664861555,2184.4626479289727,3330.163114097544,2678.5741577148438,3388.1807363088446,2472.6204696745517
14,1,240,306,76,72,59,54,67.0625,62.020833333333336,1.0197026193097347,250,0.36422786822306286,17.480774889473267,1,0.7843137254901961,0.980678073257209,18.120284220654117,18.027756377319946,8.48528137423857,3.251179462807077,2.8284271247461903,16.0,16.875599406192038,45.138844625603106,55.45584412271571,0.96,0.9224598773420674,0.024473893437350437,0.06841511397068938,0.027162944238662258,0.02039583698443817,0.013522766655811896,0.05231069279485223,0.018560342704266326,0.003143545913683798,0.015233517184523556,0.007255784568169956,0.005930259829372585,0.032778337188197754,0.009446388165837304,0.004516844952993544,0.009726109765423157,0.010842586412626821,0.005170310698271818,0.0017123659235763584,0.004036058481242208,0.013628409207116296,0.0038333977971263724,0.0035497702495811616,0.00677957455670888,0.008975319394325868,0.008341099126221987,0.00725970586014639,0.0034261288780538498,0.002767114696670453,0.0027730191307725415,1,17.57792165875435,154.7272712290287,0.4350649416446686,0.2207792103290558,0.058177307812867673,0.4220779240131378,1.0,0.3662067012240489,0.6446969634542863,0.6298701167106628,0.29870128631591797,0.29870128631591797,0.028666567827745047,0.2229602986522981,0.8636363744735718,67.08708241885117,61.96810474689506,0.0,67.0625,62.020833333333336,0,67.0,59.0,0.0,1,1,0.08250797407094287,0.3054809503586635,0.33288567740134467,0.27912539816904897,1.5232241366943238,1.4375574134525326,1.0796292240043603,0.6567656427507031,0.007301753428962338,0.026970092041049182,0.035308356143386295,0.022880557629401447,0.005487528344671203,0.009755463059313213,0.005714285714285715,0.009615384615384616,8996.542857142858,8183.419354838708,9032.952380952382,7676.423076923078,-0.35276423768212595,-0.6023908721416238,-0.34075442829438796,-0.5604794330233605,6.042537660399639,5.329117479706818,6.020969446052112,5.508132025833399,4.9579646311649674e-05,9.65225584921306e-05,5.170549665178572e-05,7.430759407359468e-05,7.573722779550281,6.784683810317085,7.526103731931234,6.700439718141093,-0.6030728963734295,-0.6778923942725392,-0.6257173027252728,-0.705129636159113,0.9992770344279701,0.999524153319296,0.9994718990761865,0.9996613384457286,0.03119237830748658,0.03147421842269585,0.01714327927250937,0.0053290729230091385,347.81904761904764,306.61290322580646,346.59047619047624,297.3846153846154,6.1521545652027525,5.373551149096552,6.183060398515481,5.508132025833399,4304.433922902492,2030.5920915712777,4441.479909297035,2162.1213017751434,3325.244195011339,2553.502861602494,3368.6080725623506,2459.6360946745554
15,1,245,306,76,72,59,54,66.9469387755102,62.10612244897959,1.0201066465876512,255,0.3874102944343028,17.66192765414112,1,0.8006535947712419,0.9802896622084468,18.40501710888195,18.027756377319946,8.54400374531753,3.264685591830711,2.8284271247461903,16.0,16.967721565548196,35.130431203780596,56.04163056034261,0.9607843137254902,0.9383044870724568,0.014003313639439801,0.05377685667796575,0.034552278350599215,0.011412526462279549,0.024591618977717618,0.03974700143680271,0.026892715253293918,0.006813525306188237,0.008992940097891934,0.018347864452549253,0.007318514762290249,0.022611171130591804,0.018721103691530135,0.006812850013764846,0.004807127338933543,0.008545517582593266,0.013525259850715668,0.012430887735607231,0.005642094002730387,0.005636529252988354,0.012802180459539443,0.006041702319043373,0.007054426620301802,0.0048713124270797145,0.009343801293271392,0.011570449045896502,0.015580654217938642,0.005289670769979161,0.0060257050842574215,1,17.629869669675827,156.8116871714592,0.44155845046043396,0.2175324559211731,0.09449252277880932,0.44155845046043396,1.0,0.3597932585648128,0.6400477027406498,0.6266233623027802,0.29870128631591797,0.29870128631591797,0.028619526380153477,0.22532700091458563,0.8685065060853958,66.99130399502243,62.022692453422025,0.0,66.9469387755102,62.10612244897959,0,67.0,59.0,0.0,1,1,0.08128700982757582,0.3083771615312894,0.3335955910753284,0.27674023756580635,1.531947492904307,1.4529308572147275,1.0754068396507288,0.6519361365732935,0.00865749279188146,0.022269253867670726,0.03376817598151563,0.02878293137195791,0.005677351733775876,0.008520710059171599,0.0053305785123966935,0.0102880658436214,8871.037383177569,8633.907692307694,9490.527272727271,7963.87037037037,-0.3146793794162815,-0.604236265314635,-0.3729141123746026,-0.549819880662114,6.022832846311603,5.61829608215937,6.099363804355079,5.370537733604885,5.331979858707637e-05,7.25740511741864e-05,4.8661665482954544e-05,8.655019584833675e-05,7.538150280773451,6.9338310822259395,7.608632440797389,6.643776391052357,-0.6093900984038391,-0.6843400021578244,-0.5868838512456651,-0.7025008617333302,0.9993241324232497,0.9996315559406593,0.999099541922234,0.9996244793712703,0.05314728138640049,0.025405043385640647,0.03028867039849336,0.008840490540530425,345.63551401869154,306.3384615384615,345.9272727272727,297.46296296296293,6.250538715251793,5.4936827672346045,6.276725395303505,5.231467826117349,4624.325093894688,2129.9777514793095,4334.8492561983585,2313.2856652949413,3373.8406192680595,2690.971360946747,3456.3441322313993,2569.2890089163266
16,1,245,306,76,72,59,54,66.88979591836734,62.142857142857146,0.9988923617728013,252,0.39001830758362793,17.66192765414112,1,0.8006535947712419,1.0011088664500676,18.411727304577425,18.027756377319946,8.48528137423857,3.2768027900023924,2.8284271247461903,16.0,16.95364926870028,37.36420611529476,55.45584412271571,0.9722222222222222,0.9383044870724568,0.015650344543689687,0.054060027486780585,0.03477011861338481,0.013079337478009318,0.020667969997642085,0.040378128772696566,0.027352496340555553,0.0062826212458675125,0.00972769357535348,0.01688761235370732,0.009565794877219914,0.02335958142748132,0.019415564036191945,0.00631887639263317,0.009138411252728015,0.007014761470535521,0.014537897140982073,0.012233416758731103,0.005819045150193412,0.006095723112587083,0.013701585115770106,0.0052716782589558265,0.0068323652402018376,0.0017173053010519274,0.006344031023529215,0.01397344746418437,0.014363572536847606,0.006022222068473147,0.006969240263791685,1,17.337661921977997,157.33116728067398,0.4350649416446686,0.19480520486831665,0.09470921328315207,0.44155845046043396,1.0,0.36120129004120827,0.6421680297170367,0.6233766078948975,0.30519479513168335,0.30519479513168335,0.028754850990499403,0.22394759723993393,0.8701298832893372,66.94324982021556,62.064674565143726,0.0,66.88979591836734,62.142857142857146,0,69.0,60.0,0.0,1,1,0.0808535228002765,0.3068224061704216,0.3379008594824098,0.2744232115468921,1.5237779296975122,1.4456055675337158,1.0751390983531213,0.6527542410581411,0.010366889329521876,0.019264707048750197,0.030156641680432573,0.02600511103868958,0.005546335924534894,0.00863905325443787,0.00568133995454928,0.010116598079561041,9055.831775700935,8544.23076923077,9295.376146788993,7735.444444444443,-0.34026255026296964,-0.609052131316706,-0.3681644283475599,-0.5448354211428715,6.037876215231575,5.653137043797685,6.040806228307713,5.384517131793098,5.127267656768604e-05,7.072493874815089e-05,5.082624165881976e-05,8.387101203489368e-05,7.554551098550679,6.918446466841324,7.541075265124052,6.662294909570875,-0.6202386826464966,-0.6657489118755694,-0.6197334503656842,-0.7569906411060748,0.9994384454831603,0.999498078210169,0.9994270305526469,0.9998504269304747,0.02640346266085814,0.021091134421712596,0.008318968567380713,0.03557776275053199,347.0654205607476,307.4923076923077,348.11009174311926,297.9259259259259,6.253012196620863,5.287376466708187,6.168330398306706,5.384517131793098,4457.687308935303,2075.9730177514866,4292.721824762237,2279.1426611796924,3378.379771159056,2655.050946745563,3397.0244928877946,2503.6467764060435
17,1,266,361,77,72,58,53,66.85338345864662,62.19924812030075,1.0453700858522357,279,0.3715996560308755,18.403307281560924,1,0.7368421052631579,0.9565990203218339,19.107844845115356,18.601075237738275,8.602325267042627,3.360535260984659,3.0,16.97056274847714,17.73959076991202,51.370045718257515,59.112698372208094,0.953405017921147,0.9673349753933488,0.014597313406844371,0.02778761326258592,0.034663831800777756,0.011651963940397601,0.014897201635801358,0.019120974711672435,0.028997879075241192,0.003616227880069699,0.007933494506463723,0.010421001889908247,0.006052141215695092,0.00851994966447818,0.022502289500341083,0.001131885196193018,0.005337160735207158,0.00475390982480082,0.00692028924388767,0.009719028472067156,0.010411611973142866,0.0019265590534829197,0.016781749042733052,0.0030725968883163423,0.005345953732633626,0.009356009249726608,0.0031838020251376345,0.006956047740297966,0.013753605221835816,0.01156019424635818,0.005576088834848162,1,16.922077476978302,164.46103662252426,0.3961038887500763,0.20129868388175964,0.08398619430787081,0.3961038887500763,1.0,0.33844154953956607,0.6182745737688882,0.5844155550003052,0.2922077775001526,0.2922077775001526,0.027630306453638127,0.228793988614813,0.8311688303947449,66.90405495551302,62.13226991310141,0.0,66.85338345864662,62.19924812030075,0,69.0,60.0,0.0,1,1,0.08919335151744356,0.295810798610097,0.3458759386356327,0.2691199112368267,1.581695433575993,1.4846353288733156,1.0698023218264912,0.6391597891874632,0.01252167045379673,0.022643362510175288,0.03498793405484094,0.02147027625848495,0.004780176899063475,0.007396449704142011,0.004635850577801666,0.008353753619959901,9930.75,8831.576923076922,9380.245901639344,8242.65671641791,-0.35692044260613404,-0.5292134310379945,-0.31451411508217014,-0.4762969216688125,6.385411431249931,5.701943564960622,6.100750608331891,5.636911765052348,3.605901140576223e-05,7.077630298220743e-05,5.0352773689448406e-05,6.914892980584484e-05,7.778753669240394,7.131556065016095,7.799589796579278,6.946686205383145,-0.5520106143543293,-0.6247917282968836,-0.5494306107316124,-0.6947903494568853,0.9986710983337049,0.9992328700530598,0.9986409263149282,0.9996930193688508,0.018481686417435,0.030070112323149364,0.024039662473422332,0.03525945352286535,338.9274193548387,299.06410256410254,338.78688524590166,290.4477611940299,6.357106794118263,5.560667282798393,6.352628116145009,5.5957940411394596,4706.438280437025,2718.906147271555,4891.561139478639,2924.0084651369543,3659.297070109267,2887.6207675871156,3567.9517602794913,2791.666295388728
18,1,262,342,77,72,58,54,66.72137404580153,62.221374045801525,1.0317906452354082,274,0.38784542656133675,18.26441241104166,1,0.7660818713450293,0.9691888607614242,19.03496979531414,18.867962264113206,8.54400374531753,3.35591264248431,3.0,16.97056274847714,17.54499668709652,53.183714830826695,58.2842712474619,0.9562043795620438,0.9271254057040156,0.020520597296183635,0.06281689414769742,0.035422992155365665,0.01568817427417691,0.01965414559627164,0.04564527716246622,0.025031755162787186,0.006044046743594184,0.00995704885271784,0.008840330885600144,0.0034037113178376744,0.026050174319432073,0.014238376694741832,0.007670921714400419,0.01022458016289549,0.005411014239967228,0.0018192479234175399,0.002859224297821648,0.006403782078607044,0.008636343472814391,0.006961276109066716,0.008333746550794063,0.006772318172563535,0.0018229202547848052,0.002525072524816396,0.008912589232586851,0.0054862828965852725,0.006278982219251931,0.00928883810303331,1,17.38561987876892,164.9542437493801,0.4117646813392639,0.19607841968536377,0.10273550104103644,0.40522873401641846,1.0,0.3477123975753784,0.6295963501884737,0.5947712063789368,0.3006535768508911,0.3006535768508911,0.02604556556543417,0.22930483431978813,0.843137264251709,66.80319359956604,62.15924399030559,0.0,66.72137404580153,62.221374045801525,0,68.0,65.0,0.0,1,1,0.08376258264657256,0.3040653071742595,0.3426975104041463,0.26947459977502164,1.5675569038144228,1.4752798236973315,1.0688898538795986,0.6418395012823239,0.012223254326165556,0.017116308934252714,0.0388841433792315,0.03752840628250894,0.005307712980381618,0.007184903047091412,0.005508085587176047,0.008944318468127991,9997.131147540986,9197.736842105263,9194.1512605042,8346.857142857143,-0.37530331164258135,-0.5572319923610624,-0.29045979913851805,-0.5329902222503575,6.065582624270799,5.770760901516081,5.98058257406869,5.52085313775129,4.982788118743282e-05,6.319083005107339e-05,5.3978464662519417e-05,8.02076382491654e-05,7.656067050642173,7.1558222502856905,7.604819654027886,6.850295796515789,-0.5802481220504672,-0.673926490291145,-0.5781691812129054,-0.6824181937422477,0.9990420251867007,0.999653047743815,0.9989692158892906,0.9995856995468996,0.025618097415846197,0.04188876092563572,0.035007645275990505,0.00407212656697469,343.60655737704917,304.2631578947369,343.34453781512605,298.57142857142856,6.356646353814461,5.595169086148365,6.2644013766806,5.508870796447107,4540.94356355819,2615.19390581717,5055.26784831578,2542.7845804988756,3634.518677774795,2953.232686980613,3562.354777204997,2722.4104308390015
19,1,259,324,76,72,58,54,66.6949806949807,62.262548262548265,1.0142821696967093,269,0.3879684935964846,18.159544104586082,1,0.7993827160493827,0.9859189384143665,18.91831018690851,18.601075237738275,8.48528137423857,3.3487081858300867,3.0,16.91835598486949,17.43648881889313,48.51593983904536,57.4558441227157,0.9628252788104089,0.9530897170127375,0.03148571538583952,0.039330079825843176,0.03606112172224312,0.022854702194753444,0.015582480999543732,0.02665305537468314,0.02670855045683813,0.006663856137412122,0.01248637803575848,0.010315800594638961,0.0076464305070388025,0.012666313259749509,0.01730408693941427,0.013929150462955746,0.012245809428447359,0.00557236769548868,0.007885640910683176,0.0060749122675035575,0.00913838938141677,0.0007097891481475301,0.010855229261463054,0.019679990936914426,0.010334675537241428,0.00462036053764683,0.0054940794484150636,0.0073300501089069965,0.005727387216219222,0.008071955717240455,0.0032747432800408144,1,17.653593719005585,164.57515874505043,0.41830065846443176,0.20261436700820923,0.08739569731789014,0.40522873401641846,1.0,0.35307187438011167,0.635425323339963,0.5947712063789368,0.3071895241737366,0.3071895241737366,0.022697341647990112,0.22687633445656763,0.8496732115745544,66.75536140052847,62.19936457551408,0.0,66.6949806949807,62.262548262548265,0,68.0,65.0,0.0,1,1,0.08395552269443501,0.30436855503884686,0.34209689267274035,0.26957902959397784,1.5531771698470414,1.4598417732418751,1.0675071711113215,0.6464904506003725,0.009717021631964634,0.013991003830972555,0.03326550128134214,0.019652293653527737,0.005437469105289175,0.007487216946676407,0.005494110887675955,0.008868583714055363,9652.840336134454,9019.837837837837,9082.43220338983,8065.311475409835,-0.3639436906075371,-0.5809274578927248,-0.2956473989793984,-0.5391242707359032,6.011132759139276,5.783645595300207,6.109048028047059,5.59049328015037,5.453015592726061e-05,6.178193409308803e-05,4.702126695588553e-05,7.187336627208748e-05,7.632089506950882,7.101345257520844,7.6282400831868085,6.848770124448131,-0.5802594324280556,-0.6816764709105472,-0.584014032264299,-0.718781548982827,0.9990232226983907,0.9996766865849335,0.9990744463652654,0.9997700260884026,0.012574180435178793,0.011909922363797693,0.018558473246869066,0.019583870153688194,345.8991596638656,307.7837837837838,345.04237288135596,300.2622950819672,6.346210935449588,5.670611433454258,6.244641248386042,5.668442255595673,4501.468822823212,2390.9802775748685,4937.481255386374,2415.078742273603,3538.5772897394418,2852.704528853177,3504.978364694056,2620.0975544208522
20,1,268,324,76,72,58,54,66.61194029850746,62.399253731343286,1.0003098632290117,277,0.34026448700363077,18.47236308621676,1,0.8271604938271605,0.9996902327564666,19.05205373695678,18.867962264113206,8.94427190999916,3.4182981559704935,3.0,17.0,17.915213334190216,46.43972615922199,58.04163056034262,0.9675090252707581,0.9547765781181964,0.031912186662171375,0.03906912630300212,0.027481137307869132,0.02500522618048594,0.01569070676695407,0.028476435188276635,0.02066144526536958,0.01614811600983058,0.016272430408515677,0.009023770303839471,0.009601685724166201,0.016099986189448703,0.014200362287740527,0.01778802135845321,0.006703105788821947,0.00883573886448695,0.00528598862264823,0.0067831039479244876,0.0043749688560156255,0.004416055778019437,0.010236205517042216,0.018207948178063642,0.009936772327570512,0.004991222513756779,0.005461729648076897,0.006533393853502129,0.006734946137394344,0.0039094501743049724,0.005521365027831666,1,17.686273455619812,167.52287104725838,0.4313725531101227,0.19607841968536377,0.12708320712350357,0.40522873401641846,1.0,0.3467896756003885,0.625085339728576,0.5751633644104004,0.29411762952804565,0.29411762952804565,0.026914555005841764,0.2280945204543658,0.8562091588973999,66.67909953150145,62.291365924078264,0.0,66.61194029850746,62.399253731343286,0,68.0,59.0,0.0,1,1,0.08794038728961025,0.2917560842654656,0.3518785758843888,0.26842495256053533,1.5712015862410302,1.4752949166631075,1.0716302083751834,0.6423025650555664,0.011876023229750786,0.038821933007451785,0.05602025572756489,0.0404507913347468,0.004787100025195262,0.00758981278461798,0.005247999999999999,0.008019603475161506,9417.357142857141,9399.57142857143,9222.24,9109.0,-0.3091622224336902,-0.6263452772893182,-0.3068274384326689,-0.5908747024986,6.1786355545864975,5.935490761417929,6.140516160693515,5.648178742696579,4.772936916375346e-05,5.391919204729929e-05,4.7991210937500006e-05,6.74085644683532e-05,7.790694407592559,7.114125664043427,7.683666984610164,6.991462324786129,-0.5547075218042112,-0.6738001164649315,-0.5787392577925982,-0.6236246662135576,0.998735018190139,0.9996372835756452,0.9990416204171289,0.9991135229100125,0.007009082402039846,0.024673543056180733,0.03122491586501239,0.018848497780543916,340.16666666666663,307.3896103896104,340.848,301.77611940298505,6.45526057817597,5.769842871779442,6.4196669846101635,5.502291615669454,4969.488095238121,2159.562489458578,4891.696896000009,2342.56181777679,3596.711309523802,2889.783479507503,3528.484223999989,2862.890454444201
21,1,270,324,76,72,58,54,66.5962962962963,62.385185185185186,0.9929001605384262,277,0.30740757625074344,18.5411616971131,1,0.8333333333333334,1.0071506076277839,19.007254251756788,18.867962264113206,8.94427190999916,3.4347273838099848,3.0,17.0,18.08688390755418,45.64925228732793,58.04163056034261,0.9747292418772563,0.9619017764623621,0.031153849988205855,0.03346908736481885,0.022299160221072183,0.02555236415699462,0.01242142877025827,0.02524019374857487,0.01748042178835529,0.017981746649682603,0.017997254406002295,0.008973307523832158,0.004708212780666941,0.015078493189898153,0.012547051667758272,0.01781496772714051,0.006501411467955801,0.010627090837868494,0.00721793423665096,0.004940014957929607,0.0005894148153261024,0.004708287842814029,0.009125904646031123,0.01718754936926384,0.008052705306830946,0.008634900807444133,0.005848419804537102,0.007558725736572661,0.006891528955657774,0.0024143263631511537,0.006587785270469932,1,17.56209045648575,168.55555093288422,0.4215686321258545,0.19607841968536377,0.08545439624952282,0.3856208920478821,1.0,0.3443547148330539,0.6242798182699415,0.5751633644104004,0.29411762952804565,0.29411762952804565,0.023812856798744533,0.2291297772533734,0.8333333134651184,66.64364651345568,62.31404862093493,0.0,66.5962962962963,62.385185185185186,0,66.0,60.0,0.0,1,1,0.08790569870262052,0.2959013607419924,0.35201053774990826,0.26418240280547883,1.5823025766471632,1.4795068037099603,1.067897136994103,0.6368682924774933,0.010708417056548113,0.03760972319167681,0.0502050938106236,0.018134016800328483,0.004991009982019964,0.007421150278293136,0.0044640089280178555,0.00913673597983617,9553.102362204725,9473.935064935067,9340.44094488189,9426.260869565216,-0.31697924006628403,-0.6285621959717124,-0.3010432978432803,-0.6148084852090873,6.162748836460503,5.84776494970152,6.133815198344697,5.445126811693861,4.6983522922123965e-05,5.9189895369950666e-05,4.892102679713172e-05,8.72997595617386e-05,7.750380257587201,7.12392939783776,7.85482641905563,6.865700000225075,-0.5618804771346163,-0.6508267433569613,-0.5361376655322486,-0.6634185255342618,0.9988276973359501,0.9994821903625459,0.9984131323517772,0.9994516068874761,0.0025426015219080804,0.023650469231996894,0.030683834989960954,0.002875053256820771,340.5826771653543,308.7922077922078,340.6929133858267,302.2608695652174,6.2265273047290846,5.6821170600630335,6.46483173391405,5.340125181290432,4954.495132990283,2160.7879912295175,5017.9450678901485,2248.5116572148836,3626.899373798751,2908.68076404115,3589.5965031930136,2918.6931316950213
22,1,274,360,76,73,58,53,66.53284671532846,62.372262773722625,1.0554741557844727,289,0.3168340359115877,18.677998695187732,1,0.7611111111111111,0.9474414835451447,19.18721345936223,19.209372712298546,8.94427190999916,3.438187982207534,3.0,17.0,18.198707270850715,41.194381338868375,60.2842712474619,0.9480968858131488,0.9395194382318469,0.035979000046916676,0.05281172192271856,0.01997584589875558,0.029101168687597795,0.009751502052556057,0.03926205691033422,0.014367323953544122,0.008373726662180121,0.020220618840787467,0.006530299355231051,0.004334849928331944,0.022867317571752505,0.008326273787952561,0.007589407137686999,0.01277121652710112,0.012794238515541097,0.006722911459314077,0.007003530827694645,0.0009789764217287718,0.007027208602487653,0.0035705546776154226,0.006100720726020954,0.010379679590476275,0.002149126768875446,0.010119816871332881,0.008520602272409625,0.009302905500689363,0.0016969755363302583,0.006125096922533021,1,17.675324141979218,168.97402447462082,0.38311687111854553,0.19480517506599426,0.06033508115293528,0.38311687111854553,1.0,0.3399100796534465,0.6166935199803679,0.5779220461845398,0.29870128631591797,0.29870128631591797,0.023615595478137522,0.2280965553145759,0.8279220759868622,66.57731919227692,62.331488752437004,0.0,66.53284671532846,62.372262773722625,0,65.0,63.0,0.0,1,1,0.08673430178592734,0.2983629268543376,0.3476673552942118,0.2672354160655233,1.5843465792895994,1.4863898537834255,1.0703466893327411,0.6367174261039422,0.008515365330685443,0.03237384542029504,0.04336419330820344,0.017464767342591225,0.004416801874887326,0.006875000000000001,0.004437869822485208,0.007716049382716049,9399.364341085271,9464.9,9326.807692307691,9014.694444444443,-0.3150121466519271,-0.5933843129109907,-0.3019234828648694,-0.561850093569614,6.303597701042289,5.98749200111032,6.329759351356857,5.610693577741056,3.943481408634924e-05,5.0659179687500004e-05,3.882774939903847e-05,8.119182822145064e-05,7.8716923717023235,7.221928094887364,7.878099447627196,7.058813890331201,-0.5328891913962702,-0.6089882169437744,-0.5275719183505637,-0.627615365710614,0.9983561150140017,0.9991028186680836,0.9982316682857532,0.9992143436175399,0.006909748987019491,0.010790718638827482,0.018353942721921337,0.001670351631179522,337.70542635658916,303.95000000000005,337.2538461538462,297.97222222222223,6.415150875659059,5.642371495179859,6.308868678396427,5.732289237493326,4896.114776756192,2415.3474999999744,5000.927869822452,2528.9158950617275,3573.8697794603722,2970.061874999996,3581.933890532546,2885.902584876545
23,1,279,380,77,73,58,53,66.53405017921148,62.44086021505376,1.0652434014829848,295,0.3217385449236513,18.847647942942654,1,0.7342105263157894,0.9387525880074397,19.38752333543732,19.209372712298546,8.94427190999916,3.4488650730315773,3.0,17.67766952966369,18.35666066527359,32.47153057997159,61.11269837220809,0.9457627118644067,0.9433651789555056,0.022901255851988673,0.04933998170738253,0.02439545804786954,0.017832876063657195,0.020224987819912776,0.036407589757960074,0.017895155146190733,0.0027213208394183323,0.011679457231363996,0.014339231065678347,0.006336055589105622,0.020681883487092826,0.010539092951188603,0.0006187037147434673,0.014069220942842483,0.007934577634902538,0.00883805794768722,0.0053858639919717195,0.006588789628377563,0.0054178327073956456,0.004396323163506285,0.002899363119625692,0.010912370365447292,0.004188694246871041,0.00835512304807604,0.005408790964615355,0.005326935174222034,0.005982241007307985,0.006215834603289322,1,17.603895634412766,171.33766070008278,0.3961038887500763,0.20129869878292084,0.058277501852918016,0.3896103799343109,1.0,0.3385364545079378,0.6141134792117662,0.5746752917766571,0.2857142686843872,0.2857142686843872,0.0235861937934954,0.22811278556892733,0.8116883039474487,66.55654514102856,62.38709922626947,0.0,66.53405017921148,62.44086021505376,0,65.0,61.0,0.0,1,1,0.08599257208457091,0.3033047856704867,0.3465095099210688,0.26419313232387365,1.5994618407730123,1.48459710880817,1.0623753106371223,0.6354300337789717,0.008496706857704959,0.030016087946380623,0.03595002809019555,0.020251559225843888,0.00509877046792145,0.006749891130788213,0.004650256181777678,0.0075311634349030454,9378.877862595418,9191.168674698796,9616.820895522387,8610.131578947368,-0.31169396251920634,-0.548710879864508,-0.3254012236976036,-0.5087606931472378,6.139083188590339,5.980402232525678,6.248560272385871,5.6853632042045925,4.7792970741707205e-05,5.108338687014625e-05,4.304344974347015e-05,6.860114861063019e-05,7.735563841166048,7.254557503636082,7.819820533741353,7.103190671338323,-0.5190370833540748,-0.5950500034109691,-0.5142440817945101,-0.6246162127986834,0.9977888643145874,0.9989275133538248,0.9977686820714013,0.9992107540077729,0.005527877618913946,0.011536055176884984,0.011235214353867007,0.015305773050931556,337.6412213740458,302.3493975903615,337.77611940298505,295.1052631578947,6.510298383117749,5.6939632263712525,6.396130701571074,5.9058222502856905,4921.527766447165,2678.2755116852786,4894.740922254408,2803.38365650973,3575.1014072606486,2967.3610465960264,3627.8904544441975,2853.3788088642614
24,1,278,361,76,73,57,54,66.42446043165468,62.510791366906474,1.0402874772839765,291,0.3201755374315947,18.81384047546846,1,0.7700831024930748,0.9612727460786507,19.35086446935644,19.209372712298546,8.94427190999916,3.4518314885622883,3.0,17.67766952966369,18.332200807453578,41.3150709329529,60.284271247461895,0.9553264604810997,0.9524177908282407,0.025551165419483615,0.0405491828105624,0.021987878446004396,0.02007748453730624,0.025515457687684987,0.02816370427345871,0.016030428649632188,0.00613397909805254,0.013420340561489759,0.019809076640796064,0.009054981493341498,0.01327099210072587,0.009385936507966272,0.004884733654359765,0.013342127358878245,0.009057707605771369,0.014225991351926474,0.007362322167650903,0.0053280628694635955,0.0009601565923729495,0.004247420788158239,0.00297262679166573,0.010543803882269387,0.009874378962165318,0.008795452308679464,0.01029479994329851,0.006765141611358201,0.004501441382779155,0.008718661847600983,1,17.96078324317932,172.63398188352585,0.4117646813392639,0.20261436700820923,0.07842894396558363,0.39215683937072754,1.0,0.3453996777534485,0.6209855463436181,0.5882352590560913,0.29411762952804565,0.29411762952804565,0.02794759433155354,0.22755224916482833,0.8169934153556824,66.46609624566094,62.44432665263196,0.0,66.42446043165468,62.510791366906474,0,65.0,63.0,0.0,1,1,0.08567750986389319,0.3031840462145615,0.3463067339234757,0.2648317099980696,1.5878898494774807,1.4786871025903159,1.0579480442936944,0.6402018728648984,0.008106419676561947,0.032034892993958806,0.032733708013044566,0.024868507463151196,0.0048074121554687954,0.006841165972635337,0.0043247215783820455,0.007761139517896276,9437.69465648855,9523.975609756097,9372.699248120301,8853.432432432433,-0.3307515297084173,-0.6029436655487471,-0.29875229599746994,-0.5679061694684404,6.227706398318865,5.744568315514543,6.165029593441731,5.66891282508841,4.324049710963449e-05,6.607300748717282e-05,4.7235911033604924e-05,6.606197426839848e-05,7.813920043505668,7.235600785105889,7.904906495651565,7.060804716980303,-0.55843827252393,-0.6492784444621721,-0.5519920866619294,-0.6859822113470248,0.9988250600720059,0.9995235138314659,0.9987927005763957,0.9996857016590847,0.002010440084714643,0.006693598703207732,0.0036102537882823664,0.020643088204881806,341.84732824427476,308.1219512195122,339.6015037593985,301.2432432432432,6.391140822244186,5.602987334118971,6.455474634667976,5.6281080952417355,4746.3125691976165,2359.131469363463,5060.69082480637,2439.886778670567,3546.00180642154,2970.7767697798954,3608.347518231669,2823.329802775752
25,1,274,342,76,73,58,54,66.42335766423358,62.59489051094891,1.0065341072084115,282,0.33711190634728283,18.677998695187732,1,0.8011695906432749,0.9935083101887788,19.259913051412447,19.209372712298546,8.94427190999916,3.448662225099992,3.0,16.97056274847714,18.132526025475393,39.36272898707346,58.8700576850888,0.9716312056737588,0.9386644653289159,0.027668310184223,0.05339257111557113,0.024597850110270693,0.02274572281756691,0.01876360268545909,0.039290640605006116,0.018568540671844026,0.0009752233378516096,0.016944974073922724,0.013726000385068732,0.00830242593420938,0.02206792822725834,0.011892658865512048,0.0004003195919008007,0.017427083447327473,0.012988642734632398,0.008978357091873446,0.005221236230872528,0.00446409563829098,0.005149996155881801,0.006831815557779835,0.0004050117461666799,0.01194154523235478,0.002961864035301799,0.011606754977008868,0.006245946353596491,0.004094135172371901,0.004771716855952216,0.012354200294191745,1,18.124999433755875,173.36841922998428,0.44078949093818665,0.21052628755569458,0.08376936974308856,0.4013157784938812,1.0,0.3553921457599191,0.6327314570437382,0.5986841917037964,0.30263158679008484,0.30263158679008484,0.023104141428495813,0.2255967525021273,0.8289473652839661,66.44258501499912,62.51335759557301,0.0,66.42335766423358,62.59489051094891,0,65.0,63.0,0.0,1,1,0.08576199323369067,0.29883880034071614,0.3454766201430461,0.2699225862825471,1.566585743068743,1.462175558809931,1.0636021788673546,0.6487613038720866,0.007178519521676706,0.03224156364107238,0.040842079334996416,0.0255876296470486,0.00518798828125,0.007031250000000001,0.004792899408284024,0.008584104938271605,9338.140625,9256.400000000001,9326.246153846154,8239.291666666666,-0.33703148784256054,-0.5910311557203776,-0.31177578686875473,-0.5371135980079672,6.053449097686942,5.724747626002147,6.3164106014067825,5.732289237493327,5.1975250244140625e-05,6.896972656250001e-05,3.9290027505547344e-05,6.461437837577161e-05,7.72051220694674,7.1969280948873635,7.804947332209298,6.951107119467818,-0.5207390482244472,-0.6241126294831465,-0.5209316684514288,-0.6590734476412458,0.9978184191409898,0.9992696165893541,0.9979501050579735,0.999461056276,0.004938826234168474,0.02922167176751925,0.0014126290703219725,0.044559210292120684,347.03125,312.475,345.8461538461539,304.0138888888889,6.25942197250413,5.759183719779189,6.360528582126088,5.5619467026809595,4630.3271484375,2379.3243749999965,4893.022485207053,2481.1803626543115,3492.116943359375,2908.9310937499977,3554.8171597633154,2680.118007330242
26,1,280,361,76,73,57,54,66.25357142857143,62.64642857142857,1.0328568524462338,293,0.2955001162768688,18.881394877652593,1,0.775623268698061,0.9681883773454035,19.32556087306682,19.209372712298546,8.94427190999916,3.4593984099206034,3.0,17.67766952966369,18.46253357264329,50.505260656308785,60.284271247461895,0.9556313993174061,0.9592944535779031,0.01983364270092441,0.03650314101231466,0.01821387438916748,0.01761840196969627,0.017388298767711287,0.028745628943158155,0.015591600741710234,0.005051330090143415,0.014496964767183113,0.014310617347292836,0.0040982104438945155,0.018604389806106243,0.012309342126514909,0.0038408925118181433,0.007110606829456261,0.011150440781466467,0.011606604411079934,0.0005591439648696177,0.010057382660358423,0.007563147147381769,0.009505485473715861,0.0035848684896528015,0.008593451822251354,0.006499197760002905,0.008189485704563525,0.009718454318455982,0.004771348751558792,0.007235726310523742,0.011730567614198148,1,17.999999403953552,173.10389387607574,0.41558441519737244,0.19480517506599426,0.11109934874799521,0.3896103799343109,1.0,0.3461538346914145,0.6182281924145562,0.5779220461845398,0.29870128631591797,0.29870128631591797,0.027150502393403084,0.2255280193662351,0.8311688303947449,66.32354266569675,62.560132040401065,0.0,66.25357142857143,62.64642857142857,0,68.0,65.0,0.0,1,1,0.09051691847910254,0.2906444631451523,0.3463875720757602,0.27245104629998496,1.5840460733842883,1.4796445396480464,1.0658079140792613,0.6464940081694555,0.008168110689776962,0.03138476234083147,0.04348596635554249,0.025833656880687624,0.004566718645578081,0.006314414283640587,0.00438125388659619,0.007617728531855955,9503.425373134327,8967.0,9079.804511278195,8753.210526315788,-0.3431030476175756,-0.5746993976539287,-0.2949777353147435,-0.5428583983838583,6.375571839614631,5.754439732499613,6.376600762520058,5.833325210755074,3.8257445065368115e-05,6.696014692240347e-05,3.751942055929886e-05,5.913309113140581e-05,7.860792362067273,7.3268466602625875,7.889868901666602,7.09003277660148,-0.5756337761595633,-0.6678994030862976,-0.5691371042549991,-0.6861852200941475,0.9991293993570526,0.9996777470193702,0.9990595886368592,0.9996961647804568,0.005009190757838941,0.010103319036193962,0.005706988761449908,0.03354395398720724,339.9626865671642,305.50602409638554,338.99248120300746,299.7894736842105,6.45385710077637,5.775347413144306,6.532652548250611,5.680566783459852,4648.020995767394,2421.8403251560376,4943.3006953474105,2593.5346260387596,3537.8615922254394,2847.2100812890094,3505.776301656395,2836.686288088644
27,1,284,361,76,73,57,54,66.15140845070422,62.647887323943664,1.0183095728343152,294,0.32257959056762897,19.015783725757565,1,0.7867036011080333,0.9820196398789092,19.5598968976761,19.4164878389476,8.94427190999916,3.473725096678005,3.0,17.67766952966369,18.51427064515609,53.971589572325925,60.2842712474619,0.9659863945578231,0.9591512750790085,0.020910386959311366,0.035510849688171905,0.025758895188254586,0.018100317177266255,0.02081958566794184,0.0258999080380712,0.021692364740614506,0.013515549581509224,0.01434959446753475,0.015747929138007707,0.004304470352415318,0.013869832432055595,0.016528242132014804,0.010641089053290349,0.014741870230852147,0.010628138181538578,0.010336162743641075,0.003093361011573434,0.010398236217135681,0.0016034335343064947,0.011329028901548459,0.008370831896298466,0.017455809264904292,0.0011133171766109686,0.0075453416662240045,0.0055986917306736226,0.004295915133898574,0.007078778785367936,0.012135907292448645,1,17.798700660467148,174.9999981224537,0.41558441519737244,0.19480517506599426,0.10418473653179419,0.3961038887500763,1.0,0.3422827050089836,0.616197176487513,0.5779220461845398,0.2857142686843872,0.2857142686843872,0.024770322842779885,0.22502706725949265,0.8181818127632141,66.23461967226115,62.58519480498642,0.0,66.15140845070422,62.647887323943664,0,65.0,64.0,0.0,1,1,0.08946196686133383,0.2917254203351398,0.35202226164977934,0.26679035115374705,1.587949911788669,1.479464631699636,1.063556620303588,0.6421055909124078,0.009437179920863683,0.03294198930928267,0.03409444707315838,0.027497179934918917,0.004555383877670627,0.007030827474310438,0.004663923182441701,0.0073964497041420114,9600.664233576641,9075.593023255813,9024.148148148148,8497.5,-0.3583184997323209,-0.5639118398282132,-0.285680595186457,-0.5242771959713365,6.30033710109816,5.777724783646082,6.28211772656828,5.753225616242673,4.1142391074960705e-05,6.502109195426583e-05,4.196857719264403e-05,6.307166787372618e-05,7.858945312871743,7.231440481421128,7.826779393331101,7.147519045757589,-0.5330052178313592,-0.6243890023944129,-0.5285030189595854,-0.6144118248601542,0.9983436208873497,0.9992951232751276,0.9981899044289403,0.9991164465735267,0.0030663355535933256,0.024658514273158568,0.009883511678793108,0.031549745701853815,339.978102189781,305.8255813953489,338.7851851851852,298.65384615384613,6.428145677772079,5.841791934859186,6.397936037852723,5.865467763706308,4535.437476690306,2530.6788804759126,5013.783484224972,2652.046844181459,3534.0254275667357,2901.5679759329396,3509.482908093283,2787.386711045365
28,1,286,361,76,73,57,54,66.08041958041959,62.72727272727273,1.0111885268704388,297,0.31646962299206427,19.08262324195121,1,0.7922437673130194,0.9889352711456619,19.59841823617084,19.4164878389476,8.94427190999916,3.503554249646824,3.0,17.67766952966369,18.59111137274583,49.11463793976524,60.2842712474619,0.9629629629629629,0.9659058615232269,0.023985991623876712,0.029902930438728017,0.024949669432808987,0.021878832407463033,0.019912509015357766,0.02222946094531519,0.021915788079685233,0.015930437253118473,0.018765325003751724,0.0156477455316802,0.002597715368498414,0.0123406660549332,0.01837146546538878,0.012613107289794402,0.009511299722603596,0.015107401285056199,0.011006446231015135,0.0036790115143889766,0.004323103550174813,0.0018029377761399894,0.015383120102867779,0.009587909509069566,0.01373085335188414,0.004749664314597884,0.01134825668836802,0.006881807548334607,0.005291478567401839,0.004808306977266973,0.005038860474109884,1,17.779220193624496,176.18830999732018,0.40909090638160706,0.1818181276321411,0.12223209916298583,0.38311687111854553,1.0,0.3419080806466249,0.616043041948672,0.5584415793418884,0.2922077775001526,0.2922077775001526,0.023752543751803138,0.2250675399772889,0.8246753215789795,66.17944938872546,62.65562230415679,0.0,66.08041958041959,62.72727272727273,0,65.0,64.0,0.0,1,1,0.08911657416268769,0.28968415165157974,0.36188405020237807,0.2593152239833545,1.592958763158036,1.479458345934852,1.0561105954885721,0.6393461556830978,0.007130227115570677,0.021944179730163237,0.033868647396846537,0.03819137404586624,0.005067212770426381,0.006262913223140497,0.0042357078160797056,0.006889921486941195,9460.086956521738,8993.477272727272,9169.14598540146,8342.430379746835,-0.3362303723667196,-0.5394834224361122,-0.299243485825081,-0.516999537602367,6.245780616010331,5.970573095811686,6.344132721536116,5.990427741820604,4.545587172304925e-05,5.33427088713843e-05,3.989365645937116e-05,5.0460847213737785e-05,7.766026902383311,7.371307897021804,7.946536553747654,7.215173153240395,-0.585019085253699,-0.6535129586755164,-0.5620768820257779,-0.6527016341945729,0.9991867042126957,0.9996095579316039,0.9989974091113399,0.9995397449627258,0.011911551200285099,0.019006202874416823,0.016045660310909125,0.014206548064194873,339.6231884057971,304.3863636363636,339.11678832116786,299.1645569620253,6.386432134374223,5.88267153338544,6.4482543456710815,5.828973469641319,4699.278302877516,2690.282541322318,4945.446214502663,2656.1627944239735,3539.8413148498184,2920.9399535123885,3528.648049976033,2749.648293542701
29,1,304,400,77,73,57,53,66.05592105263158,62.63157894736842,1.0426776150104555,317,0.2352317932940969,19.67396303746374,1,0.76,0.9590692133445029,19.96432721159071,19.72308292331602,9.433981132056603,3.5866212726946087,3.08113883008419,18.782971010998235,19.40411422054172,34.754615455271335,63.112698372208094,0.9589905362776026,0.9599733986481961,0.02195591335557384,0.0367183638932139,0.012220240925422572,0.019713537434716544,0.013390897397523544,0.03068966962478134,0.010552165105622863,0.0013076787224562255,0.016428980735189697,0.01046096080664197,0.005911848776895023,0.022970847912242343,0.008542902795413204,0.0018805660232871955,0.005816831928653331,0.012652550164677194,0.007212101882952459,0.003953989092526363,0.004781251225854256,0.014782115243142576,0.006330678537655926,0.0030877951023395513,0.001830453356894746,0.002203249055490445,0.00894127544735134,0.004213683893286483,0.0032576282133043744,0.004056813292151715,0.0036253228145308545,1,17.699345350265503,183.18953695893288,0.40522873401641846,0.1895424723625183,0.07127122227362577,0.3856208920478821,1.0,0.3277656546345464,0.6025971610491213,0.555555522441864,0.2875816822052002,0.2875816822052002,0.02079848970585736,0.23021312739869393,0.8169934153556824,66.12665905768293,62.62287712194318,0.0,66.05592105263158,62.63157894736842,0,65.0,64.0,0.0,1,1,0.10221921253416531,0.28196804025911243,0.36545596427785665,0.25035678292886565,1.6355074005466392,1.503829548048598,1.0481001239666827,0.6238398525440583,0.008530696829434128,0.0313063875952576,0.0401782977628521,0.024613479188420377,0.005044444444444445,0.005792326495908173,0.004319985965527828,0.006084593572778828,9788.653333333334,9330.092783505153,9814.543046357616,9591.978260869564,-0.3125851487473371,-0.503031858170396,-0.31049095517411024,-0.5318529701981694,6.2579992975440035,5.789302631021244,6.356560265841161,5.8738398092003035,4.3768988715277787e-05,6.652793109904745e-05,4.041996406236295e-05,5.766033900933365e-05,7.804624087275277,7.476201501980942,7.950260533998411,7.403996738665708,-0.5410027164183017,-0.6118062427991603,-0.524561486154209,-0.5968453403828686,0.9984667402799893,0.9993126332327763,0.9982451449685049,0.9990802510067998,0.024414199906383736,0.014718218190193349,0.0037888916077843263,0.012366481271833221,335.33333333333337,302.03092783505156,335.52317880794703,297.7391304347826,6.263697650692492,5.859970187436433,6.557649855090169,5.911989537508204,5126.4222222222015,3084.9371877989033,5163.878601815712,2931.388468809062,3728.768888888888,3103.7574928260146,3744.6054120433328,3130.841682419654
30,1,299,380,76,73,57,53,65.95652173913044,62.735785953177256,1.0131364611403681,308,0.30421232204127824,19.511499785403828,1,0.7868421052631579,0.9870338679494547,19.994624675377544,19.72308292331602,9.433981132056603,3.578356398689868,3.0,18.0,19.04696450588983,39.59425110943885,61.698484809834994,0.9707792207792207,0.9615523028227962,0.01666099373792661,0.03505913816928847,0.023302153784068483,0.014179736811239296,0.011148305384668765,0.0289418060722784,0.019439716373162795,0.007919747532652122,0.010576952784630644,0.006275793464260314,0.004523488065527204,0.02125540470839815,0.014579054663841559,0.006645746460794451,0.009590521691416519,0.006582980720463602,0.0008665897977905114,0.0036396331863639635,0.005122927479139005,0.01338027460729171,0.009572664505423925,0.005706740489225565,0.008994138055138826,0.0014289851757629188,0.0034540195182654124,0.004207632800303505,0.0031896620378884352,0.005694638601651377,0.005011776787350803,1,17.681817799806595,181.12986859679222,0.3961038887500763,0.1850648820400238,0.09209534942591076,0.37662336230278015,1.0,0.33361920376993576,0.6057855137016462,0.5551948249340057,0.2922077775001526,0.2922077775001526,0.022145792559315623,0.22683693255037063,0.8246753215789795,66.04366530175952,62.70599412748308,0.0,65.95652173913044,62.735785953177256,0,68.0,65.0,0.0,1,1,0.10278196039170287,0.27977343069150284,0.3643077347170876,0.25313687419970665,1.6174634819536342,1.493790281727844,1.0473847373116263,0.630732711547602,0.014069862478801267,0.02555641944854434,0.03729586907512652,0.028609992981041155,0.0042925501970350905,0.0054293628808864255,0.004164931278633903,0.006011362135024442,9511.150684931505,9468.347368421051,9476.0,8953.172413793103,-0.3207040461707484,-0.5609536335941425,-0.3116656644595058,-0.5247025138055941,6.299322720055738,6.103911792473154,6.3346484298971015,6.089439041800872,4.264958962017967e-05,4.6635255258829634e-05,3.951439572161772e-05,4.615536736503335e-05,7.953456236932572,7.538276660962527,7.9921228550110115,7.396966484354475,-0.5678193572629013,-0.6439023673485381,-0.5653644813617467,-0.679021962004736,0.999087510869786,0.9996108721636122,0.9990806060684663,0.9997508719980925,0.043076063793506175,0.020198923186231645,0.009316378368964495,0.009308301737888644,336.32876712328766,304.1578947368421,336.25850340136054,298.45977011494256,6.566402983478279,5.9537574502995705,6.5209346746947485,5.76455786356535,4892.00150121974,2663.1434903047193,4972.803924290798,2790.9840137402352,3600.788046537811,3032.8727146814417,3612.200981072696,2936.039106883334
31,1,301,380,76,73,57,53,65.91362126245848,62.78073089700997,1.0064046574118608,309,0.2668163314666351,19.576646877473273,1,0.7921052631578948,0.9936361011798859,19.944110923746855,19.72308292331602,9.486832980505138,3.5976068400287082,3.0,18.0,19.22108498863774,37.50581949487395,61.698484809834994,0.9741100323624595,0.9680274025051047,0.01672172716430668,0.02953624473625524,0.018136673318889927,0.014523173003805291,0.012424024357560086,0.025100079375121414,0.01582441159665818,0.00985730029819657,0.011160696485468321,0.007568359261186664,0.006756572913472678,0.01943850215294623,0.012820368478056789,0.008210384692457358,0.00873822323462205,0.007076050467124576,0.002045390995392422,0.0049995667302354385,0.005141081362741428,0.013488572539823763,0.009566709090046636,0.006645942122571296,0.008006729922455358,0.0015970868334253894,0.002970257064630102,0.003639021677498094,0.0039059537199812215,0.005937708397315268,0.003567211594160942,1,17.82236820459366,184.7171047925949,0.41447368264198303,0.19407889246940613,0.08246570809455805,0.375,1.0,0.3362710981998803,0.6136780890119432,0.5690789520740509,0.2763157784938812,0.2763157784938812,0.021713362576750404,0.22923344347341695,0.809210479259491,65.99401646497506,62.76236777026493,0.0,65.91362126245848,62.78073089700997,0,67.0,63.0,0.0,1,1,0.11297503401414373,0.26715817726560187,0.36887843564329265,0.2509883530769618,1.6193088208693884,1.4891594695730752,1.0474755578172739,0.6295624523013789,0.008210391708946009,0.027199967520659184,0.03434531874180133,0.024110560219502426,0.005592585829072317,0.0068144044321329636,0.004932210260799063,0.006122964272187855,9581.581081081082,9649.810526315789,9625.295302013423,9436.235955056181,-0.3056775532691388,-0.5637657070491995,-0.30863885828237936,-0.5379477614930719,6.106092007632402,5.87470718709613,6.232371081019217,5.9194438241762075,5.678855388855917e-05,5.8754368832236834e-05,4.473991595078769e-05,5.624812294355984e-05,7.663680139204509,7.288225213571332,7.830750379650569,7.38584579051696,-0.4977649018823645,-0.5961327222568521,-0.47233971306498823,-0.5691344217077791,0.9968811790858637,0.9989742397088855,0.9960481585797893,0.9985953453174191,0.06324057901542383,0.031932960677851535,0.015529506145160622,0.0021782901715021227,340.31081081081084,308.8,340.3020134228188,304.48314606741576,6.25236728122527,5.7642837660890445,6.479980832627144,5.972869526447706,5095.214207450685,2691.949473684217,5085.096707355537,2834.9688170685404,3669.1988221329375,3085.4400000000096,3677.598002342249,3067.8011930311877
32,1,301,380,76,73,57,53,65.85382059800665,62.80398671096346,1.0064046574118608,310,0.2697167762900851,19.576646877473273,1,0.7921052631578948,0.9936361011798859,19.946438164374854,19.72308292331602,9.848857801796104,3.6077356460995347,3.0,18.0,19.207217127713648,37.666457525337755,61.698484809834994,0.9709677419354839,0.9819348453780014,0.01951984875289477,0.01660123108634098,0.018522240063423207,0.017847384048718044,0.00875702001640297,0.013842337788020864,0.017638947709973814,0.004600968311954417,0.0151867483130012,0.005017176492670523,0.006933539270763174,0.010114138604615203,0.016394564052667007,0.003720109221805126,0.008879345093953625,0.011769568753943437,0.00038120327055344867,0.006073778352886926,0.007686634298895254,0.005867862825569017,0.014871039978817892,0.003137267640898661,0.007269826765386864,0.0062412839945187905,0.00800299661034907,0.004904382020387761,0.005681007724726161,0.007584533942971371,0.0038391160305021733,1,17.921051889657974,185.00657638907433,0.41447368264198303,0.1875,0.07862086909323383,0.3881578743457794,1.0,0.33813305452184855,0.614639788668021,0.5559210479259491,0.29605263471603394,0.29605263471603394,0.02116789582204342,0.22826694895058186,0.8157894611358643,65.93143913473962,62.79147256646981,0.0,65.85382059800665,62.80398671096346,0,64.0,62.0,0.0,1,1,0.11279826569317229,0.2664912398083122,0.3686924304104268,0.25201806408808874,1.616775141602131,1.4854419107833678,1.0469473731465888,0.6321453107542889,0.005249510344178655,0.020447948279720716,0.028032113546718977,0.02765189984107905,0.0057523739956172396,0.0063711911357340716,0.0045333333333333345,0.007196061103396035,9562.0,9700.347368421053,9515.34,9381.831460674159,-0.30848555367207403,-0.5773379379003253,-0.2871628946744009,-0.5377381909302174,6.147463312067632,5.832601923938235,6.344796297601696,5.924951970195005,5.215184369863952e-05,6.048567077129501e-05,4.064398871527778e-05,5.723442517812618e-05,7.701607017934828,7.372435739887122,7.9304527738147925,7.2397783747866225,-0.49723813195836847,-0.5834214766694851,-0.48034075908992463,-0.590738602481318,0.9969367344395281,0.9988468793092176,0.9966702818670886,0.9988432657591629,0.04522786873222118,0.005458130757117229,0.015471285545355215,0.036001780168484446,340.81081081081084,309.42105263157896,339.6466666666667,305.2247191011236,6.367256048641828,5.914438108262628,6.456062670507649,5.78899842558703,5053.369612856099,2599.2963988919655,5269.641822222198,2820.286579977299,3653.842403214021,3074.9109418282533,3696.2454555555632,3050.5295101628617
33,1,310,420,76,74,56,53,65.81290322580645,62.79032258064516,1.0303739756514554,322,0.28530709098299045,19.867165345562018,1,0.7380952380952381,0.9705214064318236,20.30924134412689,20.248456731316587,9.848857801796104,3.6102371284642882,3.1622776601683795,18.384776310850235,19.465111191439462,39.764489658350286,63.35533905932738,0.9627329192546584,0.9600058033147374,0.023034073765678235,0.035015877903634716,0.019161030539467976,0.018620974550442666,0.00967865076466209,0.026064678490914924,0.014371479873110342,0.014232527317668128,0.013065437539944586,0.0057049530548729105,0.009080033408562931,0.014887303800619355,0.008705991289240326,0.013205092154811016,0.020071734122061334,0.008784224116296223,0.0017366506529370065,0.009081644691865244,0.0036507219890663844,0.003528661717357563,0.0036622594572432486,0.012326187016320501,0.018550138848443358,0.004244688030064546,0.007274646072505573,0.0023028333579865686,0.009119175003237435,0.004016656285075996,0.007444448972722844,1,17.684210032224655,188.58552420139313,0.40789473056793213,0.19078946113586426,0.06998557408668664,0.375,1.0,0.3336643402306539,0.6083404006496552,0.5657894611358643,0.2763157784938812,0.2763157784938812,0.02399039732372146,0.2285410936477023,0.8289473652839661,65.8798534812262,62.81070992670767,0.0,65.81290322580645,62.79032258064516,0,67.0,63.0,0.0,1,1,0.11051805496364152,0.2615733505197861,0.3731030826723553,0.25480551184421707,1.6314570018442265,1.5016247900209923,1.0514723238948187,0.631917669373658,0.0065409849297432595,0.020816397779039333,0.032799687451932756,0.022917898381361136,0.004464095006194199,0.005372796682062399,0.004557752341311135,0.005983379501385042,9952.986928104576,9310.184466019417,9796.696774193548,8827.2,-0.3512783846640359,-0.5017991355540422,-0.3022908482265097,-0.45179770891245685,6.308639375398068,6.079419701814472,6.358035614798121,6.027647450390665,4.064252026297311e-05,4.991288121745097e-05,3.72581204068028e-05,5.2694812045533234e-05,7.925656551828839,7.579704410678364,7.913126582651719,7.433013503067791,-0.5064806520223596,-0.5831346589480195,-0.5050336375859712,-0.6073352756461615,0.9976829674849893,0.9990237262166861,0.9976146801824136,0.9992351088435165,0.020577387465118474,0.023343409360183656,0.029935221353864127,0.0416793273987828,341.07843137254895,304.2621359223301,339.0838709677419,300.0842105263158,6.336910146373836,6.074660235837063,6.560035899082683,5.985542187232769,4778.229142637487,3088.5235177679133,5248.6316753382125,3333.1718559556466,3682.8040176855066,3099.676995946833,3761.33211238293,3040.0929639889255
34,1,305,420,76,74,56,53,65.75409836065573,62.81967213114754,1.047265352301479,320,0.2828577139333056,19.706294962377495,1,0.7261904761904762,0.9548678353603427,20.129162768082857,20.024984394500787,9.848857801796104,3.595860438857503,3.1622776601683795,18.384776310850235,19.3071256204937,46.64547598521168,63.35533905932738,0.953125,0.968424092628989,0.03013682439995094,0.027167025565676482,0.018710031426066722,0.024187632080256954,0.011275796693879885,0.019471810188751014,0.013892641273427807,0.009302633174141456,0.01598660151912433,0.006730953139041025,0.0069093957227168035,0.010381280559603552,0.008507054330924343,0.008435070002729224,0.009652424904699138,0.007654286689835207,0.0021626899109820834,0.006230467564947348,0.0029859975900061336,0.001964779396804927,0.0038890394888292015,0.008705613771296075,0.010057308756581678,0.005051855830943712,0.0026700542432638494,0.0022076873501063483,0.005988823561407607,0.00039080698586192275,0.0050475672602961754,1,17.87581592798233,186.22221690416336,0.398692786693573,0.18300652503967285,0.07190976709206652,0.39215683937072754,1.0,0.33727954581098735,0.6105646455874209,0.5620914697647095,0.29411762952804565,0.29411762952804565,0.022510501475592713,0.22724488468006082,0.8267973363399506,65.82258177724805,62.84160466987608,0.0,65.75409836065573,62.81967213114754,0,65.0,63.0,0.0,1,1,0.11146988954458435,0.2643900113666676,0.36589217082168907,0.25824792826705895,1.6189674433856245,1.4933139530895099,1.0528029443454254,0.6352065977536527,0.008707185815492667,0.01575080079295394,0.01950857483750801,0.01814390988566601,0.004626990044296303,0.006172839506172841,0.0039252664356826455,0.006702089119671539,9667.973509933774,9339.363636363638,9441.51655629139,8956.91208791209,-0.3258124069999977,-0.5318271306704485,-0.29646828924789675,-0.5051580173958616,6.4566888451707225,5.879208513953445,6.473180401433457,5.886593266429678,3.4595109889300354e-05,6.006834592372591e-05,3.322455596622681e-05,5.9743475156797196e-05,7.875789590304129,7.427336418059409,8.05297427574892,7.323674997317781,-0.5451413827766883,-0.6153138516529982,-0.512423291719043,-0.6158506056923272,0.9986323252746026,0.9993202513955468,0.9980504634437972,0.9992607198780616,0.03465291634232254,0.04249021830849847,0.006366590442728411,0.04563791587256494,339.8013245033113,305.969696969697,339.14569536423846,302.64835164835165,6.377218646495225,5.975527772067482,6.6603635968406785,5.916866755464441,4916.2519187754515,2854.393021120268,5123.462216569402,2944.711508271954,3646.0563571773127,3048.4391643709787,3641.2446932152016,2975.4058990460107
35,1,318,420,76,74,56,53,65.56603773584905,62.911949685534594,1.0419449620489643,332,0.25540079577072183,20.12188299403865,1,0.7571428571428571,0.9597435914786898,20.476860036051967,20.248456731316587,9.848857801796104,3.6392113148264444,3.1622776601683795,19.0,19.797750440327924,34.23913422541192,64.5269119345812,0.9578313253012049,0.9778104508690114,0.023556849942632685,0.018853262590542093,0.013287110775949209,0.019554959694583995,0.015224986407567904,0.012999278369613813,0.01002645242593217,0.014580002758805373,0.01399981940715739,0.011520753979593519,0.0063692420030546796,0.0059851747909448584,0.0065060105333316675,0.011237258879262338,0.012159940475013046,0.008118062784894972,0.008482720482119054,0.0030280188773202086,0.002140345419214196,0.000734907357462928,0.0036138411278781356,0.008971439602004274,0.015373691343482494,0.0058435158821572375,0.003046243112574705,0.007015830660342285,0.001543763716370021,0.0021998917774734843,0.005818081775246609,1,18.00653487443924,190.46404621005058,0.398692786693573,0.18300652503967285,0.1250176042102771,0.37254899740219116,1.0,0.32739154317162256,0.5989435415410396,0.555555522441864,0.29411762952804565,0.29411762952804565,0.022923223502388405,0.22834185843051835,0.8006535470485687,65.69105383535796,62.91256305822339,0.0,65.56603773584905,62.911949685534594,0,64.0,63.0,0.0,1,1,0.10888439324771539,0.26605127562584474,0.3742493310877764,0.25081500003866347,1.6488208120368275,1.5107911723039023,1.0439586604027442,0.6280249607267318,0.005780291874399594,0.01869913687201646,0.027819549043615124,0.02950691395766233,0.0038566512400617066,0.0052843043060529305,0.0037807183364839316,0.0056367022840897955,9753.396226415096,9346.233644859813,9802.91304347826,9052.39603960396,-0.3145019850356922,-0.5059924882232515,-0.30860899579281503,-0.47925910151271073,6.410059841940742,6.222684042435475,6.466578272548954,6.133265443062154,3.650315666749487e-05,4.376656249658813e-05,3.612932289305727e-05,4.562678588113298e-05,8.09429875715754,7.610625864905819,8.12899280976476,7.519597621365657,-0.5127593775249386,-0.5834162638265671,-0.4994254021514297,-0.6203897469722949,0.9981145411887403,0.9990523312032495,0.9977639770005556,0.9994218952292913,0.019319012170097374,0.02282828718423572,0.01100626128907453,0.025671991322960414,335.7987421383648,301.6168224299065,335.4223602484472,297.66336633663366,6.578329574658751,5.995911495645844,6.605488384204857,6.053068755239282,5086.286539298293,3065.8251375666005,5179.27502796959,3186.69855896481,3709.920691428346,3103.0146956066055,3745.547017861969,3059.773649642193
36,1,323,420,76,74,56,53,65.55417956656346,63.0061919504644,1.0634040767206412,339,0.25728818850269436,20.279456919490165,1,0.7690476190476191,0.9403763083961756,20.648035871897918,20.615528128088304,9.848857801796104,3.651991204828888,3.1622776601683795,19.0,19.952913930550608,33.41423650649424,65.698484809835,0.9528023598820059,0.9638968319987284,0.013818299705754758,0.03220376742696987,0.01587855908096212,0.010320670465450911,0.019043806310870635,0.02526442711046267,0.012740688208687585,0.009322019319271216,0.005614933342247073,0.01458899135501223,0.005325630215506638,0.01673271234901357,0.009142051903345818,0.005935549575476573,0.01491103958460702,0.0016278521323664571,0.010045465827543896,0.0020912340328126146,0.007848137294324032,0.008206820654657025,0.005983722132944681,0.0038153574494255655,0.014024266700966324,0.009995996930645804,0.0036283151245766546,0.0064083738915966006,0.0025505661422785043,0.00899197955538733,0.005590785347696812,1,18.59477013349533,192.6862686574459,0.3856208920478821,0.1895424723625183,0.10498176391304086,0.3790849447250366,1.0,0.32622403742974265,0.5965519153481298,0.5490195751190186,0.2875816822052002,0.2875816822052002,0.022716554081446638,0.22922628965647396,0.7908496260643005,65.65771174418104,62.98880635435569,0.0,65.55417956656346,63.0061919504644,0,64.0,63.0,0.0,1,1,0.10766256567710739,0.27611004467776346,0.36352226042789787,0.2527051292172313,1.6559527958907412,1.51158549882911,1.039094602816026,0.6278750518243513,0.008777324694293848,0.012150933553646548,0.03134370154463133,0.02570397223492294,0.004460085061537883,0.005470919956232642,0.004046305704746698,0.0055473372781065095,9630.184049079755,9718.422018348625,9729.259036144578,9392.60576923077,-0.29886149567104325,-0.5292467252225159,-0.28369185615657433,-0.477967920577574,6.462816326047593,6.207455742402948,6.575832862067417,6.13294404498096,3.399386440582775e-05,4.556574170090377e-05,3.1520950377186463e-05,4.6859831499630176e-05,7.94983520939271,7.612221022024633,8.061668648162264,7.5465935642949376,-0.5154282363117852,-0.5896830991637217,-0.4941346426757914,-0.6046921520830028,0.9979954756512215,0.9991398259321206,0.9974777325076464,0.9992782291401361,0.014729368901456423,0.015773741956040435,0.012947044242118363,0.023129102828593068,334.6134969325153,303.41284403669727,332.921686746988,298.3557692307693,6.567843414874364,6.098280196257166,6.728748994508707,6.09448250651942,5198.470247280697,2991.655247874747,5428.987842938004,3317.556120562105,3707.1635740900965,3177.519316555845,3789.561719770656,3177.5404724482287
37,1,334,420,76,74,56,53,65.5119760479042,63.01197604790419,1.0283817867687637,345,0.28633151823821756,20.62188177498708,1,0.7952380952380952,0.972401507753321,21.07740443074847,21.02379604162864,9.848857801796104,3.7380766596534603,3.1622776601683795,19.0,20.194906318741598,36.09713751957615,65.698484809835,0.9681159420289855,0.9578060886711204,0.01869181799715982,0.03798681083730588,0.0173073292649498,0.01607156211492019,0.018104363544588803,0.030418198706018616,0.013810929673424241,0.005709437697805954,0.01243035498040847,0.013321535267723438,0.0022684750380291556,0.020946826638442412,0.009561402575406336,0.003960551166853417,0.016823846814570467,0.008680307939681556,0.008556183546713267,0.0007227970793972254,0.004904948314246312,0.011256208845336728,0.005477064499086427,0.0026383843649035615,0.013083280776135658,0.0032113659894837925,0.005748663925214886,0.005495047201317029,0.002546334516795205,0.00223233730378082,0.0024644774116036098,1,17.961038529872894,195.25973814725876,0.38311687111854553,0.18181821703910828,0.08932803359129851,0.37012985348701477,1.0,0.3151059391205771,0.5846099944528705,0.5389610528945923,0.27272728085517883,0.27272728085517883,0.02206603411375506,0.22832229162138268,0.7922077775001526,65.60129697548791,63.013102760322305,0.0,65.5119760479042,63.01197604790419,0,64.0,63.0,0.0,1,1,0.10575324293621442,0.27389425090613384,0.37120052905112133,0.2491519771065304,1.6819801495569284,1.5246779967108097,1.0418569470846593,0.6210205996535904,0.00929188833203578,0.01044843165743632,0.02052726698924935,0.01890229058859308,0.004005543537047053,0.004821389436774053,0.0036167261196987715,0.004755491961956065,9485.273255813954,10026.521367521367,9692.637931034482,9539.743119266055,-0.2731000788404948,-0.5300708166247895,-0.27777358354590126,-0.5047753268741835,6.376017900333287,6.348830104124825,6.5419770822251175,6.325389255910043,3.887731491262168e-05,3.810294298512949e-05,3.325323366177005e-05,3.7674991764029766e-05,8.081702763385293,7.742159591378276,8.19147862514664,7.731487077070505,-0.5171103118510516,-0.5885628574280705,-0.505942576381914,-0.5737007969571272,0.9982156925458888,0.9992148573045967,0.998050225023401,0.999004560799265,0.019793503138573004,0.017999438693850265,0.025850424608105004,0.00746107598044564,328.3313953488372,300.33333333333337,327.94827586206895,296.4403669724771,6.6599069783757905,6.245412450534142,6.761740478532747,6.224292466839824,5415.791339913485,3079.4358974358765,5478.497324613563,3139.549196195585,3725.26614893186,3276.4893162393128,3792.7838139120067,3169.823078865411
38,1,325,420,76,74,56,53,65.40923076923077,63.06461538461539,1.019503070558679,336,0.18096851617001533,20.342144725641095,1,0.7738095238095238,0.9808700227376546,20.517766577863352,20.248456731316587,9.848857801796104,3.7089964831825943,3.1622776601683795,19.0,20.178995470701942,36.157786602032296,64.5269119345812,0.9672619047619048,0.9881235151348986,0.013656068447006259,0.010593665068644443,0.010731644081652555,0.012305476791077224,0.011840166969039612,0.00816709173160923,0.0106215344869655,0.010854282924993758,0.010079933095626149,0.01094037527338289,0.003572622128701723,0.004882422816794978,0.010479093685815493,0.009819862152301283,0.01356043981932947,0.007063480534181281,0.009806664500337589,0.003728246633191946,0.013703903650544146,0.0011810599668847584,0.01023977782577781,0.008572400002557408,0.01339965643199095,0.003006942225077171,0.0035977998565884586,0.008430881706984628,0.0035805380715624286,0.011346369027072489,0.005280832922245908,1,17.94771134853363,194.43790245056152,0.398692786693573,0.18300652503967285,0.10713592276775787,0.40522873401641846,1.0,0.3263220245187933,0.5982704690786509,0.555555522441864,0.2875816822052002,0.2875816822052002,0.022976757349160718,0.22801166917894145,0.797385573387146,65.51598373008989,63.05556489871064,0.0,65.40923076923077,63.06461538461539,0,65.0,63.0,0.0,1,1,0.10665905075971102,0.2729839736990619,0.3680123621244228,0.25234461341680425,1.6506757855669505,1.503725278850763,1.0400349364385855,0.6308615335420102,0.01043540214603904,0.035310050935398386,0.052838115814351314,0.04450203817411292,0.003856749311294766,0.005050079959599362,0.003846712149804035,0.004803913005502663,9777.393939393938,9302.532110091743,9635.174698795181,9351.953271028036,-0.3156062029462046,-0.5073453422654776,-0.28530235818387617,-0.4863878820056341,6.400726380715804,6.139474920988112,6.411470136072571,6.199410911634792,3.79723863277663e-05,4.6880866690382756e-05,3.605716753497424e-05,4.240181448366123e-05,8.14047577481254,7.667266893584266,8.105431675309797,7.713429603223577,-0.5394934790194013,-0.6107092814871341,-0.5388162063013238,-0.608986883760897,0.9987770906099452,0.999408979417144,0.9987320080758031,0.9994166652252017,0.012802822823905423,0.016603539786513015,0.03450674449737695,0.011927680122686251,336.0,303.6146788990826,334.83734939759034,299.392523364486,6.75881414783656,6.233646136643988,6.536133521912098,6.145444205926218,5086.315151515155,3040.4019863647554,5357.678364058651,3231.5094768101844,3715.927272727269,3085.73352411413,3748.21326571345,3145.8656869595543
39,1,330,420,76,74,56,53,65.42121212121212,63.13636363636363,1.0408470205477791,343,0.2353654352543355,20.49802550887777,1,0.7857142857142857,0.9607559807143589,20.803135969333347,21.02379604162864,9.848857801796104,3.7196472566982695,3.1622776601683795,19.0,20.218712349366022,42.190648298704716,65.698484809835,0.9620991253644315,0.9495176238329903,0.029147128382322512,0.044826214567311146,0.0133567790070325,0.024452951413385108,0.011674122358116245,0.03471876917205156,0.012622009052077325,0.010399108344785796,0.018013175835096144,0.008911650701768484,0.004956422572709985,0.02222249370558343,0.011786178511026969,0.008175915215978631,0.015287597373638002,0.011416393757503621,0.005944186713860817,0.0021265759396640435,0.005594379013092002,0.009682595015155558,0.010405733447014627,0.006111078940839765,0.010230094562585975,0.009575402137085708,0.006104166509912267,0.003797893864236882,0.002887215051394279,0.001082022663127235,0.00185060780882292,1,18.562090396881104,196.51633325219154,0.3856208920478821,0.1764705777168274,0.08476190083238465,0.39215683937072754,1.0,0.32565070871721236,0.5955040401581562,0.5359476804733276,0.28104573488235474,0.28104573488235474,0.022744319283190664,0.22795457990761425,0.797385573387146,65.50374165107229,63.117038612850614,0.0,65.42121212121212,63.13636363636363,0,67.0,63.0,0.0,1,1,0.1055309844422558,0.2743872084489075,0.36355471971156306,0.25652708739727365,1.6583440412354427,1.5091296464689894,1.0432439783027454,0.6317458122470169,0.01115610618959064,0.03089300363820572,0.04483125111524327,0.03321145394778111,0.004008963271594132,0.005403712115279191,0.003806228373702422,0.005229766803840878,9627.763313609468,9600.805309734513,9610.95294117647,9497.888888888889,-0.3000503494410836,-0.5299834658945747,-0.27443054507434733,-0.498592180617302,6.292003161629772,6.3222615951011125,6.4120446124810275,6.238457525211455,4.423558263316891e-05,3.888846209264136e-05,3.9888269761029414e-05,4.1673866973165296e-05,8.082687498348353,7.634338254450585,8.146126892007329,7.6252578725338385,-0.4923755892302764,-0.5881385552944228,-0.4830874810701782,-0.5866215333806927,0.9974491444673282,0.9991353460635223,0.9972060645145308,0.9991083303726621,0.002942791412863432,0.018761586854917453,0.027157307362060942,0.0020871593439797023,334.62721893491124,304.2743362831858,332.98823529411766,300.537037037037,6.679498353452393,6.1008496481218755,6.477756839402732,6.024388863371051,5183.606596407684,2949.4026157099433,5471.7880968857935,3177.8597393690143,3702.8424775042877,3137.5519813611063,3770.6852595155724,3168.9371570644726
40,1,343,441,76,74,55,53,65.26822157434403,63.116618075801746,1.044973837256946,359,0.20384883881206323,20.897874625046462,1,0.7777777777777778,0.9569617576503139,21.130954162987457,21.18962010041709,10.0,3.7841148010296246,3.1622776601683795,19.892277463948233,20.687254318696432,32.50730817418889,67.11269837220809,0.9554317548746518,0.9711882252792249,0.012126801934839325,0.02655856584991402,0.009965895865061813,0.009559227319933538,0.009125713856633503,0.022521656508645134,0.00817339637824526,0.009432780789982805,0.006010046439678844,0.005079668432316188,0.009509812362895217,0.017504917023511,0.007048369072568156,0.008267130932177628,0.013754145470466904,0.002533818901403483,0.003440968985031656,0.008451944111377896,0.00662954445159195,0.012406516724607729,0.007485150769670409,0.007273404796298763,0.0091836384693424,0.003733608744347443,0.0017044594013940263,0.006242502956524015,0.008318347458047751,0.003630721278469068,0.006283904570883561,1,18.559209883213043,202.03947159647942,0.3815789222717285,0.17763158679008484,0.11492561385383501,0.3618420958518982,1.0,0.3199863772967766,0.5890363603395902,0.5328947305679321,0.2763157784938812,0.2763157784938812,0.020577171953709058,0.23172184746794247,0.8026315569877625,65.38085314368794,63.139465970820915,0.0,65.26822157434403,63.116618075801746,0,67.0,63.0,0.0,1,1,0.10306089368618065,0.28508629573319144,0.35822207500548425,0.2536307355751436,1.6833279302076114,1.5278843661950712,1.032522451486395,0.6258657719588072,0.0057752909986089505,0.03164638470883368,0.05333269049290677,0.03867213981931608,0.0036983864423707127,0.005104166666666666,0.0035102713592381186,0.005164982164090368,9806.430167597766,10358.033333333333,9738.348066298342,10212.474137931036,-0.27525896878152245,-0.5428818126576934,-0.2533126344806988,-0.5136576741962887,6.4015270371021415,6.120193695659284,6.483749737921687,6.290959982103285,3.9724474568472825e-05,4.930284288194444e-05,3.5177514774379216e-05,4.04784285355975e-05,8.180661238121852,7.692266533090491,8.23600672961269,7.691906318347482,-0.48930605195247684,-0.5840030804786585,-0.48024048005139225,-0.5831631141672964,0.9974994507898693,0.9991219339461029,0.9972520229582055,0.9991102802764017,0.004147452194133132,0.0320628995668502,0.020171616099092682,0.02877370259848445,331.7709497206704,304.96666666666664,330.62430939226516,302.4224137931035,6.66170116555436,6.260975803905794,6.79661819362937,6.228502115742625,5573.081614181836,3068.832222222234,5801.825707396027,3281.2957045184157,3844.8779454448995,3356.7163888888826,3885.043443423576,3373.442460612365
41,1,334,441,76,74,55,53,65.33233532934132,63.21556886227545,1.0544801251839593,351,0.20157478575625737,20.62188177498708,1,0.7573696145124716,0.9483346116414901,20.854489187270055,20.8806130178211,9.848857801796104,3.733531868804564,3.1622776601683795,19.677398201998148,20.42641172806885,31.07168407947895,66.5269119345812,0.9515669515669516,0.9644004171388432,0.030559084143979325,0.030619711148783743,0.009334589996221757,0.024511269541019436,0.014320504761009576,0.022024230766322588,0.007309900857813566,0.01187195054979619,0.016200322845512854,0.008632259116585717,0.01430111572712992,0.012096185754955947,0.007878725727020265,0.006342568473352044,0.01090341431875529,0.007696459571627064,0.0033221738907343672,0.011536681808330495,0.008167323500719479,0.003297293700931219,0.010226255924855179,0.001588735354370162,0.008740590700974065,0.005244750632689891,0.0013458860066118134,0.0035542711452961465,0.010434656165539279,0.004186578080177031,0.0021515109865791445,1,18.516338765621185,198.2156801521778,0.40522873401641846,0.16993463039398193,0.056105283301508095,0.3790849447250366,1.0,0.3248480485196699,0.5934601202161013,0.5294117331504822,0.2745097875595093,0.2745097875595093,0.021097873428528268,0.22592880899662146,0.797385573387146,65.38615754580664,63.23141095270262,0.0,65.33233532934132,63.21556886227545,0,66.0,60.0,0.0,1,1,0.10386784387014365,0.27975072358287684,0.3632736434179038,0.2531077891290757,1.6519933263156124,1.507044220591625,1.0370375803553828,0.6308806087247107,0.006675858692489978,0.01978419758485534,0.02556651347000131,0.018726788400531106,0.003650621957815035,0.0050784856879039705,0.003484608270577356,0.004991477964450938,9276.226744186046,9583.271929824561,9284.12643678161,9658.207207207208,-0.27691755067836926,-0.5328953832167924,-0.26403211703854845,-0.5264512652792219,6.520168990562771,6.23837740442073,6.607402817772556,6.062125663510969,3.518021512895484e-05,4.245127557277238e-05,3.144693494331318e-05,4.973441359962158e-05,8.184928853514151,7.685917316777341,8.23029981768781,7.686307758241998,-0.5563489235025464,-0.6160847094055274,-0.5449874516141681,-0.5964112977452874,0.9990892544861577,0.9994664935073752,0.9989490708511705,0.9992717725395306,0.0023962612827809456,0.019113894654273995,0.010188096601529799,0.04051238768802438,332.5174418604651,305.32456140350877,331.5977011494253,301.9009009009009,6.802519333102423,6.234077185160439,6.747204127883432,6.091360911239226,5252.865974851287,2920.2192212988593,5405.573787818736,2996.251440629814,3632.273179759337,3125.872787780856,3672.425056150085,3163.6146619592582
42,1,340,441,76,74,55,53,65.21764705882353,63.24411764705882,1.035871652386595,354,0.218177372715563,20.806283791440396,1,0.7709750566893424,0.9653705627488227,21.0723090880038,21.18962010041709,9.848857801796104,3.761177580277571,3.1622776601683795,19.677398201998148,20.564658872539635,68.18943091641964,66.52691193458118,0.96045197740113,0.9641457577059138,0.030569803315755303,0.03140136713817506,0.010590559803866017,0.026427587035370223,0.009129469303544835,0.023404668461013637,0.00963389988869451,0.013782797582141989,0.020651937496488894,0.006095646789832298,0.012448783885772667,0.013450660088222901,0.008249440105405684,0.00959221223132169,0.012630003784335472,0.014619254802777312,0.0031087828901555305,0.010404267571790048,0.004782777187744201,0.003407201163558533,0.006197510068466597,0.005766431673872652,0.011992031502255224,0.001325473189724073,0.009688020028997312,0.0012340458754556605,0.008842329923104185,0.0058200082244701315,0.005904939794222735,1,18.326796293258667,200.82352337241173,0.3856208920478821,0.1764705777168274,0.07998148112416446,0.37254899740219116,1.0,0.32152274198699415,0.5906574216835639,0.5294117331504822,0.2745097875595093,0.2745097875595093,0.021501584856052844,0.22838639534872968,0.8039215207099915,65.29528738102847,63.26332748023685,0.0,65.21764705882353,63.24411764705882,0,65.0,60.0,0.0,1,1,0.10346286850317066,0.28103235818027955,0.3571567975836218,0.258347975732928,1.6751131090989475,1.5166825679570624,1.037891548533601,0.6319303003539243,0.00600008325880206,0.023894213308952642,0.0408859975222257,0.028298879316076768,0.0038189622522408783,0.004847744900890549,0.003486570247933884,0.005671077504725898,10022.887640449437,9724.466101694914,9224.636363636364,9784.4,-0.32629617069332456,-0.5235048702835499,-0.23237114688988228,-0.5048705500504107,6.496498810046184,6.229088680897742,6.5281054652382355,6.181450677234807,3.3809747107175544e-05,4.253261426987575e-05,3.392243188274794e-05,4.529177804525047e-05,8.159639821379375,7.738575252751671,8.246307897021804,7.593316137900897,-0.4971067254604951,-0.5826704887536387,-0.47818620567422804,-0.597242063552174,0.9977343293363037,0.9991372981404127,0.9971885939470568,0.9992219036796384,0.001728217001689894,0.01741829898185978,0.015025054914989722,0.04633958702030263,333.2584269662921,304.26271186440675,331.2954545454546,301.00869565217386,6.635481254266184,6.257435951812543,6.795829416822121,6.156062116030077,5091.214114379502,3041.4479316288634,5745.912706611503,3219.2434026465344,3778.525438707231,3191.4785083309325,3742.637267561986,3250.9108506616176
43,1,341,441,76,74,55,53,65.1466275659824,63.20821114369502,1.0328339056054028,354,0.20744993701428394,20.83685880248485,1,0.7732426303854876,0.9682098879333779,21.071660004857808,20.8806130178211,10.0,3.7750671619956506,3.1622776601683795,19.79898987322333,20.613259435270436,66.5683125983625,66.52691193458118,0.963276836158192,0.9846124019291782,0.01377181667786826,0.014127016530835684,0.01081400331968161,0.012296842414169245,0.01023765621453972,0.011868505153377461,0.010813412971104887,0.00915570048876734,0.010144688992792665,0.007911518673607275,0.014599901106376802,0.00907602390643809,0.010683391988318577,0.006499861422879822,0.0055281202932544555,0.007703031793391377,0.005219485156894473,0.01338110344851546,0.0030616081952125015,0.006295426823238084,0.01029142448828279,0.0035434920136483312,0.005522180432103571,0.002554448139145169,0.00535269705025135,0.0030326845534498054,0.01225584160511901,0.0027576097949103865,0.0025798373592674758,1,18.405227661132812,201.9607778787613,0.39215683937072754,0.18627449870109558,0.10759004377750124,0.37254899740219116,1.0,0.3228987308970669,0.592260345685517,0.5392156541347504,0.2679738402366638,0.2679738402366638,0.021930254183396166,0.22666035602549695,0.7843136787414551,65.23488673727076,63.269741105531,0.0,65.1466275659824,63.20821114369502,0,66.0,61.0,0.0,1,1,0.10249191273948795,0.28262136525386305,0.356278309776762,0.258608412229887,1.6642734401983459,1.5058419617432373,1.038383791742528,0.6344278314416648,0.00831175025368066,0.025404892950385363,0.04497055724448548,0.0372731788072173,0.003542336381511189,0.004766612527363887,0.0035430431868237098,0.005276456599286563,9657.659217877095,9644.764705882353,9216.65536723164,9585.25,-0.2969195673451059,-0.522390865305678,-0.24512702776552267,-0.4989980742950603,6.523963612302665,6.2644013766806,6.4615140244637015,6.174496404479777,3.240962796568265e-05,4.29446393676956e-05,3.449044487410826e-05,4.51231966687723e-05,8.236527159909562,7.760363981795339,8.227437329719567,7.661818171833062,-0.4965587346802738,-0.5909562474846943,-0.4868698223732866,-0.589748200331023,0.9978295165033125,0.9992550580576379,0.9974874713031986,0.9991756143027081,0.001961319188562426,0.004643060522972475,0.01041118825096516,0.05050473649927131,333.20111731843576,304.74789915966386,332.0,301.93965517241384,6.691690358594867,6.1067972800237635,6.59583288045702,6.087428598702967,5235.56849037169,3025.785184662105,5587.706214689271,3203.6256688465946,3723.3069270622,3167.6374726361137,3701.0903954802307,3197.2189172116487
44,1,385,506,77,75,54,53,64.94545454545455,63.30649350649351,1.0524036719255363,402,0.1353808631624206,22.140398025397776,1,0.7608695652173914,0.950205730630286,22.26090079286065,22.20360331117452,10.770329614269007,3.9728474634710076,3.605551275463989,21.0,22.055958755762678,-88.01545977267476,71.35533905932736,0.9577114427860697,0.9585293303873493,0.02100157297605081,0.03731370859036031,0.0038439554662856807,0.01784080501106205,0.02105917593258373,0.029737776529052948,0.003256989030168541,0.006757422688442565,0.013300571522759272,0.017503640564307785,0.01047206131862288,0.0200742586794008,0.0025975972244748654,0.00722357744512514,0.0047576991630070824,0.008310297796837226,0.013191999572749458,0.007728578580233245,0.008952848705034655,0.009990790792097607,0.0020948741448184767,0.008570858344081136,0.0015063564701240065,0.002433313820802924,0.004020085686109415,0.008716666844814727,0.0055422140829746724,0.008681671717601456,0.006529081918407631,1,17.986927032470703,215.1241765320301,0.35947710275650024,0.17647060751914978,0.14834059306885586,0.33986926078796387,1.0,0.29486765627001155,0.5587640948883899,0.49673202633857727,0.26143789291381836,0.26143789291381836,0.01727621809700871,0.23390554835045088,0.7516339421272278,65.09078204893619,63.336239906003605,0.0,64.94545454545455,63.30649350649351,0,67.0,63.0,0.0,1,1,0.10579085212984522,0.2997508725638392,0.3379412961734795,0.25651697913283605,1.7708468726082722,1.5595146748253776,1.0244677088723584,0.6134101674915642,0.005835840420819645,0.030686649677723637,0.053072674191843854,0.03764452859545528,0.003203987184051263,0.004245637080127603,0.00288627838548101,0.004409832989303809,10182.150943396227,10565.630136986301,9831.199052132702,10917.383561643835,-0.2571739141901206,-0.46732543136931315,-0.21443857219148332,-0.49934842129460827,6.609185624542367,6.372986333084255,6.616492939919003,6.166378134204936,3.0457824946043967e-05,3.971751981346171e-05,3.027800817925109e-05,4.8513729233615585e-05,8.398795749323495,7.967154867069559,8.5030897100342,7.965476014344651,-0.4796561807198519,-0.5743706291840367,-0.4666888284711605,-0.5715902170686681,0.9974998401338547,0.9991851450534579,0.9971710397683172,0.9991477458054908,0.02042420840044897,0.011456178030358491,0.021674493546255218,0.019988964726087848,319.5094339622641,294.6164383561644,318.70616113744074,293.8904109589041,6.903420513433618,6.378554202894577,6.881300063051359,6.486200887967685,6016.325382698502,3835.578907862626,6359.325980997746,3645.453743666716,4049.6190815236732,3600.302261212233,4047.631258282614,3640.7093263276474
45,1,359,462,76,75,55,53,64.99442896935933,63.41782729805014,1.023201484189685,371,0.15264973386854905,21.37973331358283,1,0.7770562770562771,0.9773246183198617,21.509188515877977,21.540659228538015,10.295630140987,3.8696123413499555,3.605551275463989,20.0,21.257108447770754,14.554410273351747,67.94112549695429,0.967654986522911,0.9836836225443891,0.01382037636488773,0.015319020132891895,0.0056019672198472275,0.012643993036923403,0.008040066454621426,0.01344529667867609,0.005514459370610836,0.010886745026732793,0.010818654935283993,0.007312012019310379,0.007591439709452885,0.01091657445122263,0.00535741530804401,0.009752576552109758,0.01155965151106132,0.008597964646661129,0.006611899351864872,0.004665041450145972,0.0026382902580676954,0.008016673538493517,0.005024198456042881,0.00857901330292183,0.012400789715188782,0.003898126406045841,0.006513694615930896,0.006151551744144973,0.00162653690903991,0.0027938341177794275,0.007405189320779974,1,18.130717873573303,208.1830002963543,0.3790849447250366,0.1764705777168274,0.09436001948027012,0.3529411554336548,1.0,0.3125985840271259,0.5798969367586471,0.5294117331504822,0.2745097875595093,0.2745097875595093,0.016910822956250064,0.22819900838436208,0.7843136787414551,65.08752982614146,63.43319101318517,0.0,64.99442896935933,63.41782729805014,0,67.0,63.0,0.0,1,1,0.0993030295673943,0.2898719150160553,0.35599019744022736,0.25483485797632305,1.6976089340330676,1.5303531983935843,1.0306490393632382,0.62661447954452,0.010632968794066628,0.02504381809858059,0.04441383999251535,0.03201131069872442,0.00335180055401662,0.00439951051803508,0.003207148926838629,0.004446848146145063,9698.2,9627.557251908398,9675.17277486911,9872.248062015504,-0.2794930803696674,-0.46078661478048283,-0.2749576994756631,-0.49032469638381854,6.5644197216099025,6.340339127343014,6.496189236766834,6.268015604408313,3.126995054968837e-05,3.8688023477561766e-05,3.51741417782116e-05,4.3190597993566345e-05,8.315831068823105,7.890255921368264,8.365335765185868,7.873592468584777,-0.47743343613652117,-0.5574581402464824,-0.4662788958284785,-0.5614822834087113,0.9972796666169014,0.9988759654259375,0.9969051773183315,0.9989288829805779,0.014398772047946868,0.017904153028961076,0.008948022234581358,0.026382983588270386,329.0315789473684,299.46564885496184,328.9214659685864,298.6201550387597,6.576133208395075,6.245953417597973,6.835812385670594,6.330805259215367,5461.241108033239,3553.7755375560955,5502.072366437307,3376.204555014716,3789.8602770083126,3295.333197366119,3794.311285326603,3312.113154257564
46,1,351,462,76,75,55,53,64.90883190883191,63.46153846153846,1.0465223157381678,366,0.07077003124102968,21.14017691983778,1,0.7597402597402597,0.9555457967417034,21.17655262175735,21.213203435596427,10.0,3.804358403173941,3.1622776601683795,20.0,21.12345576104326,-6.129290251298282,67.94112549695429,0.9590163934426229,0.9858012603240374,0.023525143593865,0.011969075388939474,0.0007327358114929322,0.0219103736997791,0.007811744988155945,0.007812581147588357,0.000791159548524836,0.014642081754302703,0.019421043704351666,0.006518484823028729,0.005312395030536612,0.0022978589937886185,0.0009081348761808017,0.012159284383367039,0.007518146198443022,0.016283029211337518,0.005174555360873845,0.002785272548228541,0.01005441633372025,0.003800067507672924,0.0010568928337817275,0.0099723987576769,0.008056948212421401,0.007636736469637058,0.0126973073186067,0.004008651304105543,0.0013767201403031227,0.010194550437264055,0.002757453491139919,1,18.571428149938583,205.31818068027496,0.37662336230278015,0.17532461881637573,0.08956518326602403,0.37012985348701477,1.0,0.3201970370679066,0.5849520817101851,0.5389610528945923,0.2922077775001526,0.2922077775001526,0.02134007709504233,0.22501551327679273,0.7792207598686218,64.99737499277093,63.475030842353014,0.0,64.90883190883191,63.46153846153846,0,64.0,65.0,0.0,1,1,0.10044593430720433,0.280559160365699,0.3611119895542335,0.25788291577286315,1.6788820448489803,1.5150194659747729,1.0389369535535726,0.6329853387152092,0.009446564064450448,0.022938534524827896,0.04528760475387929,0.03283950704982319,0.003564645726807889,0.004384,0.003403944485025567,0.004487513007284079,9446.610810810811,9136.448,9247.113513513514,9672.177419354837,-0.28079096082462673,-0.45783164002704374,-0.26259568841445774,-0.5121066219230972,6.487960820100103,6.435666984610164,6.6336614603292015,6.349199939349342,3.438967697110118e-05,3.54912109375e-05,2.8911225546703806e-05,3.7583302508779917e-05,8.25692504153892,7.869784284662089,8.28538267670914,7.841293084580422,-0.49390488573659497,-0.5467957440330586,-0.4838418667537433,-0.5716499242213554,0.9977739849884932,0.9986596021791979,0.9974711851932138,0.9990595139843415,0.03750375734928897,0.008706069974435437,0.023198158908656997,0.01816592956182414,329.80000000000007,300.51200000000006,329.8486486486487,300.1290322580645,6.763742171498231,6.072259608888399,6.741229755085365,6.302631894907266,5304.603243243197,3397.8498559999716,5400.668984660326,3120.805931321549,3687.803513513514,3133.574464000012,3661.945624543456,3198.245837669092
47,1,381,484,76,75,54,53,64.74278215223097,63.41732283464567,1.0389027529876347,395,0.10150307370850034,22.025082668269306,1,0.7871900826446281,0.9625539995194354,22.09271060554096,22.135943621178654,10.44030650891055,3.9567700637778938,3.605551275463989,21.0,21.97860673863628,57.9079068665332,70.5269119345812,0.9645569620253165,0.9826736890428117,0.01645073072151955,0.015541242382808962,0.002750933594140771,0.014454011574300771,0.015490414943066834,0.012352570840843685,0.0025144351061276034,0.011943911278429725,0.011562937863741877,0.013984649951572017,0.009434436399558016,0.00842057227358176,0.0020778162575640514,0.00926627820652033,0.01267323372382218,0.008286001906024866,0.012146510034574473,0.006299815986891593,0.0020713730599321543,0.004501656283438975,0.001406753523463864,0.00713213875124757,0.010303874855565729,0.0027501467460625604,0.005049874511579603,0.01018359891595086,0.00451188569836553,0.0014523607323096246,0.004193677270589729,1,18.467531949281693,214.75324487686157,0.3636363446712494,0.1753246784210205,0.16054076810648488,0.34415584802627563,1.0,0.3027464253980605,0.5636568107004241,0.5129870176315308,0.26623377203941345,0.26623377203941345,0.016964151909315113,0.22880275293549024,0.7467532157897949,64.89311200525553,63.473663526102506,0.0,64.74278215223097,63.41732283464567,0,66.0,66.0,0.0,1,1,0.10528543810371183,0.29202951344491385,0.34116473214367693,0.2615203163076974,1.7440761703266983,1.545322841979334,1.0316171662439748,0.6227452532077041,0.011117038362899042,0.024233467902184662,0.036817992048827464,0.023979646121361792,0.0035599001854353146,0.004267939814814815,0.0029470229289940836,0.0038143674507310882,9557.392344497608,10075.027777777777,9469.009615384615,10299.237762237763,-0.23944024012912718,-0.47342708126277083,-0.23381947480298773,-0.4870159348150616,6.593572412277759,6.304172984078434,6.719898838258676,6.393795287676049,3.115369577072268e-05,4.351580584490741e-05,2.6274009569156803e-05,3.9183054059413054e-05,8.302912600918296,7.958051563912264,8.486450415235677,8.068962245869297,-0.48720521269175016,-0.5391893494872202,-0.455017174755394,-0.5110467631770038,0.9976183639279822,0.9985941634848509,0.9966210570496459,0.9980327344440867,0.022495892908959574,0.012699528171374092,0.016273185305196662,0.023300458204666374,320.52153110047846,296.97222222222223,320.76923076923083,294.7202797202797,6.785023457580843,6.31535104292869,6.896793009025366,6.362395112881132,5864.718435933246,3600.610339506151,5880.090976331325,3552.984693628081,3855.5276951077103,3418.9095293209866,3837.275147929002,3463.0556139664586
48,1,379,484,76,75,54,53,64.65699208443272,63.485488126649074,1.0443850894150097,394,0.1868807724966591,21.967197988242077,1,0.7830578512396694,0.9575012226190713,22.174581426303376,22.135943621178654,10.295630140987,3.94024778551584,3.605551275463989,20.92282738738608,21.783923001624586,-89.59341065392044,70.52691193458118,0.9619289340101523,0.9798503170091405,0.024688925247694442,0.017595441828145472,0.008146653341153377,0.02196196902851301,0.007514866015542874,0.013167244126845815,0.006580600376508333,0.014318214861822685,0.018215520543497964,0.006498031367086798,0.010886730064767867,0.007997085066484666,0.005043938365468857,0.010708138145079009,0.01204274221759281,0.014282265769627761,0.0055249359454883976,0.005751390928299241,0.005191473437320436,0.0032945379013195972,0.004064414535728061,0.007719032185403852,0.00885192037715069,0.004605026389725762,0.010725581650141374,0.004477520668916142,0.0030165826828502987,0.008196950400545903,0.006962830424918059,1,18.90131524205208,217.48026159405708,0.3684210479259491,0.17763155698776245,0.168411939668348,0.3486841917037964,1.0,0.3098576269188865,0.5738265477415754,0.5197368264198303,0.2763157784938812,0.2763157784938812,0.01789686126484548,0.23072800072924385,0.7763157486915588,64.82085487530331,63.5243670051174,0.0,64.65699208443272,63.485488126649074,0,64.0,64.0,0.0,1,1,0.10490970376590351,0.2925552856762946,0.33947423936621196,0.26306077119158994,1.7287294664033601,1.53997851765716,1.029285893758354,0.6270442281862424,0.0052125992429817025,0.020723831096725102,0.03981889076779045,0.025317373735861366,0.003290625218791571,0.004278937845371413,0.003069601427721595,0.003985524964545944,10082.415458937197,10022.552447552447,9517.863414634146,10365.692307692309,-0.2904131382586676,-0.4522466433233167,-0.2164512102832891,-0.4730536477793017,6.593188047208507,6.3126089906520155,6.682028090163714,6.342431805382718,3.132558280148749e-05,3.9183054059413054e-05,2.907865888515021e-05,4.0711246147045695e-05,8.378198732830292,7.944802193406616,8.433090953142877,8.0287182773227,-0.47125093250197847,-0.5620858306818854,-0.4651300044969253,-0.5450373627075263,0.9971402744518914,0.9989961862318224,0.9969809021991923,0.9987785837946739,0.03158551160286294,0.02155579785928612,0.006433779972580781,0.0071340558748185096,328.0096618357488,300.31468531468533,325.8243902439025,298.61538461538464,6.882793539489059,6.3371528718011545,6.905975587162574,6.459598850852393,5544.231790706908,3780.2716025233385,6130.710624628162,3708.0548682086956,3906.6618124110173,3450.7060125189455,3912.1435098155816,3518.436793975252
49,1,385,484,76,75,54,53,64.64675324675325,63.527272727272724,1.0281089581513991,397,0.08842086831943878,22.140398025397776,1,0.7954545454545454,0.972659553320165,22.186235806383802,22.135943621178654,10.63014581273465,3.995531793657875,3.605551275463989,21.0,22.09933685512754,-86.71915938877855,70.52691193458118,0.9697732997481109,0.9776484502647148,0.010460999887688803,0.021595305409420833,0.0027610301557598983,0.009598890329074811,0.00882678016683124,0.020211731856705713,0.0028698202192212413,0.00922099870761607,0.00841412644914866,0.008236690365300081,0.008054917211004637,0.018402444849133212,0.0029910564503547216,0.007421225323920569,0.007759156832723013,0.007167240610091461,0.007451987052570284,0.005967681531526936,0.0007510894114476119,0.016343013223773396,0.0030071369921594385,0.005716715503717179,0.005032314979837339,0.006078587487378938,0.006007783026162419,0.006492565941907435,0.004036782647471045,0.00033584848906971797,0.008122028838369294,1,18.749999910593033,220.19736552238464,0.3684210479259491,0.17763155698776245,0.15492160677331632,0.3486841917037964,1.0,0.30737704771463986,0.571941209149051,0.5131579041481018,0.2697368264198303,0.2697368264198303,0.016076760062579666,0.23004832672246542,0.7763157486915588,64.79008067415741,63.58607708764618,0.0,64.64675324675325,63.527272727272724,0,66.0,66.0,0.0,1,1,0.10352554664146811,0.2954586208989133,0.3377651615942776,0.263250670865341,1.732927628563699,1.5371833654875875,1.0320602159825143,0.6256265943404705,0.006404519932076659,0.01869578201489896,0.035787823290067695,0.021929167972322448,0.0033018126277487036,0.004104897729405142,0.003009815592641675,0.0046443985738412455,9768.12796208531,10113.18493150685,9508.028436018958,10521.965753424658,-0.2573075572387203,-0.46768981392659553,-0.22505291791740856,-0.48788279359280484,6.527045028232105,6.395897141083888,6.496496985326664,6.301532884416244,3.571785679001904e-05,3.751846745842325e-05,3.484046185279841e-05,4.338260707185916e-05,8.385675314248337,8.008250757480518,8.469914354583963,7.908184726833689,-0.4642036902358862,-0.5400467621072048,-0.44558373136903967,-0.5663945914675166,0.996851450684207,0.9986626865531555,0.9961012923737745,0.9990331415941257,0.03684198171926601,0.011322372440446362,0.01621173118327999,0.017486073011891725,326.0521327014218,301.2671232876712,325.0900473933649,299.81506849315065,6.78902198254416,6.392539435634072,6.8233590086002565,6.308534897918385,5770.039936209883,3667.908097203981,6014.612744547543,3621.575389378908,3884.5419745737963,3445.2732571777087,3880.6602951416207,3535.8852857008897
50,1,377,484,76,75,54,53,64.57559681697613,63.58620689655172,1.0325569618949992,390,0.21610564604127971,21.909160375631842,1,0.7789256198347108,0.968469573014888,22.180800853656557,22.135943621178654,10.295630140987,3.9375777339359654,3.605551275463989,20.571825392998065,21.656668221082544,-82.04473110168009,69.94112549695427,0.9666666666666667,0.9692211228290117,0.007830617382043463,0.029176859538245857,0.00751653823123721,0.006018749947550723,0.010264054757718953,0.026362700256853222,0.00585650898765802,0.00592216925201801,0.003486856814631886,0.008370061537445475,0.006556057077268058,0.022999009045685713,0.003905412625269997,0.0033247485073393465,0.00825979090925865,0.0011520652760230628,0.006271834064747746,0.004065319392592886,0.003248123779344154,0.019808111469935726,0.002211015592434623,0.0007464707548266402,0.00548437419597899,0.010754741169605661,0.002169680113558694,0.004294114096704754,0.0019158749776316405,0.0015874024423199633,0.0034277528997564807,1,18.46451559662819,214.13548097014427,0.3677419126033783,0.16774193942546844,0.14279225379355634,0.34838709235191345,1.0,0.30774192661046984,0.5679986232629821,0.5096774101257324,0.26451611518859863,0.26451611518859863,0.017040890137311058,0.22464845249107346,0.7612903118133545,64.71094574450441,63.63170739721256,0.0,64.57559681697613,63.58620689655172,0,63.0,62.0,0.0,1,1,0.10505860249556351,0.29486909243256965,0.3402729635388078,0.259799341533059,1.7220475278620564,1.5228170937955976,1.0262632580330437,0.6278484087048922,0.013189042468296292,0.016519782470428564,0.03235307267799713,0.02056680184901385,0.0029927420114996698,0.004158163265306122,0.0029726516052318674,0.004066653441777425,9520.864077669903,9439.157142857144,9021.487684729063,9875.225352112675,-0.2867804211311118,-0.47035289951643977,-0.22211247713320834,-0.48543313677704153,6.468189590172555,6.335293620544457,6.557212934732505,6.33443417928766,3.573712242774412e-05,4.0544782366071434e-05,3.317950718346569e-05,4.130860827929726e-05,8.471623524724524,7.973890963358086,8.45843936546104,8.003585939911982,-0.46772979212936083,-0.5590770033870662,-0.47389962311595696,-0.5506756942089842,0.9971592854227955,0.9989722261855474,0.9973811805155612,0.9988575213468625,0.022913690745846704,0.014525985738878606,0.011953189681306426,0.017384757414661983,323.8058252427184,297.3857142857143,322.05911330049264,296.1549295774648,6.992041061037773,6.382644981137961,6.816056961550163,6.292067894562282,5277.098218493731,3400.1512244897895,5742.272367686644,3420.8633207696694,3699.490574040916,3209.8270918367416,3690.94001310394,3324.0221682205956
51,1,387,484,76,75,54,53,64.56330749354005,63.571059431524546,1.0227957335614695,399,0.15659573102580412,22.197831060995757,1,0.7995867768595041,0.9777123302205294,22.340576145610353,22.47220505424423,10.63014581273465,4.016752148775416,3.605551275463989,21.0,22.06495565618064,86.99277457686138,70.52691193458118,0.9699248120300752,0.9641777531160892,0.023787434033182554,0.03305816098781511,0.007367176234468281,0.020118468783124833,0.006831699169392411,0.028138240754091676,0.006049909627650472,0.011377322392051198,0.014828321183069459,0.006097121299032595,0.011476516497060484,0.02206173264568526,0.005062563749846879,0.008150435105647247,0.0064812329777228775,0.008878990100865614,0.0051817954282780965,0.006717462308480647,0.003806123571237843,0.015869143394687393,0.0047133876940893054,0.006064318757582657,0.0028199850675266988,0.0073201957201903855,0.003214686541079261,0.0038684291227210474,0.0031611499171378308,0.0014942109810077862,0.0015109822573918452,1,18.636363059282303,218.6558418571949,0.37662336230278015,0.1753246784210205,0.13691768659251735,0.34415584802627563,1.0,0.30551414851282466,0.5650021753415889,0.5129870176315308,0.27272728085517883,0.27272728085517883,0.014563953650849367,0.22616427286183802,0.7532467246055603,64.67276454118524,63.65331274527326,0.0,64.56330749354005,63.571059431524546,0,64.0,65.0,0.0,1,1,0.10765301614696422,0.2960532198431828,0.33602589579224745,0.26026786821760556,1.7359048853697918,1.5276346143908213,1.023952926548029,0.6256128260882814,0.010973781143870676,0.018559365174239888,0.029613020815750863,0.015573278238906047,0.003019683043487845,0.003971877282688095,0.00280766379910604,0.003933546207598685,9464.44600938967,9793.844594594597,9201.758293838862,10073.231292517006,-0.2568582901069325,-0.46452696574100577,-0.22666956660321066,-0.48657229466912183,6.654835120374455,6.479459446593087,6.680212577066189,6.396005912949168,2.8393677379343542e-05,3.2891662909742515e-05,2.6768428430368536e-05,3.698362150717004e-05,8.454170242281407,8.033777689953276,8.553968086780692,8.051679912848858,-0.48792267448130855,-0.5651813305123482,-0.47803163700349216,-0.5510367317879802,0.9978625107351076,0.9991077650748972,0.9976781220342549,0.9989046295276411,0.010888109371864718,0.017075757304720985,0.015330411497008829,0.030164192617926626,322.2300469483568,297.23648648648646,321.5402843601896,296.71428571428567,6.8875606624267025,6.447506365828218,7.03314413896277,6.505528807303658,5596.036280279484,3580.9102903579624,5801.073021720062,3479.061224489822,3765.120572417298,3343.688721238126,3750.707828889732,3388.073129251705
52,1,418,552,76,76,53,52,64.27751196172248,63.58133971291866,1.0642984223284087,437,0.19270694848678108,23.06976657227589,1,0.7572463768115942,0.9395860963622021,23.315160551505794,23.345235059857504,10.816653826391969,4.099041921727342,3.605551275463989,22.0,22.878149432600868,-61.03861696858873,74.76955262170047,0.9565217391304348,0.9659592801480462,0.010435772720236573,0.03039643700335239,0.00873580647792583,0.007636453829957758,0.020735943166921785,0.02392498078036834,0.005759832977396253,0.012581031401843358,0.0039869360835917125,0.017300937483902795,0.011369603700584478,0.015993093820728038,0.0029784976595708937,0.00779904812925968,0.012107119936587083,0.000592158543855987,0.013742811017016738,0.008920579923781587,0.0036335543221250846,0.008096867430326818,0.0029520177119424797,0.0037324035704230543,0.010009026545453591,0.0051890998447853415,0.0016741331779469375,0.010588601509016972,0.007305926958052212,0.002168843367712014,0.002862840983021585,1,18.732025042176247,229.4379010349512,0.33986926078796387,0.16993466019630432,0.24487010321211858,0.33986926078796387,1.0,0.29268789128400385,0.5488945000836153,0.48366013169288635,0.24183006584644318,0.24183006584644318,0.018431079280967596,0.23151274215562792,0.7320261001586914,64.50364631376203,63.675279173608864,0.0,64.27751196172248,63.58133971291866,0,66.0,63.0,0.0,1,1,0.10280880016884152,0.2996809536925906,0.3307600224161315,0.2667502237224364,1.7905866029406494,1.5658329830437843,1.0317738012682305,0.6194532973109909,0.008574064258816558,0.043628114148936505,0.07153823588362797,0.04686714583981676,0.0026572823901177827,0.0033884327154075087,0.002549554725653548,0.0035294117647058825,9783.5,10298.053892215568,9619.906779661016,10867.894117647058,-0.231431761343724,-0.4239873316175538,-0.19651366872268955,-0.4771653882227861,6.706739556333401,6.58694590908506,6.72614748577333,6.573049374345199,2.8365304229657427e-05,3.1102455514214836e-05,2.6541789075965957e-05,3.150807944961072e-05,8.644233462469932,8.251967765527944,8.684529119267928,8.216715127301446,-0.456238822819039,-0.5202611800284985,-0.44575713997943295,-0.5323125207965395,0.9969755273639923,0.9984890368274673,0.9965620359805506,0.9987094778413477,0.013302550535995565,0.01669636227407172,0.020152409546651075,0.026227782478840434,316.57627118644064,292.4251497005988,314.8559322033898,293.1647058823529,7.129728470933656,6.6273943372417286,7.052078352462077,6.482538657004536,6106.134013214629,4165.633618989552,6459.987719046272,3846.631695501739,3972.4085033036463,3615.9218778012837,4019.973624676819,3678.6314532871947
53,1,406,529,76,76,53,53,64.31773399014779,63.68226600985221,1.037919119789242,420,0.2340769648074827,22.736210219877808,1,0.7674858223062382,0.9634662093931349,23.080355114025117,23.08679276123039,10.770329614269007,4.075348203697536,3.605551275463989,21.213203435596427,22.439138290957526,-54.04592932531617,72.76955262170047,0.9666666666666667,0.951158540131102,0.020935827393986285,0.043480382581184515,0.012412902635464327,0.01587071687485103,0.019172195407314154,0.034015720193469365,0.009217563428147188,0.017560273811902522,0.009010771889535436,0.016037330284702448,0.008454591789611507,0.02255493670526883,0.005628924101582449,0.010615737570075499,0.009227833500237858,0.0022527671390472795,0.01298188324280087,0.00809078880952865,0.005583360552881052,0.011394653580371792,0.0029750032859594453,0.004394594646374557,0.007202985092003242,0.006663085119389125,0.0032076020736560907,0.010399925630356667,0.009334366015643036,0.00523816824278015,0.001607749031995642,1,18.60784202814102,226.8039135634899,0.3529411554336548,0.16993463039398193,0.1820841877706921,0.33986926078796387,1.0,0.30012648432485517,0.5586303289741131,0.5098038911819458,0.26143789291381836,0.26143789291381836,0.015092528490570533,0.22799363374086218,0.7581698894500732,64.48621077702381,63.75133281606216,0.0,64.31773399014779,63.68226600985221,0,63.0,64.0,0.0,1,1,0.10391631743203832,0.28892539600166,0.34365003449194653,0.26350825207435513,1.7579177032253084,1.543469878640445,1.0334956592868905,0.6256394756853108,0.01045585046458924,0.04730613447821697,0.06559627562748187,0.043922662340962454,0.0029692018086902522,0.003785451049511296,0.0029135802469135805,0.004008430878091009,9561.766519823788,9658.981012658227,9396.46222222222,10553.423312883435,-0.23611244292444813,-0.4157418389375294,-0.2261207194376494,-0.48724971241725473,6.5625699239035615,6.427808419101737,6.574308791621647,6.487356203348206,3.257531891553179e-05,3.794282125635916e-05,3.2503556616512346e-05,3.693432132931001e-05,8.51809231985191,8.123339134225663,8.52598169120742,8.064895868915187,-0.46683160439231686,-0.5340886679330354,-0.4605493995715164,-0.5470291591095532,0.9972025970197456,0.9986555539848129,0.9969510817554601,0.9988468726564241,0.017479058390799954,0.01341575859680779,0.013031274351491514,0.04036930154953336,320.6211453744494,295.246835443038,320.20444444444445,296.42944785276075,6.8643595160915645,6.597143150128089,6.971456553560719,6.5917706205792115,5908.940169613212,3986.135274795699,5930.678202469149,3638.441341412923,3867.676672359248,3411.2790718634824,3831.7851061728397,3547.966163574092
54,1,420,552,76,76,53,52,64.20238095238095,63.680952380952384,1.0592303346030354,437,0.18573303565561,23.12489154112443,1,0.7608695652173914,0.9440817236175237,23.348582524415715,23.345235059857504,11.180339887498949,4.123178062468786,3.605551275463989,22.0,22.94232288503761,-60.6556895663979,74.76955262170047,0.9610983981693364,0.9607624929405685,0.0027180617667490153,0.0359691341570536,0.008118145122573093,0.0021709943972980186,0.01876335093613186,0.030039393642714244,0.005466416016779542,0.014394292584006664,0.002641758038282135,0.015451556758804339,0.006711682306652725,0.022487616909967627,0.002933295295013084,0.010955626410375268,0.00546494834671309,0.003758105174310044,0.011738796843049643,0.006031766808195128,0.009510826210738961,0.014502840093403024,0.002746354400328758,0.007949990582399728,0.003017235480628117,0.0030891906302530922,0.0045124597182058124,0.008103977912162724,0.005269844732829692,0.008021214755033021,0.004406794613196217,1,18.92763140797615,232.92105036973953,0.3486841917037964,0.16447368264198303,0.21174222174934157,0.32236841320991516,1.0,0.29574424074962735,0.5545739294517608,0.4868420958518982,0.2631579041481018,0.2631579041481018,0.013879751586395313,0.23097932906816637,0.75,64.39015366974665,63.77881031412311,0.0,64.20238095238095,63.680952380952384,0,65.0,62.0,0.0,1,1,0.10600497293291254,0.2989492730404563,0.32629081341544025,0.2687549406111909,1.7808835452729241,1.5501073416912532,1.0303920423645474,0.6236302489320448,0.008056302570244518,0.041668184200527515,0.07147979955313147,0.039058542352678915,0.0028599675164183314,0.0034722222222222216,0.0026527087895458342,0.003556649909373824,9646.386554621848,10400.625,9501.413502109704,10829.883040935672,-0.22121709059607902,-0.4331852879615468,-0.198432909296405,-0.4768946894350307,6.5488921353227,6.564587363100416,6.673020031991932,6.477687860087603,3.3565887867095364e-05,2.9860169979450114e-05,2.89020247315857e-05,3.617263428143488e-05,8.576437773766694,8.225650756112092,8.652373839579047,8.224870058745546,-0.487036704165075,-0.5542113641814855,-0.4779057549522939,-0.5576161558951518,0.997998409561896,0.9990871475232627,0.9978133444719273,0.9991343900651177,0.012654173115493232,0.017473758331624453,0.018227702378525442,0.03199812340734232,319.0588235294117,296.11309523809524,317.9789029535865,296.7836257309941,6.856280855894428,6.599707211492619,7.107318710867123,6.759937348429652,6151.601581809213,4113.374114229024,6354.982677277498,3835.865462877482,3949.4970341077533,3628.499778557263,3964.0990448468,3666.437125953278
55,1,443,600,77,76,52,52,64.12866817155756,63.66365688487585,1.0653820965707381,463,0.1995346570317293,23.74963406702674,1,0.7383333333333333,0.9386303779825186,24.01439279519558,24.041630560342615,11.40175425099138,4.232236701344189,3.605551275463989,22.360679774997898,23.531481841187343,-66.45217735725448,77.01219330881976,0.9568034557235421,0.9548706292378503,0.03509801400810582,0.03871252420390397,0.006322241850432467,0.027900375007992965,0.018334908059403382,0.027859213355957133,0.0003391343978391677,0.01143459057031021,0.018750054091641113,0.011712784146711062,0.013363409582810792,0.015673029391871096,0.005926600117927584,0.005559562649149302,0.0073844745110954665,0.010679254766822582,0.006219040667554929,0.01114952500894254,0.006924829098229657,0.005114585696424903,0.00958357779216274,0.0016749313933976813,0.0036207408140791738,0.001967077384048454,0.006094447826422986,0.003028310158789929,0.009103468886218949,0.00859164240308544,0.00525129453757405,1,18.749999463558197,240.11841720342636,0.33552631735801697,0.15789476037025452,0.23260581601403962,0.32894736528396606,1.0,0.28846153020858767,0.5420280298045742,0.46710526943206787,0.2631579041481018,0.2631579041481018,0.01628894592158068,0.23183163640377538,0.7171052694320679,64.32297660356485,63.791522825979904,0.0,64.12866817155756,63.66365688487585,0,63.0,63.0,0.0,1,1,0.106608583915641,0.29483807607269474,0.3336073191636148,0.26494602084804947,1.8164462567164916,1.5736538277132968,1.0263058499269533,0.6177425643983466,0.00781458639716856,0.04237576662055383,0.07189225306568835,0.03918218985002137,0.00276947021484375,0.003352433837429111,0.002537485582468281,0.003260030312562556,9553.6640625,10534.103260869564,9562.0,11032.486631016043,-0.19780563300538515,-0.418390217386582,-0.18345095755331733,-0.4543944471936464,6.692587611719739,6.642827649272713,6.726013721749261,6.581426045548996,2.872943878173828e-05,3.04310443495983e-05,2.7813586946727223e-05,3.109923518755004e-05,8.632736132778696,8.325139265816103,8.720804858419001,8.35427654540286,-0.4549273090454954,-0.5138351808209407,-0.4378322045091825,-0.5071742065433765,0.9968964116990721,0.9984180848877034,0.996226139481727,0.9982859069678397,0.008200809235277913,0.019895996641807117,0.016427794778145596,0.02210325480860686,313.4609375,291.875,312.5098039215686,292.95721925133694,7.069464197179558,6.5878116000530715,7.210379307454017,6.655620179136843,6398.279724121094,4319.50067934781,6597.5204921184195,4138.757528096292,3987.9859466552734,3713.4009850543443,4039.8801230296085,3792.8110397780874
56,1,430,576,76,76,52,52,64.15348837209302,63.65581395348837,1.0576502097190346,447,0.25212617222771966,23.398568422792877,1,0.7465277777777778,0.9454921776696387,23.816333401283693,23.769728648009426,11.180339887498949,4.176364312749941,3.605551275463989,22.12331748338364,23.046931740904245,-57.47659765425911,75.59797974644665,0.9619686800894854,0.9461932205188837,0.038411863276429155,0.04507449014489277,0.013632578339919533,0.02875709909829198,0.023250509414349616,0.030852304694147164,0.005017902290437535,0.008297678556757553,0.017190435981122028,0.014731713048381601,0.0055219998605600396,0.015900188581644638,0.0026351322942075274,0.000698226796206809,0.009876453700960248,0.007914383223463054,0.008791385921901915,0.007156665495160348,0.00337423767572999,0.004159628805974674,0.00625986315893557,0.005473149005906752,0.0050853520422862964,0.004626025177885406,0.0033198451779481012,0.005594386434057369,0.008532109855749192,0.006277158926130971,0.004256680438057585,1,18.99999964237213,237.81578660011292,0.3486841917037964,0.16447371244430542,0.2197304618485102,0.31578946113586426,1.0,0.29687499441206455,0.5530599688374719,0.4802631735801697,0.2697368264198303,0.2697368264198303,0.013980262310191977,0.23020680043613295,0.7236841917037964,64.30554940778997,63.814429580987465,0.0,64.15348837209302,63.65581395348837,0,63.0,64.0,0.0,1,1,0.10418280536589256,0.29644793758836496,0.33041938868832377,0.26894986835741874,1.791944252293345,1.5545440629633753,1.0295676604056458,0.625126721046973,0.007889859075235931,0.039561863114556825,0.06569472484824321,0.04045743716344261,0.002825698988697205,0.0036920712352567736,0.0028154935443565187,0.00374520146062857,9524.849593495936,10281.040462427745,9437.375510204081,11065.882681564246,-0.20987240790631778,-0.42212463959548435,-0.1881474969015796,-0.4952249814269729,6.595421890001919,6.603336103196696,6.772093067923008,6.53106385837417,3.186201370040568e-05,2.92475843545871e-05,2.6065138467695757e-05,3.362876906614768e-05,8.616746352951365,8.197521002153175,8.59370100019174,8.237896503472893,-0.445579777966272,-0.5145039928326793,-0.4480161986148737,-0.5111252465133161,0.996416417762873,0.9982891093834318,0.9964927924543499,0.998250370700958,0.01940811561702004,0.015161368947411505,0.024386141040359497,0.010074373744354374,318.5081300813008,296.0,316.99183673469395,298.53072625698326,7.079437143582561,6.606545100664579,7.072198322761091,6.63068653435719,6220.363755040002,4177.664739884378,6448.489729279434,3735.746262601053,3936.303337133988,3614.6763005780304,3971.466309870888,3700.407236041323
57,1,433,552,76,76,53,52,64.10623556581986,63.729792147806,1.0435909305894397,447,0.2753912169199326,23.480049464818542,1,0.7844202898550725,0.9582298683212792,23.96504644567355,23.600847442411894,11.180339887498949,4.191804508200257,3.605551275463989,22.0,23.03837180600236,-42.7551625073083,75.35533905932738,0.9686800894854586,0.9707832711610581,0.021516701377779075,0.02547832138348852,0.016538600095308123,0.01702934120483131,0.015230946252789567,0.019220011958626222,0.012629869995041567,0.013471628881451252,0.011464974807939943,0.009769421921269651,0.007134354004955735,0.012320822374958445,0.010152861135441348,0.008051578229225215,0.0100202169255336,0.006885138888963762,0.005795227927398547,0.002194891851684236,0.002955279295990791,0.006506188779465257,0.009753735487170602,0.004821123025658216,0.005900828700434226,0.0035818648755095786,0.0047066272883795205,0.0048829788161375304,0.0005726366441202447,0.0031129461942076444,0.004336672072164019,1,19.34210494160652,239.11183986067772,0.3618420958518982,0.1611841917037964,0.20761693824465105,0.32894736528396606,1.0,0.29757084525548494,0.5522213391701564,0.4868420958518982,0.2697368264198303,0.2697368264198303,0.014541120780753945,0.22961462166859667,0.7171052694320679,64.24509560825855,63.884138128187764,0.0,64.10623556581986,63.729792147806,0,65.0,62.0,0.0,1,1,0.10328793562959182,0.2977025744184067,0.3303342971449386,0.2686751928070628,1.7889470451045235,1.5530748761827706,1.0290269831925059,0.6254642929325707,0.006547379838653445,0.03984319638053477,0.06307670078725723,0.037319873865094666,0.003114294612270321,0.0038974765490817813,0.002878985822809309,0.004075965242318374,9385.72064777328,10137.8908045977,9389.385542168673,11143.016393442624,-0.19943949659502694,-0.4124181483061356,-0.18313015618660247,-0.49022235708303147,6.418825932951586,6.310719433043925,6.626562024691818,6.5421753687844735,4.1021329444605506e-05,4.228472725405436e-05,3.1678457917387417e-05,3.4314391683416573e-05,8.483693395508494,8.126739185454166,8.570365185045375,8.174681412291875,-0.4075112334435758,-0.48957085443711085,-0.39115606654767565,-0.484448083854697,0.9934726987451445,0.9974202105574789,0.99222354068214,0.9973091423815628,0.013894270420551018,0.015342236836661383,0.030848258296693437,0.014365737773539378,317.97975708502025,295.98275862068965,316.4859437751004,297.9344262295082,6.91742610222664,6.569877961376114,7.079185415873496,6.622677007668949,6264.457080102919,4217.476714229109,6482.7236980048765,3811.8208366926556,3912.5444319690578,3588.841879706699,3968.027310043388,3738.7093075338125
58,1,437,576,76,76,52,52,63.963386727688786,63.75972540045767,1.0568992162943658,453,0.25903315805543614,23.58825303088947,1,0.7586805555555556,0.9461640093803246,24.03421897585935,23.769728648009426,11.180339887498949,4.184987532464982,3.605551275463989,22.12331748338364,23.21389333551474,-53.56052502540061,76.18376618407356,0.9646799116997793,0.962963395169892,0.02314471438793504,0.03145484539217204,0.015664391849193916,0.016468852774117474,0.022340979684973363,0.02226859382769719,0.009577835276375974,0.019089452730224103,0.008366443983603181,0.015592178677753117,0.008527784849613211,0.012464805799461517,0.004137717720034774,0.010362936738494113,0.005156298089948433,0.003586309811127471,0.010060753802094006,0.007522235480125509,0.0024026648675007653,0.00466999082861842,0.0022543906993107887,0.004215775676934111,0.004958518329587938,0.004629774283455021,0.005847733972685764,0.006748012968047092,0.009128460470817432,0.003918439725997222,0.007373499363440786,1,19.361841589212418,241.21052333712578,0.3552631437778473,0.16447368264198303,0.2430576298513447,0.32894736528396606,1.0,0.29787448598788335,0.5519691609545212,0.4934210479259491,0.2631579041481018,0.2631579041481018,0.01782238811734796,0.2293867143986956,0.7236841768026352,64.14649247535439,63.91956687380164,0.0,63.963386727688786,63.75972540045767,0,63.0,64.0,0.0,1,1,0.10219834229632085,0.29579424167309676,0.33283329598545763,0.2691741200451248,1.7864270233396815,1.5573745013390738,1.0315471655719495,0.6256866513814866,0.0071389404290462715,0.038338172316325095,0.061553004248463244,0.04479475320139788,0.0030640000000000003,0.003771619744981694,0.0029596296833922027,0.00365649208000925,9427.596000000001,10041.898876404495,9374.465863453814,10745.28494623656,-0.21010801305791726,-0.4099595742561686,-0.19734456382456833,-0.45304704086748443,6.521368511236833,6.374315630485203,6.59950995228488,6.489709265337176,3.4616210937500006e-05,3.997413607321519e-05,3.1804463949548195e-05,3.351852623406608e-05,8.49958878457555,8.154021843851284,8.516109060530006,8.199026216987116,-0.40040736286609563,-0.4698527230679561,-0.3848844390498886,-0.44382057335527114,0.9928795646201932,0.9966509545058363,0.9913275541730465,0.9953342990599816,0.014311610013608625,0.011623833907173222,0.02119483489295987,0.02289213030231901,318.74,295.25842696629206,317.86345381526104,296.69354838709677,6.975535710702168,6.5133880321827515,6.916781552830335,6.558283929327302,6153.816399999996,4202.337709885149,6284.294608151482,4044.7179153659526,3895.3531000000003,3561.0591465723955,3914.6901179013257,3697.50071540062
59,1,447,576,76,76,52,52,63.899328859060404,63.74720357941835,1.033254938524917,460,0.2909218286776288,23.85661494212072,1,0.7760416666666666,0.9678153597093937,24.414890360816486,24.041630560342615,11.40175425099138,4.258846855498227,3.605551275463989,22.360679774997898,23.358868866711006,-57.23986771300139,76.18376618407356,0.9717391304347827,0.9626053338770789,0.03233162635058506,0.031018018729852798,0.01944980297841277,0.0236791267075272,0.02074128959901945,0.020815032544709417,0.010516309416760284,0.010407242059266127,0.013057669667813718,0.013624540831690546,0.015497952466478246,0.010536889221170711,0.0019221557792566222,0.0020958492291021343,0.004010760442033429,0.004094865893433354,0.009839291246256971,0.012186178686749009,0.0011807183562505868,0.0032533766684714705,0.0034552163775770956,0.004183851347433005,0.000533407182276008,0.005621079573260971,0.0013026940337746706,0.008974868863154298,0.010841554196497507,0.0027998846277970777,0.004588070786082049,1,18.91503155231476,243.08495926856995,0.3464052081108093,0.16013073921203613,0.25587111356164116,0.3202614188194275,1.0,0.29100048542022705,0.5438142265516106,0.4803921580314636,0.2679738402366638,0.2679738402366638,0.015040663794086204,0.22864314764716415,0.7058823108673096,64.07711336829709,63.931221771537345,0.0,63.899328859060404,63.74720357941835,0,63.0,65.0,0.0,1,1,0.10518391410816562,0.2962733965415615,0.3307969423366506,0.2677457470136223,1.8083542156288406,1.5580495088715038,1.0268488418366855,0.6233455672660891,0.006426281102226803,0.04318733661922737,0.06428188735226076,0.04135885900243952,0.00250443493686737,0.003433963390964198,0.0025208557283229118,0.003248409353271229,9212.285714285714,9990.841530054644,9185.400778210116,10957.248704663212,-0.18943815282992135,-0.40741801521586424,-0.17618120604431736,-0.45953669995046026,6.64193775292609,6.527349994346238,6.670173638759154,6.608247177083922,3.010381361187873e-05,3.361453501406245e-05,2.750065846887822e-05,2.9939571967326304e-05,8.743547911196913,8.287531054119217,8.719594296258757,8.351473747090221,-0.44579822763126437,-0.533944011131407,-0.454908261605851,-0.5169696946757794,0.9966786445992417,0.9988045821582959,0.9970505714218251,0.9985187790585297,0.015377147127673955,0.035333254470970424,0.031918042073706535,0.02954508175809871,313.992277992278,292.81967213114757,313.011673151751,294.419689119171,7.12312094412467,6.598052759435745,7.14454485665112,6.826583785827018,6277.860944231608,4206.563110275005,6433.622431830925,4057.445622701285,3872.5366646293332,3549.3511600824168,3904.755802510259,3753.6735818411144
60,1,449,576,76,76,52,52,63.83073496659243,63.72383073496659,1.044532156357428,464,0.27992392380201647,23.90992587997897,1,0.7795138888888888,0.9573664093667315,24.433967445359876,24.041630560342615,11.40175425099138,4.25967231009007,3.605551275463989,22.360679774997898,23.457150830270983,-57.99739637524095,76.76955262170047,0.9676724137931034,0.9669741805536521,0.028091356285743274,0.027123728684581485,0.01832456603179535,0.019924234442875045,0.024077496072563098,0.017815583589997568,0.009263811457852142,0.014725730132640412,0.010133024335745868,0.015417229724129127,0.012051511561254063,0.008751811239610021,0.0005453994475461305,0.00599417236308063,0.0032548993655282005,0.0029773384542353346,0.00933130043671827,0.00916117761193008,0.0026203793047538167,0.002868802922991625,0.005091184255203256,0.0033966252389142815,0.001111744914822389,0.004692003929660961,0.003460916404474996,0.0071294372079506495,0.008817334658004437,0.0009305319112644419,0.005678802252643321,1,19.34640407562256,244.2352860569954,0.3529411554336548,0.1568627655506134,0.2906618990117317,0.32679736614227295,1.0,0.2931273344791297,0.543953866496649,0.4771241843700409,0.26143789291381836,0.26143789291381836,0.015359473016245977,0.2283125707367363,0.7058823108673096,64.02226504255248,63.942464148560774,0.0,63.83073496659243,63.72383073496659,0,66.0,64.0,0.0,1,1,0.10492935487060343,0.29808927949435066,0.32653606959658354,0.27044529603846235,1.8120492437269522,1.5563033313135266,1.0252775891529085,0.6259275150580904,0.008361343998324318,0.037777261517916876,0.07160231844441646,0.046384639265966456,0.002610946745562131,0.0031506532547115273,0.002599002463794243,0.003215006908279307,9216.076923076924,10024.74731182796,9258.926356589147,10785.974226804123,-0.1893650739881626,-0.4017445551323998,-0.18576005414786773,-0.4546966822697657,6.672029617161877,6.623336969489183,6.671076226786171,6.524817867804196,3.0160034901997046e-05,3.0357033575955317e-05,3.0162722565406976e-05,3.4145371847267244e-05,8.688619976448386,8.367115800355345,8.704949929808317,8.37174447875161,-0.45648244874496735,-0.5046934906751948,-0.45370248331946506,-0.5082747336446385,0.9970644256985592,0.9982363616946854,0.9969721676636198,0.9983339732008972,0.006605523367560562,0.019535726656667647,0.02579895758111874,0.03495778589566441,314.41538461538465,292.1881720430108,313.5542635658915,294.27319587628864,7.038953041839791,6.731749856781551,7.086391887021717,6.752604613089472,6281.396686390508,4278.496849346717,6357.93697794601,4043.198559889468,3874.368402366861,3575.8110402936727,3904.215833633796,3707.2931966733922
61,1,470,625,76,77,51,52,63.725531914893615,63.785106382978725,1.0570134492636494,487,0.24279718835200764,24.462677409178383,1,0.752,0.9460617560700227,24.88342639509164,24.73863375370596,11.661903789690601,4.334744299144619,4.0,23.070460633592774,24.138841414936387,-57.77053298393965,79.01219330881976,0.9650924024640657,0.9590257581934644,0.029991274773943987,0.03355924509389671,0.013505595599487174,0.022392500578689876,0.028127570279591164,0.021545101333177226,0.006631306997830602,0.018311642307915554,0.013526886876807634,0.018123121270075915,0.0059432952050231976,0.009019143819253417,0.0021360735137091183,0.008024177838406341,0.006648772214167897,0.006744039086018396,0.010768724004497935,0.00807477191045765,0.0031913166541380563,0.0007542437789564383,0.0033054162697724273,0.0017676054197941471,0.0014916951766843825,0.005824803133515378,0.0031984604094497746,0.0077193699029994714,0.009982014574223453,0.009889559790246256,0.0061486831405403695,1,19.230262875556946,251.9868387579918,0.32894736528396606,0.16447365283966064,0.2994030988243779,0.31578946113586426,1.0,0.28701884888890966,0.5361422101233868,0.46710526943206787,0.2631579041481018,0.2631579041481018,0.012750765803529426,0.22946299032952774,0.7105262875556946,63.9269489852158,64.00663150428208,0.0,63.725531914893615,63.785106382978725,0,64.0,66.0,0.0,1,1,0.109106575145076,0.29429272656465805,0.3275546966150178,0.2690460016752481,1.8314317970780545,1.5717906986976036,1.0195411086692598,0.6229143881151061,0.009096659229881005,0.038563258582317274,0.07709350613553485,0.05028924351090139,0.002566425120772947,0.0030197272344743946,0.0023038752362948963,0.0031739363812457702,9201.583333333332,10350.50248756219,9100.057971014492,10876.101449275362,-0.17418432727390315,-0.3972654601546395,-0.14602493953464957,-0.4451010563033456,6.661688362999772,6.6702920695515235,6.774978943014775,6.567535660425381,2.945673813766803e-05,2.8927153117149015e-05,2.6995332970686306e-05,3.497210897479375e-05,8.737929483897211,8.455705111544646,8.841296603509463,8.42049287535282,-0.4427795529789183,-0.4899831726644388,-0.4227483634963151,-0.5045018309059899,0.9965191726809994,0.9979288889806537,0.995618625204075,0.9982939079995733,0.022986964985686323,0.01048907422331638,0.019415147317231502,0.05142205461464909,310.84420289855075,290.72139303482584,309.34782608695656,292.71014492753625,7.090476792361238,6.729993562088837,7.171540670373835,6.724682158072632,6471.566306973313,4464.867651790817,6781.023944549452,4176.273471959663,3918.287410076664,3703.842534838248,3970.270478890987,3763.0937303087558
62,1,474,625,76,77,51,52,63.664556962025316,63.81645569620253,1.0480935045441249,490,0.2695760307729349,24.566553364370574,1,0.7584,0.9541133454833846,25.065416694499834,24.73863375370596,11.661903789690601,4.367637425973085,4.0,23.15230899423869,24.13747262558205,-52.51212971959498,79.01219330881976,0.9673469387755103,0.9671876795397917,0.02776556473559569,0.027148753393813268,0.01697744758671496,0.020951634663187186,0.02193079080167166,0.017890805677083673,0.01001055431835779,0.016610021376794928,0.012792718478714259,0.015073422393582916,0.007868995886168868,0.008060475922288762,0.004023082484103008,0.00860097247709994,0.00588586229180517,0.0064339146974907455,0.010565130116967542,0.006642667817562425,0.005352899874812322,0.00010874976993251008,0.0029153171572930455,0.003407805168287346,0.0013933514788647403,0.004410366851274549,0.0036794805861154302,0.008992472662624044,0.009549179738088729,0.010098093228860228,0.007359827269764561,1,19.26315748691559,254.63157731294632,0.32894736528396606,0.15789476037025452,0.2914614863466551,0.32894736528396606,1.0,0.2875098132375461,0.5371974204914479,0.46710526943206787,0.25,0.25,0.014512682348755723,0.23028085917926983,0.7039473652839661,63.860221169179646,64.03247726008463,0.0,63.664556962025316,63.81645569620253,0,64.0,63.0,0.0,1,1,0.11202976586070013,0.28916908082533654,0.3273563444830339,0.2714448088309294,1.8311072075162642,1.5754729231173488,1.0208349163484076,0.6245865989604877,0.006504402043901781,0.033753815979486415,0.07574542284083134,0.048018508374818664,0.0023660714285714283,0.003345260268601118,0.0024681122448979593,0.003391657869320097,9079.457142857142,10506.118811881188,9143.342857142856,11063.63981042654,-0.15363653837638622,-0.40970017255302016,-0.14846578185069528,-0.43907404797448035,6.683794904741202,6.562679398675117,6.623841056729259,6.441640556082126,2.808862802933674e-05,3.1458444542048574e-05,3.127740353954082e-05,3.9227436538901594e-05,8.817623507993213,8.345020084204814,8.778267972248022,8.328803276333643,-0.3923922127377482,-0.46564726563439995,-0.3978772152672703,-0.46676327972520143,0.9932231590502243,0.9968384066918097,0.9935906262009149,0.9968572277696339,0.015195496792429118,0.009480665415112995,0.01507788015214172,0.04626722658004156,310.8785714285714,292.19801980198025,309.8142857142857,294.41706161137444,7.122758709814719,6.715619264960171,6.995648999094714,6.6859480206396364,6661.128112244929,4399.3469267718465,6779.365510204108,4312.41373733744,3935.1463137755054,3726.3664346632686,3980.6770918367365,3844.0133869409947
63,1,479,625,76,77,51,52,63.5678496868476,63.86638830897704,1.0371530713025365,492,0.2970558766820372,24.695783889727878,1,0.7664,0.9641778322500872,25.303647240656037,24.73863375370596,11.661903789690601,4.38821917460934,4.0,23.15230899423869,24.161443075703584,-57.48617564614147,79.01219330881975,0.9735772357723578,0.9763368134498257,0.02443678253449819,0.01853019154497668,0.021466045895467852,0.017686250151687993,0.026319881713180858,0.01022769040215806,0.013767502182425532,0.013640697094177518,0.009446132917637818,0.018884664646824367,0.004122335651338965,0.001612385997631944,0.00624686437535016,0.006471248531815314,0.006292269364596809,0.0025338414389924,0.013509588019627696,0.008820578801133,0.00674658103167839,0.005027959731452822,0.0015752890119611,0.003362239364638647,0.0006976950849435966,0.0019359175194616602,0.0014161339368423482,0.01145412595633475,0.01245433807281406,0.011787625600715803,0.007575574625312992,1,19.328946977853775,257.2434192597866,0.33388157933950424,0.15789476037025452,0.2915432149378998,0.32894736528396606,1.0,0.28849174593811605,0.5370426289348363,0.4736842215061188,0.25,0.25,0.01500462327752193,0.22945267824382667,0.7039473652839661,63.771028874126515,64.07547122083979,0.0,63.5678496868476,63.86638830897704,0,63.0,63.0,0.0,1,1,0.11073885744576425,0.28684688582033396,0.3346205973622826,0.2677936593716192,1.8291004385007201,1.5793064173326414,1.0209125231626324,0.6226852565000268,0.008191472572916646,0.03200352609902986,0.07767694566233652,0.04690317661759714,0.0023680817298155133,0.0030458060678167755,0.0024098190762776414,0.002979252400548696,9005.140845070422,10244.180487804879,9103.787985865725,10958.064814814814,-0.15451196046874494,-0.3890011078652839,-0.14752673098398855,-0.43355576566007453,6.741884445879633,6.709075450691353,6.797852757264909,6.656869983809688,2.668244903509968e-05,2.7033745143329862e-05,2.527229198483484e-05,2.911519284765089e-05,8.84506639762799,8.450211806822518,8.816833375302492,8.48514369426305,-0.41467871467824996,-0.4799292011548802,-0.4265527216300739,-0.478607158293027,0.9950973055344173,0.9975894041084283,0.9957947872680906,0.9975958043695147,0.012928054593382502,0.01949959358871038,0.022669975353820045,0.03329278992877062,311.3239436619718,291.96585365853656,309.79505300353355,293.824074074074,7.188929557694518,6.733687068045581,7.208499398284571,6.803198208401253,6594.768299940508,4506.247614515174,6763.011000262224,4329.8857167352835,3899.9772862527316,3687.6070255800114,3966.6997465319837,3821.9876328875253
64,1,483,625,76,77,51,52,63.49896480331263,63.91304347826087,1.028563811912868,495,0.30905659136613217,24.798683434954437,1,0.7728,0.9722294216634488,25.464224406411983,25.079872407968907,11.661903789690601,4.410824417308295,4.0,23.15230899423869,24.21758891221688,-57.369056169189136,79.01219330881976,0.9757575757575757,0.9669876359604883,0.024971204632376235,0.026918707141353564,0.021229777820808177,0.017121710534249233,0.026318003707891037,0.017201858354347593,0.012586900347733878,0.01780357015447884,0.00774227306242192,0.017112350823477084,0.005452160679218654,0.007409906910720018,0.004429065737868984,0.00914521518955689,0.0009508826626257896,0.000870868020359679,0.010140777240265247,0.009214429558799198,0.005413418721897105,0.0003047851756575634,0.000544209891182773,0.003916260060371772,0.004464551191336902,0.0046588255614748,0.004031884398333461,0.006947061342316833,0.01121506178474083,0.009540584210668328,0.004586148649092052,1,18.95454517006874,255.45454305410385,0.3246753215789795,0.15259742736816406,0.2967284153969084,0.31168830394744873,1.0,0.2829036592547573,0.5288913934867575,0.4610389769077301,0.2532467544078827,0.2532467544078827,0.012554523424326383,0.22595532696467047,0.6883116960525513,63.69966955338622,64.13159634555356,0.0,63.49896480331263,63.91304347826087,0,63.0,65.0,0.0,1,1,0.11087951251025777,0.28629893456554134,0.33627351412079864,0.2665480388034022,1.8467173980156657,1.5713907431267762,1.0215101089329914,0.6219454238746049,0.009089316350215839,0.034139144518225306,0.07823555598108732,0.047068006696959715,0.002731610193155192,0.0034208579881656806,0.0025546321945213914,0.0032213673609807958,8781.895470383275,9884.504807692309,8820.543859649122,10735.03196347032,-0.15618560124329875,-0.37808106526038215,-0.14800328750485162,-0.44120616174428373,6.715875221704184,6.633004444407009,6.832675283304028,6.669228611875496,2.8513367331288924e-05,3.1149598973742603e-05,2.5282531343778854e-05,2.7989240586589885e-05,8.757679390156778,8.353013456090657,8.77273441435182,8.428785061834883,-0.3918855234824393,-0.46100867130642675,-0.3951164844606485,-0.45468132689660873,0.99297296190381,0.9966399437190074,0.9933253257254971,0.9964874618171431,0.02768802420521729,0.016602735568954485,0.01762609094923492,0.032325763137405907,306.8501742160279,287.42788461538464,305.79298245614035,290.0913242009132,7.205893980575735,6.857059054667238,7.18513784599207,6.881809235446017,6409.256297879052,4460.812107063597,6546.2132840873965,4162.256500072966,3797.787942065577,3586.329228688988,3841.6892859341388,3724.322115885825
65,1,534,702,77,77,50,51,63.46816479400749,63.554307116104866,1.07698913278531,555,0.34724675684128065,26.075082298788182,1,0.7606837606837606,0.9285144757345872,26.995836355962542,26.40075756488817,12.165525060596439,4.533504680293468,4.0,24.37927514516733,25.315987898287574,-62.24814925516017,85.01219330881976,0.9621621621621622,0.9535426115766287,0.04180234729027812,0.03404468242325064,0.027546552913969735,0.0260747177923998,0.02867580008339918,0.016393735516359368,0.010798180982458456,0.016334412358079232,0.010061693039841411,0.015029380809008912,0.009895714270235693,0.0023109864395490063,0.0026765412535173527,0.0017866927467061092,0.0032575217648759245,0.0013458923654995742,0.009589150992010203,0.008876249206203762,0.004564286675149091,0.003929192413249253,0.006395723576626573,0.003681212646380148,0.006985518965609319,0.004278631012860271,0.001548526333131001,0.007290003458623162,0.01083589355828862,0.006376553551046205,0.0008594808325634001,1,20.026315569877625,273.89473339915276,0.31578946113586426,0.15131577849388123,0.4348320941326208,0.30263158679008484,1.0,0.2743330899983236,0.5129114857662037,0.44736841320991516,0.2565789520740509,0.2565789520740509,0.012304946904457607,0.22919680287606176,0.684210479259491,63.64705034829462,63.950638932333575,0.0,63.46816479400749,63.554307116104866,0,66.0,64.0,0.0,1,1,0.11140469057099357,0.2882638352061303,0.33517486624808446,0.2651566079747917,1.9190356375777529,1.603467583334098,1.011205528680661,0.6156244724284291,0.009443061021717965,0.04969822619348073,0.09639089196616134,0.05776960149332461,0.0022122248661511,0.002531795627360328,0.0023100518213686936,0.0026758938869665514,8582.981707317073,10310.53497942387,8621.95061728395,11304.95294117647,-0.0935932504139465,-0.3526421497938013,-0.08771129156603866,-0.4187302407493169,6.7120624596217855,6.747309160054643,6.750798924742132,6.804116258850804,2.882013996040303e-05,2.7012777771824052e-05,2.7682573725184802e-05,2.456964231004902e-05,8.962585922235053,8.704607668197028,8.948958828527388,8.692885582031693,-0.39455111765090484,-0.4292621419446052,-0.3939151479657927,-0.42648953505047305,0.9938746868648403,0.9956981284471847,0.9937785383589942,0.9954978087961491,0.017477636662578178,0.022959886617683813,0.024011854739434048,0.019434208517251132,298.7865853658537,282.7078189300412,297.8024691358025,287.11764705882354,7.2797761497642615,6.999162491231754,7.213860729871783,6.976955607561186,7113.862990779293,4934.494877135934,7231.430117360156,4631.766551326393,3924.211174524098,3811.2574641399515,3963.3451836610257,3984.1798731257186
66,1,498,650,76,77,51,51,63.497991967871485,63.738955823293175,1.0487248861432954,512,0.3510251041438578,25.180812005932435,1,0.7661538461538462,0.953538924471906,26.084845167383108,25.942243542145693,12.0,4.457899939471638,4.0,23.25510696599781,24.424963387836126,-54.32432761629766,81.01219330881976,0.97265625,0.9329135860207028,0.03557841463679287,0.05420259340481101,0.028375185220860227,0.02296918290838537,0.030400054271666564,0.03453915884239926,0.013883279076711209,0.010917884051937589,0.011696675520615485,0.014648353856175427,0.009889866046710416,0.01634724333879103,0.004211668194813253,0.0025994416686253735,0.007623822180540194,0.009073236995084286,0.006522382777549908,0.012324928268872217,0.002558302934895347,0.005112893359029218,0.005813532566875057,0.005101135996259528,0.0027401234901551713,0.006529367879887176,0.007389540554720333,0.006777606532235572,0.010471514873089642,0.0019344126929083305,0.0018560761997242089,1,19.339868128299713,260.79084011912346,0.32679736614227295,0.1568627655506134,0.38656683313147017,0.3071895241737366,1.0,0.2802879438884016,0.5236763857813724,0.4575163424015045,0.2549019455909729,0.2549019455909729,0.012664691800478925,0.22776183468598582,0.6928104162216187,63.68762687306674,64.0758126463039,0.0,63.497991967871485,63.738955823293175,0,66.0,66.0,0.0,1,1,0.10914513832819023,0.29693491783346143,0.32375128156358624,0.2701686622747621,1.8742854788771905,1.5731232880964217,1.0140134479161373,0.6228888602445901,0.0102304776239269,0.04969895389908642,0.10346445694438774,0.05780262599046346,0.0025558998221496404,0.00319091400757166,0.0023534975901986395,0.0031190926275992442,8615.438127090301,10150.586046511628,8811.979865771813,11298.93043478261,-0.11441751340495612,-0.38098509512969214,-0.1255960880910565,-0.4578438251487941,6.658210049659138,6.656995058670407,6.728345692223759,6.654392211746362,2.9352359023091885e-05,2.910640834150216e-05,2.7760810279871962e-05,2.9637241183246688e-05,8.7639719918515,8.464380989084093,8.848264745250816,8.46829488789149,-0.3782465564899163,-0.4347849357471176,-0.36465037066341527,-0.4299324173869514,0.991578979054493,0.9954532257246536,0.9902866301079251,0.9951485304902901,0.02542398133785809,0.023351423750373215,0.017683228224168564,0.021354475978061564,303.39799331103677,287.12558139534883,302.38926174496646,290.2782608695652,7.099064781189909,6.874177021690693,7.198945242151121,6.70169910096913,6846.3399290835805,4549.914461871274,6845.46592495832,4201.948657845001,3865.444514043469,3675.125127095729,3914.3614476825423,3875.219773156903
67,1,490,625,76,77,51,52,63.41428571428571,63.861224489795916,1.028959180370514,502,0.28641753054051033,24.977737626138797,1,0.784,0.9718558511134657,25.571766599806914,25.495097567963924,11.661903789690601,4.422954925083492,4.0,23.425953148140557,24.50043486485153,-60.38232814167542,79.59797974644665,0.9760956175298805,0.9468958947070151,0.027587279710295867,0.04420579566072335,0.01850534973296499,0.017417561147007887,0.026981587423688246,0.030517156319602643,0.007276250811125898,0.019904087372281585,0.007203087303105281,0.015505190771452206,0.006872159829152023,0.0175549474482448,0.0021546882280833912,0.008955659497561467,0.0049847191169914845,0.005480844330070381,0.008903299829737938,0.007941441251893423,0.004423506841923715,0.00893844344126933,0.0064056715638946445,0.003516191495672449,0.0022192815396747828,0.007952361608647303,0.006614827021679794,0.006424988131641854,0.007733665565367442,0.007857018552410971,0.006479623814984648,1,19.374999523162842,259.15789142251015,0.32236841320991516,0.14473682641983032,0.4027588581298752,0.31578946113586426,1.0,0.28492646357592416,0.5288936559643064,0.44736841320991516,0.2565789520740509,0.2565789520740509,0.012526314049583044,0.2293993262884349,0.6973683834075928,63.65487917651111,64.18422523861312,0.0,63.41428571428571,63.861224489795916,0,62.0,63.0,0.0,1,1,0.11007311323195822,0.28988119394845396,0.3319963463752825,0.2680493464443053,1.8598560511606663,1.5782420559415806,1.016738810774302,0.6224842642545475,0.00581444526787279,0.047777940403403565,0.10783002425652354,0.06162008768172002,0.0025509007318446236,0.003122543453576731,0.0023721759809750293,0.0027649862253413503,8863.886986301368,10209.869158878504,9170.98275862069,10926.569506726457,-0.1312366995396005,-0.379175648330102,-0.1535143165982241,-0.4259793479838067,6.728940200068745,6.591102194322991,6.916267722844036,6.74236909953621,2.6065069775931224e-05,3.0630862872166774e-05,2.162066991490785e-05,2.5980352082505937e-05,8.78564801775449,8.428291519070987,8.82980796928052,8.57888297164978,-0.4032105639647879,-0.466659971545375,-0.39567544463888743,-0.439946666936776,0.9940666242723243,0.9970378306730078,0.9935606202583871,0.9960331369150424,0.021971982545488062,0.024151111606920923,0.007061553378760315,0.007803659629399873,307.1404109589041,288.411214953271,306.5,289.8340807174888,7.269935774470443,6.816638000428085,7.20154032957921,6.925749606215947,6807.257682022901,4595.886977028567,6729.960344827588,4398.434354199766,3917.7861670810635,3701.4390339767633,3975.235775862071,3831.250965231564
68,1,514,702,77,77,50,51,63.461089494163424,63.68677042801556,1.073114184338929,534,0.3488152752216689,25.582125126616702,1,0.7321937321937322,0.9318672836442196,26.48424378079513,26.076809620810597,12.041594578792296,4.470885498373893,4.0,24.009801919951236,24.820808100180606,-58.0151045133309,83.25483399593904,0.9625468164794008,0.943575208357133,0.041677597655648636,0.0437110957456158,0.027214969588711974,0.026342956207978517,0.02752639730715529,0.025007202780170025,0.01155173601783751,0.01514459463129652,0.010409740719976447,0.015556862824003932,0.003906298525458773,0.008845933369394324,0.0017898140307682755,0.005075185276364249,0.0031464592777131145,0.002941766765122412,0.011111905779790963,0.005322993395585891,0.003997414203368507,3.350638957056033e-05,0.0054236645772861225,0.006212305636432673,0.007195459241478414,0.0007688355370234234,0.003729192727070212,0.008558643862565479,0.005583508446310815,0.004358690536982128,0.004389875087612195,1,19.243420839309692,264.289469152689,0.30921050906181335,0.1381579041481018,0.4809173595089466,0.31578946113586426,1.0,0.2749060119901385,0.5141818466005622,0.42763158679008484,0.25,0.25,0.014915206270507013,0.23254181661327814,0.684210479259491,63.672831822714166,64.11856516278773,0.0,63.461089494163424,63.68677042801556,0,63.0,65.0,0.0,1,1,0.10748780584741438,0.300084636972638,0.32418101896342183,0.2682465382165258,1.9051286967438197,1.606703160457664,1.0098729924072647,0.615530002871849,0.013744824107598145,0.06543404077052853,0.13232281893924783,0.07245196184903885,0.002213798487836949,0.0027745466333593946,0.002066115702479339,0.0026842114176362005,8850.205128205127,10281.50655021834,9235.766233766237,11644.975308641977,-0.09349477215278203,-0.3355325142725062,-0.13092493962173485,-0.4353124679118835,6.839721833418698,6.697011021765157,6.805482484250094,6.7192724975348606,2.4468235715606502e-05,2.6976174992342584e-05,2.493032377271674e-05,2.64835562778106e-05,8.955148693165748,8.590210119936883,9.019174000089414,8.651029273099688,-0.4200807357787472,-0.48184596999241874,-0.4051951794735717,-0.4765279579912636,0.995717109281631,0.9978557328529676,0.9948749742529132,0.997765981648342,0.025915139025287148,0.01891311732709605,0.0043604133892757215,0.0076856028033716285,299.4423076923077,281.98689956331873,299.4805194805195,285.04115226337456,7.326435502473212,6.92023991031871,7.384148107105834,6.901486205250233,7336.804363905336,5115.357906981182,7097.35351661325,4581.422174803942,4046.752373027619,3849.216114299881,4083.279937594867,4056.599370861484
69,1,511,702,77,77,50,51,63.46966731898239,63.85909980430528,1.0946573635881225,535,0.3186893730240473,25.507359866510456,1,0.7279202279202279,0.9135278611036334,26.248855258240297,26.1725046566048,12.041594578792296,4.457692008880086,4.0,23.85210843768485,24.880219229799497,-61.964269004474005,83.84062043356595,0.9551401869158879,0.9376010943660272,0.04169747890296888,0.05015270984018309,0.02181869458757065,0.026914022454892758,0.020928702967783947,0.03172700883082035,0.007797467684809332,0.017311193220174045,0.010935337395150561,0.008648940402675918,0.0036086248513735528,0.015057613265866299,0.004036051244024505,0.004838309610054722,0.00801468084959247,0.002430060037940428,0.005005175605563143,0.004299045245078155,0.004872784729891729,0.004975245179107416,0.007613032324414977,0.002275609216605817,0.01086035883610103,0.005209900856338753,0.004579038351518853,0.0036019126283948536,0.004556620216978445,0.0024078631930734705,0.0016511205122718099,1,19.453947126865387,262.4736804366112,0.30921050906181335,0.14144738018512726,0.4482588073871602,0.31578946113586426,1.0,0.2739992553079632,0.5136471241420962,0.4309210628271103,0.25,0.25,0.013927568925295876,0.23273218630610945,0.6776315569877625,63.685858232801074,64.25177963213248,0.0,63.46966731898239,63.85909980430528,0,66.0,64.0,0.0,1,1,0.10828153377909644,0.30155905499466373,0.32371666153102047,0.26644274969521936,1.9079953021075196,1.6051737198153437,1.0086537441606789,0.6132984013254821,0.0077085224818924025,0.06586777905621145,0.12277503287064478,0.061067506024221146,0.002242455775234132,0.0028031502068991817,0.0022993853878116345,0.002751736111111111,9037.687096774192,10446.847161572052,9331.667763157893,11487.795833333334,-0.11118879571475389,-0.34742331080145616,-0.14666243291042608,-0.42353177500582784,6.811209910548537,6.724480428120847,6.803981822839709,6.679050766572087,2.5388973684638405e-05,2.6678221101303127e-05,2.4050556721779776e-05,2.8279622395833336e-05,8.909900776200105,8.574968962750537,8.886763080813743,8.618287835164807,-0.4044051251799475,-0.4505969595698322,-0.40855819609237437,-0.4494191563703799,0.9945210981440182,0.9965829489038304,0.9947702137128226,0.9966112262922909,0.027987485104793368,0.021768705827362976,0.005613712551650059,0.021803689757087134,299.73870967741937,281.7292576419213,300.35197368421046,283.72916666666663,7.330731119808734,6.918760886617237,7.243530865414649,6.894923147466489,7229.01237252861,5059.559886348507,6944.557035578284,4652.055815972228,4066.6748673256952,3876.6017619801314,4069.056199684037,4034.962912326395
70,1,487,625,76,77,51,52,63.4476386036961,63.91170431211499,1.0201156491866843,497,0.29687418731850496,24.901157769991823,1,0.7792,0.9802810110768108,25.52559580000141,25.298221281347036,11.661903789690601,4.42382239989494,4.0,23.29740824145962,24.374815207083618,-58.49450955914878,79.01219330881976,0.9798792756539235,0.961307338391339,0.03038160203711729,0.031137712624924034,0.020521100510798383,0.021060830690076422,0.028015244497167958,0.019368447894064354,0.010824407820080503,0.017037566389165995,0.010368279476005476,0.017811694357366386,0.00762702154859351,0.008016265398675346,0.0023657812642329137,0.006321637600081126,0.0056506594405833065,0.0027066846434200174,0.01146299034676275,0.010376468398045484,0.003864038496866624,0.0003826617380474664,0.0019447170265052762,0.0020708593970803885,0.0008981996378879816,0.0070830418550840175,0.002280396093893423,0.009083035963720515,0.010286680607383802,0.008507793561969129,0.0022181748883328225,1,18.71241720020771,253.03267048299313,0.31372547149658203,0.15032681822776794,0.48063910891850936,0.31372547149658203,1.0,0.27928980895832406,0.5195742720390003,0.45098039507865906,0.24836601316928864,0.24836601316928864,0.013341386649307488,0.23073376524677625,0.6862744688987732,63.70062510334539,64.32037506469851,0.0,63.4476386036961,63.91170431211499,0,63.0,66.0,0.0,1,1,0.11179418723998771,0.290463402165872,0.3314046561865708,0.26633775440756946,1.877371351237028,1.5893896275817923,1.0087129222678741,0.6206051980693122,0.012902274380627415,0.06909590436596909,0.1377622736769797,0.07487050151546613,0.0025801894134409305,0.0031261124955500176,0.00243416819434496,0.0031247463679896113,8905.297577854672,10143.150943396226,9441.19512195122,11218.657657657655,-0.12114289451589835,-0.3595070179170818,-0.17189381860376562,-0.43912582535470635,6.616322366778736,6.4971509550871165,6.699881875133512,6.559685123572528,3.062226181093303e-05,3.602030269613296e-05,2.794428187438159e-05,3.3882412950323633e-05,8.738804229153592,8.429502235192961,8.809944198519148,8.441872341546095,-0.3780155239477766,-0.4275440217004384,-0.36758331710298753,-0.42134751131993775,0.9914527939449377,0.9948793527149982,0.9904954432493693,0.9944652153281236,0.024841550692107722,0.03021838472254718,0.02375787933556572,0.02306179895837852,302.5432525951557,283.15094339622635,302.05923344947735,284.19819819819816,7.090940736360451,6.794182232791771,7.08956359051332,6.79877253987714,6980.808682846226,4778.656461374194,6671.519139482087,4372.276032789567,3971.526565175227,3730.4518511926035,4028.1785653583283,3897.7334226118
71,1,479,650,77,77,51,52,63.41753653444676,64.08768267223383,1.0590157737843262,495,0.3013086323253762,24.695783889727878,1,0.7369230769230769,0.9442729983393572,25.341161762529385,25.317977802344327,11.40175425099138,4.353229947467694,4.0,23.020058143347008,24.163473558592937,-69.6736109028096,79.84062043356595,0.9676767676767677,0.931080354365573,0.04043116071569556,0.05669098965522458,0.019046064973867297,0.026599483852209817,0.020438849354724793,0.03823986087108825,0.006349255276161231,0.018156864047954354,0.012662041675917689,0.007586561765567501,0.010485688074229454,0.02134927924040087,0.005148905060238681,0.006080272694589897,0.005360498388876895,0.006952746302739628,0.004020673898623329,0.012475148821123026,0.0027671747328214843,0.010661847652867172,0.00762937248440749,0.003113796680131162,0.004094450708356726,0.0012158682011223713,0.006457326508086368,0.003927471443819043,0.011708534863677563,0.004179255603006054,0.0004603493502143121,1,18.692809343338013,250.013062864542,0.3202614188194275,0.15032681822776794,0.4563490277330032,0.3202614188194275,1.0,0.2789971543781793,0.5219479391744092,0.4444444477558136,0.2549019455909729,0.2549019455909729,0.013179197633185747,0.23186823084049274,0.7058823108673096,63.699152989072715,64.44677403609094,0.0,63.41753653444676,64.08768267223383,0,66.0,67.0,0.0,1,1,0.11311827258326007,0.2888999293148139,0.32910697279203016,0.2688748253098958,1.8684018126683233,1.5906099556528241,1.0170467094669828,0.6191876986703847,0.012349515881025248,0.06751651872012714,0.12977367648207935,0.07395123214938716,0.0025168617337829797,0.0029188892195691494,0.0023420112830598834,0.0029149519890260623,9245.091549295776,10050.373205741627,9657.676258992804,11124.462962962964,-0.14951179022984493,-0.3479701880731482,-0.18293559718378483,-0.4290050465491434,6.583580809006597,6.675483491123518,6.719562779656932,6.539532122846973,3.200985803133059e-05,2.9007453697510075e-05,2.831022263461712e-05,3.3971213509516454e-05,8.764943554310513,8.499178390433388,8.834698087080868,8.50715706232862,-0.41430351388444553,-0.4588771090680344,-0.3969189483271615,-0.45712767471518817,0.9948600014068585,0.9968264535474918,0.9936853575861148,0.9967613145257785,0.013416663489111198,0.028775044614136654,0.024685020328430885,0.025894942588835148,304.53521126760563,282.78468899521533,304.47482014388487,283.4259259259259,7.186500135385037,6.85670025179781,7.166756214746146,6.839666018325262,6840.157210870864,4861.489526338657,6670.645049428102,4445.059327846349,4021.312190041659,3727.965683020073,4082.080327105228,3892.380572702339
72,1,506,702,77,77,50,51,63.452569169960476,63.90909090909091,1.0747946285558945,525,0.3090669473908781,25.38226171238474,1,0.7207977207977208,0.9304103067053942,26.08552740410787,26.1725046566048,12.041594578792296,4.457352677756589,4.0,23.83076594248295,24.8083873939796,-74.1137306188224,82.66904755831213,0.9638095238095238,0.934017174009801,0.03742961343898744,0.05412182943820843,0.020857309474781493,0.02612698222666941,0.022850563324366815,0.03544196643114787,0.013277450418615713,0.019570351882230184,0.013956524541956707,0.008152764241796479,0.0037755267836378547,0.016992433929535918,0.009392299553564127,0.0064512703212855,0.004841426910481806,0.007038035414645211,0.002873574700892403,0.004707663828931434,0.005221710406560459,0.003946643737715897,0.008088053872660594,0.0005099957080181508,0.008341954694251325,0.0022960326902094798,0.005384141389500507,0.008046181654014488,0.004002625371974836,0.004385446188347986,0.0008508365308284973,1,18.686273470520973,255.6470497995615,0.3006535768508911,0.14379087090492249,0.543105926678922,0.31372547149658203,1.0,0.2708155575437822,0.5052313237145484,0.4248366057872772,0.24836601316928864,0.24836601316928864,0.014314277040226175,0.2321741576227507,0.6797385215759277,63.71682773414504,64.38357110767551,0.0,63.452569169960476,63.90909090909091,0,63.0,65.0,0.0,1,1,0.11062535560907345,0.2943703048309802,0.33236181275059284,0.2626425268093535,1.9302217220065845,1.601627680048127,1.0070363907293405,0.6124291178135153,0.015702911837349932,0.09081684511601154,0.15723442771666835,0.06948894570044128,0.0023335042077833315,0.0028374115112342257,0.002455229807272849,0.0030602082390221814,8973.169934640522,10386.32894736842,9509.886287625417,11093.12765957447,-0.10501413054228816,-0.34464164222312327,-0.16050057119406222,-0.40695368568499146,6.610482472352469,6.557787369652857,6.707503394113942,6.627426257454291,3.138125856875293e-05,3.223178496027623e-05,2.7692002874950368e-05,3.2769164762760304e-05,8.865167091030383,8.566335463678701,8.808400796249975,8.506839061539777,-0.3952419845754854,-0.45174422618576116,-0.40467324729878107,-0.46312718568688876,0.9936342996438805,0.99662163234594,0.9942524209919058,0.9970283195204604,0.03437641873074722,0.024248392317038542,0.03248727749964642,0.027247629932685778,295.4640522875817,276.95175438596493,295.69230769230774,276.4638297872341,7.1778680929438075,7.008098924315387,7.106856617818453,6.659469070732859,7267.653936520146,5062.142409202817,6879.396964239728,4675.87422363057,4060.205967790167,3862.117839142811,4097.3208129663,3942.2504708012675
73,1,478,650,77,77,51,52,63.45397489539749,64.2133891213389,1.061231287955423,496,0.3026874625712855,24.669991941291908,1,0.7353846153846154,0.9423016559628657,25.312946841944832,25.317977802344327,11.40175425099138,4.351643377003494,4.0,23.29740824145962,24.12551321099585,-72.20645596526012,79.84062043356595,0.9637096774193549,0.9394818920127057,0.02006637428329647,0.05256120157812336,0.018391457191272477,0.0123688740991375,0.017634128769766628,0.039596870034406664,0.011262308796807802,0.020983171030169823,0.0036037473843763108,0.009309495008417615,0.005645589943932045,0.025889029592126106,0.006088724930769179,0.01074624573203893,0.00011575755483171216,0.0031307193334986333,0.005241258344136137,0.002750166894523282,0.004224919915871649,0.014846268521611467,0.004659600227842406,0.004910373820627429,0.006177809922921418,0.0012052676711119276,0.005435200314045576,0.005612164363107939,0.002992106542963024,0.0012098804172255117,0.0022291903672326183,1,18.95333305001259,252.013329744339,0.3233333230018616,0.14666667580604553,0.4824094486297461,0.30666667222976685,1.0,0.2828855679106356,0.5272245392140983,0.4466666579246521,0.25333333015441895,0.25333333015441895,0.012991838726784232,0.23547782389644814,0.699999988079071,63.75120363605014,64.59335484592113,0.0,63.45397489539749,64.2133891213389,0,65.0,67.0,0.0,1,1,0.1134067003166789,0.28900587437698716,0.3295857340487176,0.26800169125761636,1.8692552672887006,1.5878713557724102,1.0163998766147544,0.6188638087977805,0.007734849378872469,0.08333145275557818,0.14493125748552785,0.0821443252650085,0.00246106923229518,0.003147821707378494,0.0025088297775287052,0.003180097349918875,9447.214788732394,10368.459330143542,10052.462093862816,11480.40465116279,-0.13555889927551326,-0.34077216489781953,-0.19265338171792362,-0.4363719017721963,6.744598882264025,6.591581067423566,6.824953632303999,6.585441207576202,2.6973034980348642e-05,3.204796330122794e-05,2.5825334932338982e-05,3.164156247887372e-05,8.78254918811333,8.42262336650994,8.749050649772458,8.423751512370096,-0.3868088268446834,-0.4613575172453714,-0.3914252380336663,-0.45839838024603957,0.9925620284752035,0.996793391071847,0.9928990038126221,0.9966577598310434,0.02454635297410629,0.027947922878283855,0.03911882195850494,0.025979320053296357,307.25,285.70334928229664,307.7184115523466,286.10697674418606,7.215372427428065,6.822512466976152,7.114950175224042,6.777568184792242,7191.666373239437,5097.94070648565,6804.844895671777,4504.876928069221,4159.720290492958,3866.600009157308,4214.326747383646,3996.3203948080118
74,1,517,702,77,77,50,51,63.40618955512573,63.969052224371374,1.0668872161512755,537,0.3265416720509462,25.65667251667837,1,0.7364672364672364,0.9373061977510925,26.43542703112723,26.476404589747453,12.041594578792296,4.503316511551429,4.0,24.06326121997059,24.986311094280428,-75.53158824262754,83.25483399593904,0.962756052141527,0.9363120798647006,0.03875970987257053,0.05201591809434391,0.0242164389880928,0.025928259111282572,0.017982062100059704,0.034058672817835624,0.016409898005951974,0.01876415538927072,0.012485357335784803,0.004874052248256796,0.005387913764158519,0.01695245130966242,0.014425647017661662,0.007424356838805212,0.005487547379206593,0.005952956227573312,0.0034678425531101957,0.0024084966302712453,0.007266921696076073,0.005262323714080314,0.0138211031492726,0.0028599996200798605,0.00829075581026017,0.0032559077857411633,0.005516658147659264,0.005927201478058042,0.002338713997725464,0.00810408322791871,0.004304765811731465,1,18.88666646182537,260.7866625934839,0.29999998211860657,0.13999998569488525,0.5927500381767888,0.3199999928474426,1.0,0.2698095208832196,0.5044229450550947,0.41999998688697815,0.23999999463558197,0.23999999463558197,0.014680577224499303,0.2372971667650197,0.6766666620969772,63.72112582530159,64.47121529896597,0.0,63.40618955512573,63.969052224371374,0,64.0,63.0,0.0,1,1,0.11352830129012796,0.29866046417901526,0.32522112313001333,0.26259011140084343,1.9564710588998644,1.6084110414640698,1.0008292896322428,0.6087851461624931,0.011249185643283019,0.09751252275373214,0.17773406898659933,0.07740620002733711,0.002523634033007531,0.003196016296966953,0.0025782766925909026,0.003166861420176463,9227.924050632912,10745.493617021275,9801.058631921826,11872.646090534981,-0.0905296419587802,-0.33129660079532514,-0.14589304427378566,-0.4137022214321546,6.871599955715029,6.5950448086269,6.72905522211558,6.654279930026714,2.2608239458570344e-05,3.220329785465708e-05,2.8715483874082883e-05,3.111424435042825e-05,8.798563214975378,8.472713316822102,8.761546667844453,8.503478849345477,-0.3652288934289417,-0.41051404874572084,-0.3596627934176752,-0.397219942053243,0.9901435693559424,0.9936952922390708,0.9892180443610321,0.9925853589169693,0.02562554465873367,0.030499860430121886,0.03314990832643958,0.03575483398614812,295.4050632911393,278.1914893617021,295.8208469055375,277.60905349794245,7.218191865438674,6.960782412465513,7.148464023196109,6.922438876948654,7695.8232655022875,5397.405885015862,7305.352268989576,4923.884197869542,4230.936829033813,4035.7248755092805,4276.602725227851,4199.132572101131
75,1,656,870,79,78,49,49,63.34146341463415,63.24237804878049,1.0604398962210555,675,0.3570765306520073,28.900607975374268,1,0.7540229885057471,0.9430048827506048,29.92410821313027,29.732137494637012,13.601470508735444,5.045155312748343,4.47213595499958,27.039572140447444,27.951365313731902,-68.94798568092784,93.49747468305833,0.9718518518518519,0.9432630874513401,0.043262976799016375,0.0462252991901408,0.028537206891418043,0.030631114186607356,0.005109684563050341,0.029801474170189187,0.016762065539354113,0.01294388336116328,0.01605417971769833,0.004841379144072208,0.007263338317344567,0.013831523545421541,0.006619316593733669,0.009123089776352716,0.004318852388572542,0.005040871711057887,0.01045635387734575,0.0031417427088196357,0.004189883472406557,0.0028598533341554753,0.0014893747777457703,0.008667011047876897,0.004103688210681738,0.002832685991728631,0.0019664911625732412,0.010814131768694116,0.005201350637846253,0.004693737792357283,0.0004218551212395555,1,18.94630853831768,294.85905599594116,0.268456369638443,0.0939597338438034,0.8643770437128986,0.268456369638443,1.0,0.23982669035845164,0.4494802682864957,0.34228187799453735,0.21476510167121887,0.21476510167121887,0.010927148439109259,0.23702639924857286,0.5973154306411743,63.65662130132508,64.04725268507757,0.0,63.34146341463415,63.24237804878049,0,66.0,65.0,0.0,1,1,0.12730459430547392,0.29694541670219654,0.31226384863715095,0.2634861403551786,2.1413285606253996,1.650815197937633,0.9662503995564664,0.6022540350975507,0.028674172338868424,0.16731544533583623,0.24114970539544828,0.07368891637740543,0.0017305926396835492,0.002272542813083354,0.0018509070294784585,0.0020214507668147954,8096.284382284382,11062.069069069068,8518.330952380953,12410.682080924855,0.05717008450167743,-0.2668004002542737,0.006387700853809871,-0.36854609828356766,6.8558612896597655,6.786281400675129,6.870375161209548,6.85437188000938,2.3561534941390443e-05,3.014838613071123e-05,2.455661626629819e-05,2.500577457143364e-05,9.34433608102373,8.932608284456194,9.236118047361064,9.064573025274566,-0.33451372898891285,-0.39967106033363137,-0.3591116950945095,-0.37271551251624835,0.9882142699048325,0.9942119682106821,0.9911860215135614,0.9921049300669644,0.029605871097667224,0.019585573077569748,0.024211322314548478,0.0342996666453387,264.34965034965035,256.5915915915916,263.9071428571429,259.7919075144508,7.536297264556412,7.109095850896477,7.418620295327372,7.151734581157829,9078.148140903388,6402.511881250597,8627.855663265276,5726.349761101286,4293.60813079694,4366.145237579924,4286.546653911562,4534.25796050654
76,1,691,928,80,78,48,49,63.28509406657019,63.03762662807525,1.0685583830415362,714,0.3864047633276193,29.661566469288122,1,0.7446120689655172,0.9358403021027338,30.92206213061858,31.144823004794873,13.892443989449804,5.164989392704723,4.47213595499958,27.72724292099739,28.52032427552384,-76.50171204642017,96.32590180780451,0.9677871148459384,0.9043938621881724,0.03372329674381295,0.07979364756600321,0.03049202353491512,0.021598020757958504,0.00827667913175055,0.05401549682989212,0.01986737446805304,0.015398061163562729,0.008457597085703128,0.004580044373483486,0.01252936415286162,0.027054486163566305,0.009399223634947999,0.008062198740079267,0.0038350233969540837,0.007444429786174709,0.0022850880245804243,0.002079045752343457,0.005475596025602682,0.00649761028324903,0.0025954340950090594,0.004011922820337011,0.0023083762480367374,0.004680000027492827,0.010733296015734445,0.002733144910209779,0.003104808973435132,0.0033604084633632745,0.0018313523205228358,1,18.175324842333794,291.62337540090084,0.2467532455921173,0.08441556990146637,0.9681494948940833,0.2467532455921173,1.0,0.22438672644856536,0.42203093400998676,0.31168830394744873,0.20779220759868622,0.20779220759868622,0.009517246939589056,0.22901314255943442,0.551948070526123,63.62289021562957,63.94493429703012,0.0,63.28509406657019,63.03762662807525,0,66.0,67.0,0.0,1,1,0.115096860949556,0.3028278785057173,0.32070808063177253,0.26136717991295416,2.1495116463822397,1.6347973753707064,0.9762523511742496,0.6040291682938168,0.07523087245697078,0.23365971543979694,0.2954492506016788,0.07482332855873741,0.0017556710775047256,0.002270229846463783,0.0018937002903673785,0.0020379102157060762,7251.778260869565,10117.861878453037,7803.9325842696635,11604.88948787062,0.09705879358147625,-0.23665355810970218,0.033673219717044504,-0.3515425779059041,6.904117615703896,6.845051844285866,6.955106425813906,7.030906779849083,2.3508342317462197e-05,2.8559985547554637e-05,2.1372475929293966e-05,2.041485650822384e-05,9.318398142205528,8.966588704714953,9.208453401104595,9.096477566595272,-0.310596972841047,-0.367544383030757,-0.3311135284643998,-0.34180171557373795,0.9836135036492051,0.9911410747549653,0.9869712524315993,0.9881721689648987,0.029589675594383448,0.033806125612854135,0.031764233537695516,0.027768192518550793,247.5391304347826,241.41436464088395,248.2876404494382,245.7412398921833,7.486096335991445,7.191626517032584,7.405203564336954,7.213457278875049,8810.791947069942,6245.43051188915,8347.813892185346,5567.9168706998535,4015.642551984878,4090.8230975855477,4037.936619113747,4293.201589642622
77,1,387,552,76,77,52,54,63.78294573643411,65.02583979328165,1.078631380644464,405,0.376977953785792,22.197831060995757,1,0.7010869565217391,0.9271007852585531,23.08859416353332,23.194827009486403,10.44030650891055,3.947684398955162,3.605551275463989,20.871032557111302,21.385169211270195,86.16851811632358,72.42640687119285,0.9555555555555556,0.9141524139609193,0.017266307057406907,0.07365241970696709,0.032444981680224756,0.013539756431970792,0.0028636342501406815,0.05271142818165956,0.024209674974621426,0.017889335634300008,0.008756778681430285,0.002788875930043109,0.009714913843270872,0.02863806467383008,0.01527093349311175,0.014138377186367374,0.006059312354933685,0.004328259642918219,0.004474375269576068,0.0008359146480802544,0.0067830395544773575,0.007200046260396173,0.008309726072672337,0.010944217318322503,0.0072368317116719575,0.008724873381183097,0.0013587632335692378,0.005515300870316908,0.005909307247592792,0.0009687517434490608,0.0006830146474606132,1,18.699999541044235,221.55999782681465,0.36666664481163025,0.1733333170413971,0.27447051852170107,0.35333332419395447,1.0,0.3116666590174039,0.5725064543328544,0.5133333206176758,0.2800000011920929,0.2800000011920929,0.02013381441702062,0.23027329467754756,0.753333330154419,64.00619847864198,65.18550280914393,0.0,63.78294573643411,65.02583979328165,0,64.0,65.0,0.0,1,1,0.09821267576420015,0.2893723337756927,0.3494313031430346,0.26298368731707256,1.7276502509429685,1.5340697694683967,1.0402301101258022,0.6282388085907841,0.006495013958672244,0.04433403785860593,0.07613782816019678,0.0443387545006428,0.0032704028541697644,0.004266666666666668,0.0033280469050365248,0.004154492330168007,9770.447004608295,9767.58,9810.039215686274,10144.675675675677,-0.24758975571358152,-0.42899626034298566,-0.2579424406031087,-0.46735663540658623,6.581213386901038,6.38285967056534,6.489847803316774,6.342536051278962,3.1444660787783505e-05,3.8560655381944444e-05,3.561557416318242e-05,3.931172317270819e-05,8.403813027453278,7.973720940452613,8.338996175262405,7.996549480464578,-0.4137912291730375,-0.4859246950111059,-0.42139418306235377,-0.4819973239482754,0.9937463407878283,0.9970019442643208,0.994155510610468,0.9968793881088783,0.018393578197940342,0.017173414649864938,0.019807649243782127,0.032586555876173616,328.28110599078343,301.0066666666667,326.31372549019613,295.8648648648649,6.903127587399156,6.484493753884251,6.819908660607599,6.262568463686939,5892.469366518708,3902.9666222222004,5786.921184159903,3682.468224981727,3915.729092781752,3417.636655555558,3899.2400999615456,3456.785975164348
78,1,423,552,76,77,52,54,63.5839243498818,64.93617021276596,1.0353031240276989,437,0.34626639453539804,23.207333483685147,1,0.7663043478260869,0.9659006882058299,23.97731003361446,24.041630560342615,11.180339887498949,4.1367058004983175,3.605551275463989,21.913466179497938,22.493983214621867,87.89900459091382,74.18376618407356,0.9679633867276888,0.9273942012690374,0.03443013971781182,0.06240354014407609,0.022866877984664257,0.023747576087607965,0.006071031441787082,0.04565543065502211,0.01429154463081959,0.017221944920444206,0.010491668428229205,0.00365142114645845,0.007293244283848634,0.02793332329388614,0.0054095613147984506,0.010426534160078216,0.006961039250917298,0.0015230238868498259,0.001257567931183992,0.004544546563736958,0.0036928893100955894,0.014210219541899053,0.002221223630234627,0.005172380574612554,0.0014332850398321112,0.003273233554575486,0.007726331097949928,0.0007144584777691625,0.0055642139647150216,0.004672329475386877,0.001003163468262068,1,18.30872470140457,232.13422474265099,0.3489932715892792,0.16107383370399475,0.40896346546536133,0.3489932715892792,1.0,0.29061467780007255,0.5487806731504752,0.463087260723114,0.25503355264663696,0.25503355264663696,0.017962285469735734,0.23654552401770804,0.7181207537651062,63.920348110379884,65.16870014515696,0.0,63.5839243498818,64.93617021276596,0,66.0,66.0,0.0,1,1,0.11067422319588638,0.29475540517344306,0.33141552004080616,0.2631548515898644,1.800584477379222,1.5585192048545784,1.0307997424798596,0.6149972498481359,0.007298971873262316,0.05573336500396677,0.10228041896646008,0.05966109907921686,0.002938237734762655,0.0037323292376800106,0.002928770100757059,0.003859133282100972,9794.835390946504,10499.235632183907,10470.815450643777,11066.999999999998,-0.19119287695061982,-0.4104550893782642,-0.2381046198285056,-0.45697031399870186,6.515356370027481,6.447554900944249,6.669524638175952,6.501695589176615,3.376035182049549e-05,3.402736168396585e-05,2.8704421716847564e-05,3.446827331846829e-05,8.54092685539531,8.158404559042253,8.531442260478396,8.129686681381443,-0.38221752970486733,-0.4622699895017703,-0.38946022579148903,-0.4544147480402019,0.9911245024403008,0.9962888872878223,0.9918946234832435,0.9957947921836284,0.02031774088952184,0.017485837035599226,0.01610572049094627,0.01733761495480193,318.0288065843622,293.31609195402297,315.9914163090129,289.77456647398844,6.982129711448142,6.571399010263989,6.91110296475447,6.496605505238834,6650.587647546912,4388.492039899604,6443.450570097077,4124.798890708,4111.355759623359,3721.9319180208804,4228.566505185205,3797.9497226770072
79,1,354,483,76,76,53,55,63.94632768361582,65.27118644067797,1.0631126162538127,369,0.3952498395725557,21.23032733700184,1,0.7329192546583851,0.9406341197640863,22.17195668203905,22.090722034374522,9.848857801796104,3.8004242300067657,3.1622776601683795,19.79898987322333,20.366575344135935,80.26585909875479,68.76955262170047,0.959349593495935,0.92362048941854,0.02311666210577033,0.06471417062564834,0.03576054241686927,0.014309922950132432,0.006204456401495343,0.04510106428328958,0.026203346587821936,0.01919168874023512,0.003908138151278558,0.0006129623429300829,0.007048862584670125,0.023255015804718015,0.017022034821702562,0.01555242613018679,0.0022201008248744565,0.0040711127176639,0.003378244222278337,0.0013678717720080576,0.007482611891785737,0.004414321712735975,0.011253212467589648,0.012084064501513163,0.009723767730383432,0.006406953762623515,0.007267421455882817,0.003889456921745547,0.002610791194497804,0.0014827659032555544,0.0058000410998504115,1,18.675496608018875,208.1920504271984,0.38410595059394836,0.17880794405937195,0.22487800374013636,0.37086090445518494,1.0,0.32199132082791165,0.5881131367999956,0.5496688485145569,0.2847681939601898,0.2847681939601898,0.021750864625608213,0.22535408591917533,0.7814569473266602,64.13748133520897,65.3896364218884,0.0,63.94632768361582,65.27118644067797,0,64.0,64.0,0.0,1,1,0.10347679583076169,0.2756624370578205,0.35404141297519004,0.26681935413622776,1.6650357147313413,1.50130004182259,1.0531988251530857,0.6382030497582742,0.0146886058419588,0.04806432586010766,0.06963582564144408,0.027544926915679648,0.0039746717469367615,0.00532544378698225,0.003765432098765432,0.00528,9462.560209424084,9206.06153846154,9415.255555555555,9191.456000000002,-0.28522096719354795,-0.44136769734235914,-0.27855700087168006,-0.46596439116133376,6.489535079453748,6.304796947527345,6.472280632592609,6.039588784575549,3.5816599495927676e-05,4.02145837185651e-05,3.465440538194445e-05,5.249121093750001e-05,8.150573723255745,7.678099447627197,8.163966707392706,7.675666984610165,-0.40240781767968886,-0.4999232205606908,-0.40040085105313244,-0.5119015141423642,0.9917290044560211,0.9970005649364427,0.991570531094979,0.9974526114185611,0.03210492095578461,0.018285152604884326,0.015270674515232115,0.03442625179125336,334.979057591623,303.53846153846155,330.24444444444447,297.20000000000005,6.71733494858635,6.2316448321094455,6.616725077037053,6.256750760797362,5262.627833666862,3568.002366863904,5312.684691357994,3348.3519999999844,3681.297010772727,3193.5159763313604,3681.9850617283882,3134.9519999999975
80,1,747,990,81,79,48,49,63.25568942436412,63.073627844712185,1.0722490708278756,771,0.4391698244344886,30.8400703617415,1,0.7545454545454545,0.9326191341232941,32.59011901177951,32.984845004941285,14.317821063276353,5.334941105118252,5.0,29.0,29.2790954225531,-77.00811724528297,100.3259018078045,0.9688715953307393,0.872398577952967,0.03164770395531322,0.10215686477698237,0.04146777999239071,0.017806462400766544,0.016290236130570384,0.06220614329844844,0.025807715802328334,0.0149102828122115,0.0035715255536048185,0.005144879441871897,0.011883157958818977,0.02339065467553381,0.012740298891583979,0.006803095995807222,0.007727195274185142,0.006005792432365395,0.0051496597657406,0.004591298063581253,0.007011970724193815,0.002251518552519717,0.00704038285625254,0.00236420596037059,0.003436982438459863,0.006394622597960335,0.006998720389031945,0.00518665574093019,0.000298286175801272,0.0045983995451768685,0.004455083128494443,1,18.3907283693552,303.9271493256092,0.2450331151485443,0.06622515618801117,1.058738476066094,0.2384105920791626,1.0,0.21636151022770825,0.40686365371567496,0.29139071702957153,0.19205297529697418,0.19205297529697418,0.010575959743804344,0.23068113934536352,0.5099337697029114,63.6429302974088,64.05900679057329,0.0,63.25568942436412,63.073627844712185,0,66.0,68.0,0.0,1,1,0.12208833667221497,0.3038589759312062,0.3088924215317767,0.2651602658648021,2.1714282736701005,1.632968741155473,0.9534819788604837,0.6113417240771823,0.09985033514179294,0.2850258602265104,0.3343062549354527,0.0772686916099207,0.0018114207589584905,0.001961585109279473,0.0018416907991667937,0.0018895617603550297,6951.254403131115,9779.139303482587,7739.395061728396,11938.728365384615,0.15115880939538184,-0.18466662814299561,0.06718641031676757,-0.34095905029401735,6.843510682647411,6.894044539361267,6.891246189340972,6.987892394686612,2.6583043842551676e-05,2.5978200739732617e-05,2.4664357392139374e-05,2.1895007974297332e-05,9.361510584662732,9.168680041929587,9.290281716448552,9.208688696433668,-0.29850095788451975,-0.3278130983817572,-0.31936985189766054,-0.3323717229751442,0.9810945667402561,0.9861717065177259,0.9852513947419999,0.9871890175522948,0.02527842632232275,0.03222544417934582,0.031764363743222876,0.03436437578261224,237.41487279843443,233.0796019900497,239.09053497942386,239.73798076923077,7.553999631553065,7.293513407903443,7.419937717244965,7.274009086411541,9426.966823809664,6730.381723224695,8854.263408355786,5867.525095922712,4094.555306735194,4127.380256676815,4148.414617521039,4451.5633653268305
81,1,754,1054,82,79,48,48,63.37931034482759,63.10212201591512,1.1103174325869054,788,0.4491329055424193,30.984231743425763,1,0.715370018975332,0.900643339148626,32.847768241384436,33.54101966249684,14.7648230602334,5.345176136259792,5.0,29.0,29.348329908672532,-77.07416595346658,102.5685424949238,0.9568527918781726,0.8463587367895646,0.04707677529222452,0.11724184881861198,0.0413065063628402,0.023297202736860916,0.012717463325919253,0.06379125868175532,0.023384143176953896,0.017450489138215862,0.005855455565628507,0.005831440575715086,0.01010002432241692,0.017993895720481403,0.011777015693166252,0.004087066510606213,0.005041318206852548,0.009907196950865057,0.011102971097034136,0.0017847502876511881,0.006968912553921815,0.006079109635843222,0.006130574325452132,0.0025282276270696424,0.001101292906811864,0.002525475038096544,0.006047427130629335,0.006537013327337135,0.0025735699896064323,0.0037713589156462327,0.005931356776999749,1,18.62913902103901,304.1920493245125,0.2384105920791626,0.05960264801979065,1.0672482927967386,0.2384105920791626,1.0,0.21661789559347686,0.4034377311996187,0.2847681939601898,0.1986754834651947,0.1986754834651947,0.009626985805977168,0.22977021251970509,0.503311276435852,63.722051683804715,64.1128382436634,0.0,63.37931034482759,63.10212201591512,0,67.0,64.0,0.0,1,1,0.12102410117492414,0.2993272810852836,0.31029978142724873,0.2693488363125435,2.1726707687117246,1.6354548546253882,0.9588771934268253,0.6154212805444174,0.10916230411467685,0.2933697001426695,0.34443801878267827,0.08019733901844503,0.0017670963283456522,0.0020815311418685123,0.001817992503123699,0.0019377162629757787,6973.7655038759685,9499.257352941177,7617.546938775511,11696.501176470589,0.14346999479430858,-0.1652852307611512,0.07778130412158663,-0.32712330909786597,6.924186498165938,6.785582271184311,6.86408440698801,6.935090260421351,2.35607586660019e-05,3.064077480716551e-05,2.5349290904180553e-05,2.3387404709126297e-05,9.370639615855149,9.100910475538344,9.309867938896605,9.21205352394494,-0.3035088504277384,-0.3386836466377367,-0.31482486338674576,-0.3238896411344464,0.9823526906667728,0.9876941779125857,0.9844529951570254,0.9856816817058602,0.03278279559616115,0.03886850783712816,0.03299350665646571,0.03420928021778576,235.90503875968994,230.06127450980392,236.97959183673473,236.52941176470586,7.400665091461469,7.337863357143279,7.561348701885457,7.279603850495729,9309.996796316314,6804.488892493275,8902.49754269053,5930.34795847752,4070.940575048071,4075.936561358614,4130.011120366518,4406.712283737026
82,1,366,506,76,77,53,55,63.89344262295082,65.50273224043715,1.0531793064710142,379,0.42377025063524393,21.587164551489145,1,0.7233201581027668,0.9495059329933028,22.706660786211078,22.561028345356956,10.0,3.847572220789223,3.605551275463989,19.922349259060788,20.567005644678442,82.7932304190682,69.59797974644667,0.9656992084432717,0.9089061442096227,0.04224906299887667,0.07363227393000878,0.035066774428994515,0.024410830284663818,0.008275877128283265,0.046536326878106625,0.02026903751945715,0.018187282575480985,0.005034037713884467,0.0010757006535271447,0.008495867726843449,0.020547278114438055,0.00838784269700059,0.01640395669488598,0.007470633341612038,0.008524811788355395,0.0034169102291412034,0.0031003477135338703,0.008805333842142396,0.0032007444191352145,0.002958436838451223,0.012986207155372527,0.007596931061750618,0.006582504318274832,0.012198610810281793,0.0035173186167948216,0.004806921776534271,0.007733106140899029,0.006010437004726292,1,17.886665910482407,210.2666631937027,0.35999998450279236,0.17999997735023499,0.2675153885793565,0.3799999952316284,1.0,0.3083907915600415,0.574499079764215,0.5266666412353516,0.2666666507720947,0.2666666507720947,0.023112595202212146,0.2325129529519444,0.7733333110809326,64.14254914443532,65.60025364362977,0.0,63.89344262295082,65.50273224043715,0,66.0,64.0,0.0,1,1,0.10237793520420498,0.28173747893516965,0.3515852870084991,0.2642992988521263,1.703196558397222,1.53904354164585,1.0547558610254968,0.6240873766443752,0.014466608224726897,0.056284403976489095,0.07917849813639197,0.031352546158619675,0.0036148416821880206,0.004475464862272896,0.003860562212245131,0.004591368227731865,10082.237623762376,9787.043795620437,9902.978609625668,10200.31818181818,-0.27393672205385905,-0.4391414898125131,-0.2634844497810297,-0.480876014331032,6.497030265364027,6.33311246603008,6.4172230061538285,6.268609058798544,3.5287725985044355e-05,3.9061166715644807e-05,3.958889745984836e-05,4.347844119461662e-05,8.265812163412734,7.889931535483687,8.175961155199936,7.841705577675397,-0.4096980813624573,-0.4821311475924747,-0.43347253488441184,-0.4841866686749656,0.9929060840182659,0.9966665442616736,0.9945664019813637,0.9966578051666464,0.029019489160968664,0.026170736508301696,0.02851986092470154,0.03412767534193233,329.5544554455446,299.7883211678832,324.65775401069516,293.030303030303,6.897574153584744,6.481029710603003,6.791502048303778,6.341409365423065,5746.237133614341,3814.181469444273,5772.685006720261,3575.741505968792,3957.1186893441773,3400.3063162661892,3918.9159040864797,3444.014921946742
83,1,834,1116,83,79,47,48,63.29736211031175,63.037170263788965,1.0836327888374757,857,0.49670563985320826,32.586527589007176,1,0.7473118279569892,0.9228218362355044,35.09919378741913,35.6931365951495,15.231546211727817,5.566042312134355,5.0,30.0,30.46325953405114,-81.24176671635738,106.5685424949238,0.9731621936989499,0.8279386541537518,0.05010617582502844,0.12526071360343854,0.04994971104347236,0.022165841852317698,0.014582105431098521,0.059409378543980026,0.026395126982231832,0.019773692739689066,0.007019374666778702,0.005995788021193617,0.015281843420053247,0.008057748192414347,0.009945523969573536,0.0045379488284338345,0.005619165721671439,0.01182974896099934,0.011670682626313341,0.0016165848889703677,0.01020141770603472,0.013002918840625599,0.004617591828983799,0.0026329466715650446,0.0016862797897311097,0.003536627866003126,0.0066222527709260135,0.005310790209256533,0.003785329544925782,0.005955890346373661,0.0066526366492770305,1,17.973683699965477,314.78289084136486,0.23026315867900848,0.05263158679008484,1.100646022363341,0.22368420660495758,1.0,0.19970759666628307,0.3774375189944423,0.2631579041481018,0.17763157188892365,0.17763157188892365,0.00798626126950404,0.22442964038605615,0.44078949093818665,63.67803625339705,64.06988942374026,0.0,63.29736211031175,63.037170263788965,0,64.0,66.0,0.0,1,1,0.1308963990333629,0.28660103974514695,0.3090684892225587,0.27343407199893144,2.2743249332046713,1.6260222254928727,0.9618026866104992,0.6146738977011016,0.13364459168609824,0.32619072347703637,0.35458911499740947,0.06239300005118428,0.0016089296322612959,0.001843662803539472,0.0016124697661918839,0.0016549380399630642,6344.4590443686,8697.806794055203,7013.921675774136,11055.34496919918,0.18457163907228677,-0.11483573529903682,0.12418207637369702,-0.28022034553130876,6.849141381066504,6.801808703399692,6.886369477746501,6.943847118647458,2.7194020521770058e-05,3.575254901296846e-05,2.5605064242565345e-05,2.537349740832882e-05,9.513515648954549,9.293526310171176,9.475976541162682,9.408951903559961,-0.2832394454507473,-0.30883974118315194,-0.2923396320388227,-0.29618114985259625,0.9781008777952924,0.9830759108852102,0.9803110374355511,0.9808356754498261,0.03207598193909996,0.039190562427310026,0.036665799304342994,0.03970739718646844,220.31228668941978,215.1188959660297,221.4808743169399,223.09445585215605,7.548558161823007,7.310528128979234,7.544772403054843,7.446809239466485,9216.586777364915,6905.9391546197585,9002.927229836663,6215.658429221359,3890.2614554333777,3900.936487168741,4004.2122264027003,4317.750849605132
84,1,841,1116,83,79,47,48,63.309155766944116,63.02734839476813,1.0746132531396608,860,0.5058290088087961,32.722995845769866,1,0.753584229390681,0.9305673432542676,35.36779169379195,36.138621999185304,15.264337522473747,5.594822136727344,5.0,30.0,30.509451335804762,-81.40432927081001,106.5685424949238,0.977906976744186,0.8172353486348807,0.04725458295285972,0.13138569847751527,0.05086597542032454,0.01617998746136643,0.017873355177267593,0.06062456521864953,0.024764053800878826,0.020658913045623045,0.010963168684037308,0.004065423103861646,0.01558134498455411,0.007892140830340306,0.007816868936876213,0.004906161294695566,0.007689585724624828,0.015826555902289714,0.00974570278573937,0.0012212555076042252,0.009133335865028326,0.011328143623990209,0.0065063282341239126,0.0028611934916080244,0.0021119666012903793,0.003294561134377951,0.008016750155900774,0.0033993235384781086,0.003932252922268777,0.005099996760690112,0.006483692234539256,1,17.561289831995964,308.63870844244957,0.22580645978450775,0.05161289870738983,1.1255992579452305,0.21290323138237,1.0,0.19512544257773293,0.36699014083525516,0.25806450843811035,0.17419354617595673,0.17419354617595673,0.007152669238165102,0.21928449810050338,0.43225806951522827,63.6886013610911,64.0870628518599,0.0,63.309155766944116,63.02734839476813,0,64.0,66.0,0.0,1,1,0.1322143030723889,0.28432868624711033,0.3098308901785806,0.27362612050192014,2.2692291608954824,1.615678548201483,0.961504718229469,0.6169425397911923,0.1431602501788886,0.33928639096508534,0.3670019249638375,0.06459948142512711,0.001802934175840113,0.0022222124143775157,0.001792021269663361,0.0018638216985052394,6002.812816188869,8208.451680672268,6637.797833935018,10493.05882352941,0.1896533296099909,-0.10650097776510487,0.13132883600912373,-0.2766907269876111,6.841767820764659,6.865604048496718,6.8839984991570145,6.97275043470145,2.8097210101439033e-05,3.0807431543389414e-05,2.531623798073008e-05,2.5001225379032365e-05,9.412387546896236,9.153608472897837,9.384201547955133,9.28934091458842,-0.2833588437282061,-0.3171768068224781,-0.2885275853418187,-0.29754656475873464,0.9773841083319441,0.9840076456570537,0.9786450702301245,0.9803636433803886,0.03527939706433746,0.047090775210561917,0.0345850859378233,0.0392825880665818,213.81450252951095,208.90546218487393,214.8592057761733,216.920892494929,7.462896681086512,7.301026962024752,7.4526711111053014,7.402837539746123,8812.606400131946,6628.320894534292,8644.850213087615,5944.843640582774,3703.854804080207,3709.1931438016363,3820.6620117556613,4109.475616028047
85,1,862,1178,84,79,46,48,63.38747099767981,63.02088167053364,1.133574464705601,896,0.5419514995378854,33.12902786925252,1,0.7317487266553481,0.8821652490731684,36.31465825794509,37.48332962798263,15.556349186104045,5.604245582561776,5.0,30.0,30.519193391901535,-83.23798516249393,110.81118318204308,0.9620535714285714,0.7811619128553098,0.06177147434471438,0.1458582561858743,0.053529120062989495,0.01395353192837513,0.016597511140267564,0.054346904046397214,0.023305722916011355,0.021390263965608686,0.01884318335153875,0.00746128976303282,0.013412362196038478,0.0012704127860494545,0.00940156102750405,0.006597802427018073,0.010729860460946507,0.016507930571308158,0.008263540332169104,0.0018703438520146808,0.008068067867391395,0.011833529801575298,0.007647288772272332,0.006554632285816892,0.002720054503903026,0.006711049369759012,0.005237916510298765,0.0011773814376203247,0.003230763845466921,0.0021767749072108935,0.0059441369322507445,1,17.922077402472496,313.62986794114113,0.22077922523021698,0.04545454680919647,1.140378049072664,0.2142857164144516,1.0,0.19271050970400533,0.36383975399204305,0.2532467544078827,0.17532466351985931,0.17532466351985931,0.007262229586433128,0.21871393518770985,0.4285714328289032,63.742147871185516,64.10470195554726,0.0,63.38747099767981,63.02088167053364,0,66.0,64.0,0.0,1,1,0.1297335354057517,0.2842915994635282,0.3061347028325881,0.279840162298132,2.2822511738726026,1.6122326232734279,0.9666231276252407,0.6217067523221383,0.14781308277232286,0.35245625887394044,0.3745306691030048,0.07030109158655633,0.0016207068510010714,0.0019730695471159992,0.0016284392133192498,0.0016618756737333807,5868.42345276873,8012.761133603239,6611.439716312056,10479.28656126482,0.20468453689227517,-0.0855265908113837,0.13705967249380444,-0.27287664437601006,6.697316136585863,6.754027485668713,6.823202187849193,6.922163712596001,3.54711921574599e-05,3.602718923578385e-05,2.9686369002989656e-05,2.749032629627767e-05,9.512734127236687,9.258232269101724,9.478299186662563,9.427305698202757,-0.2867982191379951,-0.3167349159297364,-0.2973409063355064,-0.29881839569580104,0.9790913584376282,0.9845411719803849,0.9815805356492321,0.9816070056540622,0.038186550274067144,0.058041934813093436,0.03567250700612031,0.04781966820721785,211.21824104234528,206.40890688259108,213.61702127659572,215.68577075098813,7.443096772084778,7.268924947752058,7.408957705152761,7.357815823461273,8889.050090717144,6750.140487469071,8711.612192545646,5986.231299504754,3689.3683858714667,3690.7254052680764,3830.7629772144246,4116.379465192396
86,1,865,1178,84,79,46,48,63.41618497109827,63.010404624277456,1.124701302543183,899,0.5444564006907354,33.186626918021,1,0.734295415959253,0.889124959434823,36.416022558000414,37.21558813185679,15.556349186104045,5.603825975188595,5.0,30.0,30.545364381812885,-81.5255101468328,110.5685424949238,0.9621802002224694,0.7927824398053833,0.05455600762010422,0.14181935914968444,0.05628056784010951,0.017917937392038435,0.01614015545285548,0.05667991036590139,0.02365368965189805,0.0184308072863848,0.01262782623285495,0.00942379978119554,0.013826106306295872,0.0006663594486218271,0.00841165303683652,0.005327530370659907,0.008376369826695044,0.013049887176967019,0.012658502507478709,0.0026354429021995364,0.006942286173667885,0.01295128408295612,0.009182712285873416,0.005642106788814394,0.0020766378134283894,0.006116405463283797,0.005311657412402977,0.0031290669344370874,0.005670541148723757,0.0026045113861030314,0.004782679070126784,1,18.194804698228836,312.72726936638355,0.22077922523021698,0.03896103799343109,1.1611636287725982,0.2142857164144516,1.0,0.1935617521088174,0.36153441545246656,0.2467532455921173,0.17532466351985931,0.17532466351985931,0.008107988946130417,0.2190878032261293,0.41558441519737244,63.77753322269187,64.11391194815646,0.0,63.41618497109827,63.010404624277456,0,65.0,64.0,0.0,1,1,0.12917358911868998,0.2802948489239895,0.31002906985486545,0.2805024921024551,2.280309277299314,1.6056625451606,0.9681413192218715,0.6253470506923287,0.15435627921046238,0.3653040386634174,0.38863764912671744,0.06948398079881767,0.0018965612350238643,0.0020655694361821674,0.001895395258877207,0.001941560938100731,5880.213938411669,7995.707317073172,6648.459507042254,10638.733333333334,0.2081518358831616,-0.0830772826490673,0.13682734505523111,-0.28207222607245774,6.733485404287233,6.762074472967598,6.750893306451372,6.886269233440503,3.505089613985679e-05,3.751005512746628e-05,3.1646625599769384e-05,2.8143988715277773e-05,9.363875850476157,9.216673524700473,9.304175080943288,9.29292806327776,-0.2685421173324413,-0.2795114804029819,-0.27993523828758776,-0.28135896560059526,0.9722289994267617,0.9746527216128754,0.9755047378634256,0.9758554003458328,0.03949611745444151,0.0676731780595918,0.04237576769921337,0.04997056799640962,209.41004862236628,205.22357723577238,211.70246478873239,215.0078431372549,7.3606835194433895,7.236731595965159,7.368114774064633,7.264723102362972,8971.6584403542,6769.08822460175,8756.244219276923,5957.419546328332,3712.968094691465,3691.198885418733,3851.175931579797,4149.038219915417
87,1,877,1216,84,80,46,48,63.20410490307868,63.05473204104903,1.1259971622532794,912,0.5480007668099559,33.416030295843605,1,0.7212171052631579,0.8881017053354369,36.713955474006326,37.48332962798263,15.556349186104045,5.640076536001204,5.0,30.857738089497097,30.71040979451318,-81.92213326211626,111.39696961967,0.9616228070175439,0.7928470340607382,0.06191383830483039,0.13894293271730188,0.057080184307938674,0.019430353110274967,0.01505853595905916,0.05236524472495214,0.025165979257344113,0.02040476519150064,0.01525284947274754,0.010233485252216894,0.01233137128839127,0.0016426545582464878,0.008844587200415225,0.006555515812014592,0.010371067827574996,0.013870956435903416,0.012832063510454215,0.00347026563615806,0.007645199398200318,0.01275567712634504,0.006298337117635976,0.007246171931132713,0.0027940393241774678,0.007014958580834492,0.004954839631823934,0.0032900173817006994,0.005780699261424159,0.0008755196399960357,0.0049443744302770255,1,18.573332890868187,321.9866635501385,0.2266666740179062,0.046666666865348816,1.1991574238979978,0.2133333384990692,1.0,0.19758864777519347,0.36714556847222174,0.25333333015441895,0.17999999225139618,0.17999999225139618,0.008524810476982789,0.22305259929491122,0.3999999761581421,63.68661228987925,64.15253218177254,0.0,63.20410490307868,63.05473204104903,0,67.0,67.0,0.0,1,1,0.13021243096806812,0.2762226180808999,0.3126630494569254,0.2809019014941066,2.2839260391799057,1.6042863315029727,0.9655123041328288,0.6284463459447229,0.15168623569233552,0.3749575005527277,0.3927077667251083,0.07609113865175786,0.0018712726682624035,0.002003936445453247,0.0018506462191358029,0.0018324704142011832,5998.593949044585,8132.201195219122,6891.043402777777,10975.294230769232,0.21979140778072712,-0.06775605924722738,0.14004607376488368,-0.2764390609265622,6.770215277571302,6.754806921542,6.76891782886182,6.927086143123301,3.301665441390878e-05,3.483962207383116e-05,3.134174111448689e-05,2.7964213896079876e-05,9.394342406254927,9.277378923936302,9.343708265474227,9.31975986877951,-0.2817655862603373,-0.28601234778031676,-0.2925988842612971,-0.29345037643663224,0.9767753108968733,0.9771286374949943,0.9794583934020733,0.9795140697438576,0.027895011970354763,0.04632956444118903,0.03526982349774049,0.04413227159125113,212.30414012738856,207.75896414342628,214.71006944444446,218.06346153846158,7.368912079571782,7.2502032154801315,7.461230773426214,7.347972527205989,9378.303995598195,7100.119192552505,9135.497537495168,6221.444049556194,3844.224486160694,3808.080096942911,4006.6352350682373,4299.184570081359
88,1,915,1287,85,80,46,47,63.333333333333336,62.994535519125684,1.1231260835675734,945,0.5373032103421428,34.13230410377644,1,0.710955710955711,0.8903719846159504,37.39184121146565,38.47076812334269,16.1245154965971,5.74238815520623,5.0,31.61791118483806,31.535873216580452,-83.16058460618868,113.63961030678928,0.9682539682539683,0.784139317499526,0.0745533469631843,0.1391596208788301,0.0540360055248396,0.0223565485525833,0.018715615014704094,0.04707571608727955,0.024514644318320022,0.020681842635688067,0.015701688030198467,0.013766274256733612,0.010581915386277712,0.003417400054252123,0.009626596995607225,0.004381419406618967,0.008028896812687262,0.012604376768525672,0.015590956764642915,0.0030999388420614956,0.008292276242191634,0.008883026219724829,0.006592637267294072,0.008852044733415708,0.0015254377919767285,0.0058711985519244135,0.003727598442903029,0.004470758067903332,0.004730931884959362,0.000466195886653267,0.004627630979721409,1,18.270269587635994,331.66215850412846,0.22297297418117523,0.04729729890823364,1.2057303905712649,0.22297297418117523,1.0,0.19231862723827362,0.3624723043760967,0.2567567527294159,0.1689189076423645,0.1689189076423645,0.009988773072504599,0.22359154116668212,0.39864861965179443,63.75049913996991,64.12579961937831,0.0,63.333333333333336,62.994535519125684,0,65.0,63.0,0.0,1,1,0.12190848663415262,0.283583913023838,0.3100272995264597,0.2844803008155497,2.230925305404984,1.591897425870009,0.9815743220301398,0.6302650732354185,0.16755210859929526,0.41011012312580175,0.41162594638292505,0.07978711621036298,0.0017602524538964904,0.0019377730218347066,0.0017407699965373954,0.0018481272310725129,6032.199695121952,8042.3058161350855,6765.00822368421,10926.57299270073,0.22345519721244847,-0.05096232744829833,0.16094964523584146,-0.2580695963653566,6.663040862680791,6.702129405959713,6.634832502484354,6.784266708201274,3.689885635875223e-05,4.129534098125389e-05,4.0704193537915513e-05,3.336381503201755e-05,9.48809210092758,9.320987466813921,9.446742070347682,9.363971192642612,-0.2831331916356936,-0.2969755324925189,-0.29268659096376465,-0.2998466029520811,0.977883730911684,0.9804372595183479,0.9802011000308563,0.9814403819278833,0.03038211335578675,0.055809095236200555,0.03204921883929549,0.044619313752910304,210.0625,204.8161350844278,211.43914473684208,215.98175182481754,7.343058771890146,7.241507628042033,7.330090648972867,7.333690325771174,9503.799447408543,7262.345180559612,9360.384454531682,6443.8062363471545,3883.999785632621,3826.1627491736745,4031.348169553974,4342.594807261976
89,1,913,1287,85,80,46,47,63.31434830230011,63.04381161007667,1.1372205758247718,946,0.5559722485035681,34.09498063268556,1,0.7094017094017094,0.8793368861399186,37.63003427647482,38.63935817272331,16.0,5.722294608715587,5.0,31.304951684997057,31.27811660862691,-82.92566795250858,114.22539674441619,0.9651162790697675,0.7756106800284333,0.08447723852534947,0.13827068880285942,0.054677507425678326,0.02083616928883803,0.018470413291856887,0.040854981669597376,0.026475119331378527,0.02086275911726192,0.01955753711990976,0.012663392752836983,0.011431942653459164,0.005484366426893389,0.011456209451721905,0.003614254379787868,0.009562741498697952,0.011269888650577417,0.011541178897755385,0.0026688601595664468,0.007155702154793017,0.006498140636798229,0.008023740108161646,0.009651812868354807,0.001618258095438148,0.005924644464150291,0.005322894212940371,0.003399706033838814,0.0032193750817876322,0.00031411251274372635,0.0057509105814425475,1,18.138157173991203,321.5657853484154,0.22368420660495758,0.03947368264198303,1.2082041480468406,0.21052631735801697,1.0,0.18893913722907504,0.352207870042076,0.2434210479259491,0.16447368264198303,0.16447368264198303,0.008993724859386914,0.21709872038014857,0.3881578743457794,63.746777683349045,64.17197919238137,0.0,63.31434830230011,63.04381161007667,0,66.0,64.0,0.0,1,1,0.1216293634151681,0.2786938905802033,0.31134661819742565,0.28833012780720296,2.2209521759609605,1.5804193919237595,0.9870120222716993,0.635858470260812,0.17308381512147794,0.42013536067717994,0.4137382194180628,0.07600883721258671,0.0018568327506840046,0.0021971123666038924,0.0020039614780411174,0.0018432791852537667,5690.339421613395,7473.367231638418,6449.363636363636,10361.403669724772,0.22431923484564284,-0.04295563047143452,0.15497559955008022,-0.26525677357375876,6.741151213483831,6.6850953610251285,6.688221917772099,6.9557254355329885,3.79076001796852e-05,4.260881053460742e-05,4.3021468433572686e-05,2.5128699364400102e-05,9.389108055902375,9.195547124613283,9.288461002542757,9.329570958202144,-0.27358293046150517,-0.2959549879171933,-0.29461219163614316,-0.290266305602068,0.9741618165871089,0.9792842757245728,0.9795981022926651,0.9787259716108919,0.035348846308630444,0.05012849779242471,0.039840414329398936,0.04654689833649936,203.37747336377473,198.045197740113,205.0198347107438,209.89541284403668,7.420013351726999,7.276905033184597,7.400934148819036,7.325018925249849,8981.519614316268,6857.764435507037,8814.961590055333,6016.93768538002,3667.9647589824144,3582.7829167863656,3816.0813066047413,4094.5853387761963
90,1,952,1320,85,80,45,47,63.15231092436975,63.05882352941177,1.1178059745517204,981,0.5491532903438577,34.815571898044055,1,0.7212121212121212,0.8946096395673993,38.31584349876333,39.20459156782532,16.15549442140351,5.82992575588425,5.0,32.0,32.021379661679546,-82.98187133959306,115.63961030678928,0.9704383282364933,0.7871144572842032,0.060553622238233476,0.14055711110592262,0.05920435867846687,0.01870428339174654,0.019250493197096052,0.04967736032663349,0.025202496885634335,0.022404858619305322,0.014648057574914877,0.011716818212498354,0.015248775097464863,0.005343666929066,0.005045248700987846,0.004050268157420901,0.009317688645507213,0.013827564860549146,0.014089266505034042,0.003508482696329355,0.009643348012880163,0.014565654148156321,0.006920890092969591,0.004443886524842053,0.002687445591587701,0.006966466789392837,0.004896814396623924,0.0018947921164658636,0.00607381074550959,0.0017276413835216773,0.0044897794647532855,1,17.496730983257294,324.9346314370632,0.21568627655506134,0.04575164616107941,1.2382934220266362,0.19607841968536377,1.0,0.18037866993048757,0.3413178901649824,0.24183006584644318,0.16993463039398193,0.16993463039398193,0.007776584966708353,0.2134767719677296,0.3660130500793457,63.67478629842547,64.18149448857112,0.0,63.15231092436975,63.05882352941177,0,66.0,65.0,0.0,1,1,0.12157296618607387,0.2813838877426931,0.30986623682913345,0.28717690924209965,2.2257204578681127,1.5850737345032158,0.9833088582044495,0.6343211545208324,0.18730839215364803,0.4405926962236377,0.40889410437586393,0.06896836411001452,0.0019055908599242837,0.0019835741695267283,0.0018155285423688832,0.001857753454940843,5357.235465116279,7217.610320284697,6182.3150470219425,9828.82495667244,0.2435792676950554,-0.03898748121375684,0.1628405015209702,-0.23971805872076463,6.66024518917367,6.678535021231312,6.616019560656552,6.837435353763258,4.245888032804894e-05,4.272078313136787e-05,4.1937116048495366e-05,3.4195730519753264e-05,9.39291388676535,9.302051421809542,9.399809489209359,9.363251497592957,-0.2610106034792102,-0.26414751449843904,-0.2650871899229707,-0.2753822361318595,0.9697276827024368,0.9700758317357079,0.9713097756125892,0.9745370447608492,0.04051662824220384,0.054861796524435465,0.04026433408670368,0.04958431421508679,196.99127906976742,192.09430604982208,198.30250783699057,203.2894280762565,7.331297668578054,7.287603677245914,7.303647095293092,7.371124392396922,8807.46213324771,6675.9359462266075,8587.427297785995,6027.723857038582,3541.174399590993,3473.386566627829,3692.43558620198,3964.1372034277592
91,1,932,1320,85,80,45,47,63.19098712446352,63.1587982832618,1.1302547427442657,967,0.5583590667166334,34.44792091974742,1,0.706060606060606,0.8847562962416716,38.07565289848999,39.20459156782532,16.1245154965971,5.7599315363538635,5.0,31.752165280497014,31.58753852691429,-82.45228706938418,115.05382386916237,0.9638055842812823,0.7720619750768846,0.061285076372776436,0.14761450877074886,0.05775837756667185,0.012468631324789417,0.01964398710638505,0.050753717116435414,0.02236418009939588,0.023878401484373604,0.019843578286748587,0.01106474643033155,0.014144142935285924,0.003067610865548042,0.007707088133585457,0.004799788748586465,0.009418938474734958,0.015123558959687467,0.011328698328892484,0.0025623357170898808,0.008622324240154357,0.009633730234657004,0.009214912785555586,0.007604268308851478,0.0044898357756402735,0.00762748135228641,0.006421417003917403,0.003634451865693705,0.004469144639987029,0.0027914231946122425,0.004988169005659703,1,17.69480450451374,318.49350430071354,0.2142857164144516,0.03896103799343109,1.2342164023246018,0.20779220759868622,1.0,0.18432088025535145,0.34173122779046516,0.24025973677635193,0.16883116960525513,0.16883116960525513,0.008557817990737378,0.2129915991513411,0.37012985348701477,63.71986625493874,64.27395611653692,0.0,63.19098712446352,63.1587982832618,0,67.0,65.0,0.0,1,1,0.12039226917108826,0.27801337474707655,0.31055292851706157,0.29104142756477364,2.200109703283408,1.5799296662455793,0.9878338886617787,0.6397420058735116,0.1934658951999561,0.4390064999804438,0.4202225564606591,0.07136419705659858,0.0018590118339002267,0.0020612564878892733,0.001861342351716962,0.0018426818302706403,5370.1443452380945,7110.77205882353,6337.224193548387,9966.425266903916,0.241774673702641,-0.03952364362486743,0.1435505950909447,-0.2587990671136006,6.616706907821737,6.637686773097746,6.5880894396970415,6.827940722323751,4.134751231221654e-05,4.2687650370350355e-05,4.083512352855098e-05,3.4582865361836064e-05,9.367594758889807,9.228744011519417,9.356648005524733,9.354548741140537,-0.25263812788874107,-0.2680296120463175,-0.26104529639619195,-0.26303213725609015,0.966117039128616,0.9708363124224226,0.9694044385110039,0.9701406389711008,0.02958184526566717,0.053343036957856055,0.03671707291677535,0.04658231643414667,197.01339285714283,191.8419117647059,198.85,203.6423487544484,7.261024591250293,7.195561025947902,7.323158509244815,7.3037911871543795,8794.891189678994,6570.055890462791,8461.604919354846,5868.389879180868,3541.2588837292715,3420.206987321586,3699.7072782258056,3958.7037865211914
92,1,932,1320,85,80,45,47,63.212446351931334,63.17381974248927,1.141793227224504,970,0.5688102254074571,34.44792091974742,1,0.706060606060606,0.8758153194084204,38.23535340596684,39.20459156782532,16.0,5.743468089824015,5.0,31.729004549933958,31.447385244968206,-83.07789874630329,115.63961030678928,0.9608247422680413,0.7715547070249281,0.05422071114090643,0.14918263313279992,0.062237928881092065,0.014622295098898659,0.02004879793564418,0.05069774456369111,0.02222259006098378,0.022068289725513873,0.015253512335490731,0.01231098837746936,0.015603686329419945,0.007015604398185293,0.00602194694104767,0.0038107756678016458,0.01025012804184865,0.014452336560052289,0.012352662445324599,0.0028461141454418923,0.008156501282521792,0.01433631991555314,0.008977652789068575,0.0045537186656437285,0.003655649410453137,0.008398289854527553,0.006279247184540915,0.003334671670877144,0.005753143278964006,0.002941969073420761,0.004349730015953341,1,17.87662275135517,317.3376605063677,0.2142857164144516,0.03896103799343109,1.2503335281211967,0.20779220759868622,1.0,0.18429507991087804,0.3404910520454589,0.24025973677635193,0.16233766078948975,0.16233766078948975,0.009887242772385748,0.2130038199181186,0.37662336230278015,63.741886647620056,64.30652751806294,0.0,63.212446351931334,63.17381974248927,0,67.0,65.0,0.0,1,1,0.11966441627047386,0.2740740737481591,0.3139758554746515,0.2922856545067155,2.1868085483153172,1.5767718316869381,0.9919508383131356,0.64247695754778,0.2000717038484386,0.45212304146673593,0.4311979326424514,0.07295141601827651,0.0020982167352537723,0.0021457342128027687,0.002089200101262916,0.0018301924561754694,5354.611851851852,7182.591911764706,6347.192245557351,10008.472370766487,0.24359356387801118,-0.044354667411530255,0.14352972010770457,-0.25937549071654414,6.567568175539186,6.648669699536581,6.597911332236132,6.816762819852696,4.514073082776064e-05,4.622515510110292e-05,4.229086043209887e-05,3.239006103012172e-05,9.346692134254855,9.252267414979217,9.322270407471017,9.342004053418124,-0.26203645302709383,-0.27033684817430514,-0.27330822243975467,-0.27419399103602327,0.9696912253914267,0.9718763005029991,0.9735090346786953,0.9739708969961626,0.03620099807470695,0.05286133484921164,0.038639732389203756,0.052368644519584645,195.71999999999997,191.11764705882354,197.68982229402263,202.92513368983953,7.280174410315126,7.201415361196467,7.247276319281089,7.350047247651407,8803.416414814827,6572.489835640132,8474.5532243626,5885.869617852019,3539.507066666667,3438.770436851213,3705.436367479988,3973.5854971546214
93,1,960,1353,86,80,45,47,63.15833333333333,63.10625,1.1357692705256694,993,0.572496056668686,34.961549778946534,1,0.7095343680709535,0.8804605177750309,38.910929466327424,40.311288741492746,16.401219466856727,5.820102431803818,5.0,32.0,31.9033618702175,-84.74570305257028,117.05382386916237,0.9667673716012085,0.7517209208526247,0.07423407799857253,0.15180334552172092,0.06094034478680009,0.017744924283894712,0.01713402688677868,0.041737241867749596,0.02269639734523034,0.022351134854582882,0.01878722227921462,0.017766583315120425,0.011967257444647038,0.01089258156149792,0.005985393131578376,0.005063847506936068,0.010739810151389894,0.011567477340825342,0.014419172357181617,0.006039752663893563,0.008329330283950657,0.01016113140670224,0.00969927621162658,0.00798648700905552,0.0020429865471336,0.007763124430516347,0.005930578545221543,0.00225557800884301,0.006403852770703507,0.0018298206191554086,0.004843032117056884,1,17.603895381093025,320.88311418890953,0.2142857164144516,0.03896103799343109,1.3127928924563326,0.20779220759868622,1.0,0.1796315855213574,0.33425324394678074,0.23376622796058655,0.16233766078948975,0.16233766078948975,0.008137073101746169,0.21091690014445302,0.37012985348701477,63.69959123884997,64.30227050910493,0.0,63.15833333333333,63.10625,0,65.0,65.0,0.0,1,1,0.11868625534702894,0.27290755998195415,0.3142909187219588,0.2941152659490581,2.1911308679451404,1.5688099256447645,0.995773207831948,0.6446361993404011,0.20333353087118483,0.4623879940670346,0.4380346849253048,0.07671757034536478,0.0020975321576998367,0.002257617728531856,0.0019653894910623905,0.0018393577663102692,5210.12769010043,6863.685964912282,6128.335423197492,9728.745674740485,0.25060333720714467,-0.024114153780751303,0.15702774695931276,-0.248091620625941,6.590608512479152,6.592601445612779,6.596228768832168,6.852424927105199,4.458822643124341e-05,4.598601703168284e-05,4.4931264101285736e-05,3.0692416322971916e-05,9.294362595947682,9.177433195785659,9.304547328824741,9.339384706899326,-0.24010559328816727,-0.2556216610215467,-0.24611921920658253,-0.24561610813793577,0.9595962232539993,0.9654535325021839,0.9625835768973999,0.9627232625632048,0.04618587554118285,0.06101195935099854,0.03984410393068637,0.052811015303595506,192.12482065997128,186.52456140350876,194.16927899686522,199.6349480968858,7.2266582964356445,7.159382910458005,7.24192557296735,7.302778637138449,8694.731909042457,6540.456414281325,8411.49172079676,5861.048398007697,3476.2148997857166,3351.035594798399,3634.9567859985636,3897.448518187046
94,1,1000,1386,87,80,45,47,63.207,63.115,1.1614604112636595,1037,0.589272893162913,35.682482323055424,1,0.7215007215007215,0.8609850067227071,40.0583060859778,41.43669871020132,16.55294535724685,5.921105863932303,5.0,32.0,32.36447017212108,-84.71389074726414,120.81118318204308,0.9643201542912246,0.7375998713525409,0.08853536044087063,0.14972063616194636,0.06259276386163568,0.01850488382445319,0.018019894229360307,0.03132786047742353,0.0248548206017723,0.019030997463914123,0.021573826213884137,0.017185208035515303,0.014763625011607653,0.01382245684976493,0.006778170575867471,0.00583491279200821,0.009941449171766654,0.008452745943587393,0.01171402773306869,0.00527206035901356,0.009375941198428338,0.006421285411050756,0.0110304077632771,0.010124248079173125,0.0019843210547701128,0.007212968842673282,0.008715218587008699,0.0029374668508959593,0.0034937165611181207,0.002676008660428275,0.006080821875267354,1,17.876622796058655,325.99350360035896,0.20779220759868622,0.032467544078826904,1.2803752644806696,0.20779220759868622,1.0,0.17355944462192868,0.32599350360035895,0.23376622796058655,0.15584415197372437,0.15584415197372437,0.008640901748713662,0.20793620967467702,0.34415584802627563,63.729777093268254,64.28378780308829,0.0,63.207,63.115,0,65.0,66.0,0.0,1,1,0.1222237716701517,0.27028265280258307,0.3149413388618177,0.29255223666544755,2.1825673512527004,1.5714107721080393,0.9935058008259225,0.642971948715269,0.22031403280519085,0.4816440417026893,0.4263218791541334,0.06664291146583551,0.0020694263941398866,0.0021474299124026957,0.0020561372243261306,0.0018421396595105057,4980.631793478261,6581.365609348915,5881.329850746268,9351.528052805279,0.2609143393179749,-0.010658983003253183,0.16985143096655567,-0.22934729805459067,6.508895722402301,6.566806995340707,6.539113283366428,6.8878955796802535,4.980018774367911e-05,4.7613370574736234e-05,5.268507371317387e-05,3.167118239999278e-05,9.310727107401615,9.232553914193883,9.305493152922116,9.372161123861556,-0.23759446144432964,-0.2471956939545118,-0.24241516967369997,-0.24658261015529934,0.9585221920331612,0.9623050745204139,0.960847861464436,0.9635109515926151,0.039040087596784144,0.045008083726476966,0.04245884909465891,0.05495899917980988,186.41440217391306,181.86978297161937,188.67611940298508,195.26072607260727,7.225115008937156,7.171584366532049,7.262033924952805,7.24947191104766,8497.18832518607,6442.5439784170085,8288.013011806637,5862.281856898553,3369.455029666082,3255.9773969414837,3542.3357156382226,3803.452477425957
95,1,1015,1419,88,80,45,47,63.35369458128079,63.16453201970443,1.171242991187203,1055,0.6041417452818438,35.949104827605794,1,0.715292459478506,0.853793796440458,40.70788116920454,42.42640687119285,16.64331697709324,5.94659774511112,5.0,32.0,32.43916907519014,-84.90791580390447,122.22539674441619,0.9620853080568721,0.7087080202992726,0.08364632259934578,0.16398094821940312,0.06343940862846373,0.016942894373771146,0.016048970990616158,0.03230607927791021,0.015048804021540053,0.015602062731152078,0.021084207251914143,0.022995071470448193,0.014642459067713493,0.014130417966807791,0.011965285561915512,0.004189598333242517,0.007305819201074985,0.010155092120725536,0.011121448095594464,0.008614428366318684,0.007370941041538942,0.0013279965150226106,0.011644148802944832,0.006486318199947439,0.004354686644946316,0.006383505752357042,0.007024415486904461,0.007041024432593655,0.007003847328269392,0.0020976511721294247,0.004058380834672745,1,18.051947459578514,327.5454518944025,0.20779220759868622,0.03896103799343109,1.249841852855965,0.20129869878292084,1.0,0.17357641788056263,0.3227048787136971,0.23376622796058655,0.15584415197372437,0.15584415197372437,0.008970169793153576,0.20624811352461989,0.33766233921051025,63.8059355396473,64.32968556011281,0.0,63.35369458128079,63.16453201970443,0,65.0,66.0,0.0,1,1,0.12071289818251138,0.26955711510111313,0.3150945654206235,0.294635421295752,2.18792127955801,1.5634312675864541,0.9963270526539956,0.6459070250867994,0.22687475664714196,0.48648135682238647,0.42628257659577257,0.06234726140944545,0.0019804929423884,0.002077398548777211,0.0018056962395969123,0.0019247802234119904,4860.233022636485,6419.237704918033,5820.18556701031,9261.229268292682,0.26724841865373483,-0.003904050678960051,0.16698945880992974,-0.23243117010306305,6.452847814425107,6.571578159570986,6.483495267490137,6.794215614625546,5.1528271155478346e-05,4.789627678001544e-05,5.153129847852126e-05,3.3808812894007375e-05,9.364093803195894,9.285723757925124,9.383943401542389,9.373734322905753,-0.23897603939162707,-0.2477236381805741,-0.2347390596925352,-0.2536163740142853,0.9598173696540705,0.9631177665341236,0.9578940510718431,0.9665892760919231,0.04257027903386343,0.055414740253843985,0.03559900901321346,0.04420023576134193,184.04926764314249,179.7327868852459,186.73048600883658,193.59674796747967,7.243995921497271,7.196330274679196,7.191998537108964,7.305873412206638,8405.471607319843,6369.310564364416,8153.672575757882,5767.973973164124,3316.4261574890825,3197.1370673206147,3493.4645356920537,3757.3008103642005
96,1,1013,1419,88,80,45,47,63.31589338598223,63.228035538005926,1.1735554156515409,1052,0.6063970634285711,35.91366952591617,1,0.7138830162085976,0.8521114441322011,40.724375630513656,42.579337712087536,16.64331697709324,5.924587375560212,5.0,32.0,32.38247585273705,-85.4099592157737,122.22539674441617,0.9629277566539924,0.7078017060319494,0.08468143310834036,0.1617908309323011,0.0668382867915318,0.017567156258278697,0.016527656559379524,0.028198749225809474,0.015596704236723142,0.016469263475405137,0.020347382466510532,0.024184418770469996,0.015131836185018559,0.017154221324643892,0.010512815658675432,0.004431958224995274,0.007939627449895223,0.009386235036990832,0.01102148317515527,0.007826707722054366,0.008403915297241276,0.0029877284878525655,0.009673317248135742,0.007960424109649785,0.0034744712544853363,0.00694752437521079,0.006454272176986525,0.007834853164981026,0.006671079767821475,0.001523526936575096,0.005127816319488964,1,18.523178055882454,332.8211883753538,0.21192052960395813,0.039735108613967896,1.2605663986232731,0.20529800653457642,1.0,0.17810748130656207,0.3285500378828764,0.2384105920791626,0.16556291282176971,0.16556291282176971,0.00861114346419574,0.21024692794652058,0.34437084197998047,63.805475965936196,64.38964500023653,0.0,63.31589338598223,63.228035538005926,0,65.0,67.0,0.0,1,1,0.11765759346026004,0.2696195481411806,0.3174546339670341,0.2952682244315253,2.1670389486407804,1.5696816222242276,0.9956084960018742,0.648821499672744,0.2338358299173744,0.4926723183996774,0.430502253135277,0.06242221024207757,0.00203653825929009,0.002193884175900276,0.002004637968691536,0.0019156627792729292,5056.572763684913,6686.276315789473,6132.334808259587,9656.161764705881,0.26909945780982203,-0.009088067232609855,0.15971638834705523,-0.23186219790480925,6.522984517923977,6.560479592264617,6.492970371864402,6.868982668243164,4.9002738546185196e-05,4.7551627964854574e-05,5.341950406930357e-05,3.127696508120541e-05,9.35092878590072,9.232210780347526,9.330432336796827,9.363316444429334,-0.23819220660891186,-0.2522559696464769,-0.24240333861080696,-0.252975643407227,0.9592794859000349,0.9645732483225283,0.961116043234866,0.9662170042940164,0.04838616318957154,0.05685144839283432,0.04035369125714207,0.041082607139787834,187.2109479305741,182.60855263157896,189.67699115044252,197.1781045751634,7.292454142799069,7.159033893334003,7.251679267240538,7.33485152020633,8779.982203240288,6565.840190010378,8463.534308350936,6021.179063074036,3459.138741731298,3313.0291264499647,3648.9672791526373,3919.3352069449793
97,1,1077,1610,90,81,44,46,63.370473537604454,63.24976787372331,1.2129459679538401,1128,0.6227526750064979,37.03078435139837,1,0.668944099378882,0.8244390322570874,42.51399284404132,45.27692569068709,16.97056274847714,6.025503817755858,5.0990195135927845,33.54101966249684,33.263745285814714,-85.80822564320607,128.12489168102786,0.9547872340425532,0.6669780004624281,0.08984873467211238,0.1708316620308653,0.06780096876310056,0.0126227995736139,0.014000490600655488,0.01871429191708443,0.00909810029015626,0.01768852472860142,0.02120402893659873,0.03184468184249991,0.010795835908952464,0.01832977288710837,0.013322899972538478,0.0023012307039556147,0.010475006656937014,0.006564659978712859,0.007968419906089609,0.01220350016706934,0.005730739095832702,0.002467303822262019,0.005747685458262856,0.009857230623531785,0.00499220932218718,0.007467017813792961,0.007423583351040946,0.010751209888843436,0.008115837226114558,0.005975479862319603,0.0035218251583146285,1,18.177630826830864,344.2565750926733,0.20394736528396606,0.03947366774082184,1.2153342970914154,0.19078946113586426,1.0,0.16988440025075574,0.3196439880154813,0.23026315867900848,0.15131579339504242,0.15131579339504242,0.00756895991390468,0.20589384260450333,0.31414472311735153,63.83517113508665,64.37275211073688,0.0,63.370473537604454,63.24976787372331,0,68.0,68.0,0.0,1,1,0.11183519071905877,0.26477726650417616,0.31756072506158134,0.3058268177151837,2.076663800076307,1.5498104131793333,1.027065768442411,0.6561264595204237,0.25359439853695037,0.5173519628366184,0.4538066958882415,0.06926512883037197,0.0020460071765722853,0.002083904200275859,0.0019502314814814814,0.0016819221172758422,4684.912718204489,6141.36722306525,5841.252777777778,9146.93911719939,0.290493316339751,0.021327922691473426,0.1690373190901581,-0.21092942158892136,6.418988520788677,6.466972734573451,6.437909606966546,6.82948970988418,5.756997133078116e-05,5.546694784517037e-05,5.521044319058641e-05,3.569949822647785e-05,9.42603043084022,9.32314132816148,9.404060446986346,9.49970889748951,-0.2369956497948284,-0.2507406010782279,-0.24530990411645556,-0.2545668203973707,0.9595192187751848,0.964852224298201,0.9632651584002159,0.9681950008834925,0.05215330080659091,0.0529824265528279,0.04236283700143053,0.03823505452992321,181.61097256857857,176.43854324734446,185.4638888888889,192.4337899543379,7.127906893343727,7.096360128619288,7.189020692253835,7.305166908213394,8521.200278605233,6409.041367225374,8217.748695987648,5960.36433769104,3301.528249202429,3137.6021475726575,3514.7503684413605,3776.825863722608
98,1,1028,1485,89,80,44,47,63.11673151750973,63.190661478599225,1.1992582227934165,1071,0.6323786296939067,36.17858830838687,1,0.6922558922558922,0.8338487750125348,41.68831931474809,44.181444068749045,16.64331697709324,5.89449866727832,5.0,32.0,32.2942506525714,-86.43027367229901,124.46803743153545,0.9598506069094305,0.6682360526070339,0.08594528332432169,0.17264295284780964,0.068357305145467,0.012579986267380097,0.01468333882330066,0.0206174148377516,0.006883383357248275,0.016230047829752247,0.021403267778383486,0.029092219902974146,0.013892492036866265,0.0187216892435835,0.016015599658500995,0.0026240217665435715,0.0079304700280068,0.0067041061601505565,0.006463874087878215,0.011595668366825468,0.006954242760796818,0.002668427182856431,0.007311139452288749,0.007717404273309437,0.0057638155902025225,0.0070898936036718685,0.006075927655283986,0.011765135057860894,0.007066954979248496,0.0037105694981320997,0.0033715475383467135,1,18.54666619002819,336.74666184186935,0.20666666328907013,0.040000006556510925,1.2696592336677877,0.19999998807907104,1.0,0.17663491609550658,0.3275745737761375,0.23999999463558197,0.1599999964237213,0.1599999964237213,0.008027668131758392,0.21031495063753258,0.3333333134651184,63.61401251244222,64.35888499390647,0.0,63.11673151750973,63.190661478599225,0,69.0,67.0,0.0,1,1,0.11278508094096203,0.26379870099254055,0.3164396581074624,0.30697655995903506,2.108055694678336,1.540824230797337,1.0229558758945632,0.6588139950686595,0.2461364188120261,0.5088995819712168,0.4632695009756126,0.0786889666423196,0.0019719168882431953,0.001986110277402972,0.0019945618540584487,0.001807951320157937,4995.7565445026175,6599.368336025849,6105.869309838473,9587.880258899677,0.27359924384412504,-0.002734448991775962,0.16631878626426608,-0.22041783730058562,6.4726996568819395,6.502175965588272,6.491760916393657,6.759807418120285,5.26677300501888e-05,5.711410053221343e-05,5.696827131989521e-05,3.4121126836998336e-05,9.398988476982986,9.32862846799127,9.373481720940438,9.391348835657919,-0.2399891317812757,-0.24314681889913334,-0.23778869791865756,-0.2610425275454635,0.960699975049634,0.9614512399630459,0.9593304028584704,0.9697254309616289,0.040573308726740046,0.04402707537898707,0.043810908496867196,0.04656038141504602,185.9973821989529,181.22940226171244,189.59911894273128,196.65695792880263,7.180042219637659,7.157297168080749,7.217418260927277,7.244363927104256,8759.06543817329,6563.375484456927,8542.102143129749,6124.574878771673,3438.705495668977,3290.685955120691,3661.9928632420597,3928.113784417841
99,1,1034,1485,89,80,44,47,62.94003868471954,63.202127659574465,1.1922992775934553,1080,0.6425885927569341,36.2840142384516,1,0.6962962962962963,0.8387155966565765,42.10992679941011,44.40720662234904,16.76305461424021,5.914838230854679,5.0,32.0,32.2651057186997,-86.03948808304901,124.46803743153548,0.9574074074074074,0.6655905581860783,0.0914733819604891,0.16768925588634162,0.07120011123272231,0.013743222865293881,0.01234934733819635,0.015411133106595185,0.012152246179160364,0.019361425269324006,0.021644575924448694,0.03008968823315641,0.012983355942142097,0.01848617902421574,0.013620040186318015,0.004005216347244718,0.009372564454364468,0.00638528890941031,0.006821997631164258,0.012803796826157154,0.007500976823962341,0.002385396398409653,0.007828248749740179,0.010175453566618213,0.0032932931861373244,0.007029040506291467,0.006476384440915319,0.009505961916186452,0.00762843670688409,0.0035946253384920622,0.00546316551683167,1,18.610737323760986,341.9999945014715,0.20805367827415466,0.040268465876579285,1.258606357530657,0.19463086128234863,1.0,0.17724511736915224,0.33075434671322196,0.24161073565483093,0.16107381880283356,0.16107381880283356,0.007507597259704748,0.21347642994782007,0.32885904610157013,63.42794066536453,64.36231799762218,0.0,62.94003868471954,63.202127659574465,0,65.0,68.0,0.0,1,1,0.11515365630264951,0.26722006498042794,0.313885948193697,0.3037403305232256,2.12623001101677,1.5610482892076958,1.0142439701008825,0.6529469891081395,0.25146252026446764,0.5014703416268024,0.454784541863853,0.0769824326382655,0.0020146736380502613,0.0020550200834454843,0.002065429195543732,0.001973337897163424,5104.0935064935065,6750.4557165861515,6258.7393850658855,9859.505636070853,0.27969430853684024,-0.0035738902219195076,0.17301630946982208,-0.21302918454008457,6.517011508812607,6.56806752771765,6.493232893313214,6.819443229384112,4.8556251416501524e-05,4.7512107315219165e-05,5.42514914585841e-05,3.3776858729098914e-05,9.412760403793875,9.306873020818092,9.287016438110953,9.347051629168428,-0.23480075671239237,-0.2474778466706817,-0.25889010768508797,-0.26874480994751054,0.9582543374402541,0.9632303638305039,0.967896359744757,0.97215310640471,0.04612819033616878,0.050684112981447954,0.0432748470869596,0.04750556141768113,187.7714285714286,183.0805152979066,191.97218155197658,199.1417069243156,7.285239596167377,7.1392483274337,7.219300484129278,7.285688155082395,9067.926975881252,6702.376770104842,8877.567308125166,6396.5016582780445,3543.0051205936925,3363.2081216727493,3784.0766732977627,4064.001823587223
100,1,1025,1485,89,80,44,47,62.89463414634147,63.19219512195122,1.214116112484161,1074,0.6480526994082237,36.12575996921783,1,0.6902356902356902,0.8236444518917837,42.07599723342483,44.28317965096906,16.64331697709324,5.869816717954246,5.0,32.0,32.04488996230491,-86.77272465085568,125.05382386916236,0.9543761638733705,0.6611407193631189,0.09210674407232593,0.16852319230261395,0.07152689520196163,0.01309751452279178,0.011720811974709476,0.014240391692792077,0.011141149552256396,0.019456122997013575,0.021387933856153483,0.030854772537820322,0.012469563154988166,0.018305743934203828,0.014392108176963332,0.003291125524612983,0.009261415768141308,0.005408231623023723,0.006601844406176179,0.013162926007341539,0.0077227309434409735,0.0036151737525029473,0.00789732678378065,0.009338154468692987,0.004499413070477382,0.006098079367988518,0.007009598594540414,0.009604523529741659,0.00773491641727422,0.005054083401745119,0.00519521883404019,1,18.819999545812607,339.3666629344225,0.2133333384990692,0.040000006556510925,1.2177495264803737,0.19999998807907104,1.0,0.17754716552653402,0.3310894272530951,0.23999999463558197,0.1599999964237213,0.1599999964237213,0.008359104151115843,0.21399803462128716,0.3333333134651184,63.31503779527281,64.33507511618001,0.0,62.89463414634147,63.19219512195122,0,63.0,66.0,0.0,1,1,0.11560750408761275,0.26808761349949234,0.31340732836062746,0.3028975540522675,2.154503485269138,1.5792517461895361,1.013383317254394,0.6481628244333486,0.2379693229193681,0.49082071445953607,0.44395907998794876,0.06722478490741407,0.0020885100005007587,0.002054498269896194,0.0019239405119354754,0.00185959460036738,5194.14717477004,6954.450980392157,6286.372403560831,9852.276143790848,0.2696006357735615,-0.01826423623198981,0.1729118060930166,-0.2098765999961481,6.559983563884,6.666067650868554,6.592421121217841,6.86046153057304,4.5818418895767765e-05,4.589891203536832e-05,4.694527300549391e-05,3.2591063024304214e-05,9.355870674679359,9.296879862492206,9.35293379777414,9.397676987506996,-0.24635799127244212,-0.2490078427651775,-0.23996255866475344,-0.25234711695768497,0.9632379206671137,0.9638145939462309,0.9601799292064291,0.9662929753930267,0.043682755874398606,0.04313591842530933,0.04172543346224095,0.05386798088485568,188.80420499342972,184.51307189542484,192.82937685459942,199.4885620915033,7.230821511104622,7.228323980054826,7.274095025200026,7.393725377350823,9028.612124236563,6704.972051347773,8914.841807623561,6434.138758063127,3555.689824751653,3414.8557579349817,3800.3035527960983,4071.603725463494
101,1,998,1452,88,80,44,47,62.6062124248497,63.24649298597194,1.2073962492382848,1045,0.6389251870648324,35.64678198162763,1,0.6873278236914601,0.8282285129102184,41.26326442327652,43.41658669218482,16.401219466856727,5.80018189232271,5.0,32.0,31.742545089969386,-86.1744665437834,123.05382386916237,0.9550239234449761,0.6726525566480864,0.08838380857386047,0.16690116981365602,0.07135698211008368,0.012914311104725499,0.013910823518295552,0.016561980702606522,0.01310268478040478,0.0209268754463065,0.023128890715596654,0.027896422261261652,0.014010033511298344,0.02027666602453587,0.012054769652202544,0.0031539071496312415,0.010297955623957635,0.0072574794254633805,0.006281895974075827,0.010277161627685721,0.00982900926131792,0.00014542246634528466,0.008224195374136998,0.009603587302603208,0.003074303067335433,0.007738156726644424,0.005820519044166653,0.011368375481790734,0.006412131922800266,0.0043300895985334325,0.005784825268068177,1,18.743420273065567,331.6578899472952,0.21052631735801697,0.039473697543144226,1.230404876623866,0.20394736528396606,1.0,0.18022519493332276,0.33232253501732983,0.2368421107530594,0.16447368264198303,0.16447368264198303,0.009004819979526608,0.21277716685209128,0.3486841917037964,63.076053308425344,64.38365863113567,0.0,62.6062124248497,63.24649298597194,0,65.0,65.0,0.0,1,1,0.11340553763689606,0.27308974180724166,0.31105689233399236,0.30244782822186994,2.176513972338881,1.5845555949048071,0.9981825676827144,0.6519285800549158,0.21809706048963404,0.4877270062183932,0.4466033097968819,0.07996243110828403,0.002172243046878615,0.002104371120065747,0.0019113149847094803,0.0018896683909239039,5202.61768707483,7003.743676222597,6220.65749235474,9751.19224283305,0.26102492070980904,-0.034506262474917226,0.17054813681629782,-0.21446766539799328,6.581422322131211,6.598010271963771,6.54349428042932,6.859180897285366,4.602210084448318e-05,4.555958024894407e-05,4.841517917810826e-05,3.3229280717308824e-05,9.329479886286432,9.233068908675358,9.335984647787376,9.353075789406049,-0.25419256820261155,-0.26278505499296506,-0.2535642284301465,-0.262543142572471,0.9663915185128454,0.9689083267914433,0.9661925410461124,0.9699426582801999,0.04183225957866413,0.048784979166169945,0.03465666576011406,0.05657474823032015,189.83401360544215,184.85328836424958,193.37308868501532,199.94097807757166,7.190875972966293,7.11499123093817,7.2709940992824595,7.294008637728407,8878.013264843357,6536.519791041639,8778.784352233713,6307.188759245721,3520.1577379795453,3385.0658668160613,3749.8604611471146,4014.5952505196965
102,1,1024,1518,89,80,43,47,62.5576171875,63.1611328125,1.254485540649502,1083,0.6548222727625849,36.1081333470564,1,0.6745718050065876,0.7971395186286933,42.3379328224569,45.17742799230607,16.401219466856727,5.8123407244890455,5.0,32.0,31.998285625079568,-86.79839483902964,127.05382386916237,0.9455216989843028,0.638803181679964,0.08652547421182552,0.1746189506266507,0.06972559985612868,0.011269811092404358,0.01386558557562402,0.012583691623968107,0.009698735050736393,0.020569299655776776,0.026980487654103283,0.02717438143855953,0.013406511076059155,0.016348220656932134,0.016771307881907883,0.004604131377526237,0.01133614807995788,0.008099799033133591,0.003235222278880733,0.011561230412361527,0.008399513719741339,0.005575636184548128,0.006518198320750381,0.009170588609927064,0.0022884892043203236,0.008829362854093857,0.003682236840783904,0.013631802794616966,0.004787539727580159,0.00479149664334974,0.0054576732525581945,1,18.759739607572556,332.8376592993736,0.20129869878292084,0.038961052894592285,1.2146218032038616,0.18831168115139008,1.0,0.17370129266270884,0.32503677665954456,0.23376622796058655,0.14935064315795898,0.14935064315795898,0.007504558005076886,0.2095692730472769,0.3311688303947449,62.94131532364213,64.31355715497948,0.0,62.5576171875,63.1611328125,0,66.0,65.0,0.0,1,1,0.11177009931855669,0.2681780051754305,0.31449363198875047,0.3055582635172624,2.1194922537444736,1.5782429729864396,1.0256098062308288,0.6491528253976692,0.23365657919729496,0.4906369338455595,0.45606842198066555,0.07735820116762981,0.0019806094182825483,0.0020303681805966148,0.002033242396008589,0.0018151618767313015,4957.117105263158,6694.350819672132,6010.982062780269,9332.365131578947,0.2718940185119418,-0.02945769232986904,0.17758148203696575,-0.19379971143735814,6.533003662419369,6.646699718145255,6.533556045347627,6.832869657600945,4.90563728142313e-05,4.176553235647339e-05,4.9318651219383355e-05,3.46387192152874e-05,9.40090723322012,9.270378902411798,9.32416979253645,9.40595215413094,-0.25476008278095313,-0.26751651279954936,-0.2656526189317863,-0.26831563378263124,0.9673286694253173,0.9710294176184654,0.9708369493311986,0.97251507908424,0.04592833979972803,0.04824629821555273,0.03700669106003835,0.059418041111362216,185.3513157894737,180.94426229508198,190.0523168908819,196.26644736842104,7.298339997925296,7.113777364100256,7.238068773738879,7.2734186833052235,8659.354208795012,6311.236237570538,8606.835827965355,6302.359926852492,3404.1178285145434,3251.39676431067,3654.4544726864024,3908.6812646078633
103,1,1023,1518,89,80,43,47,62.410557184750736,63.19061583577712,1.2441595012181506,1085,0.6682491527932218,36.09049811604256,1,0.6739130434782609,0.8037554662572642,42.682345015669725,45.17742799230607,16.401219466856727,5.790210646237877,5.0,32.0,31.752998935120218,-86.95621122089301,126.46803743153546,0.9428571428571428,0.6381793504478547,0.09022901360216724,0.17021789922481717,0.0743548943915129,0.011298736792017178,0.012612653044930961,0.007274025596302339,0.009649071349891696,0.02202016620285906,0.024553932031785724,0.03015259483859822,0.012761863998563109,0.017968369149684433,0.014927147759581776,0.004650255771934843,0.012101261098401232,0.0065706887770104845,0.0026709596310078064,0.012322275852929079,0.008575981572856661,0.005252406423339095,0.005119315970253642,0.010483163311468535,0.0023014102790909104,0.008749416612273504,0.005080495559825896,0.011848149085021784,0.006463680803970113,0.0057470588859075454,0.0057243989288201695,1,18.920529171824455,340.0132415443659,0.20529800653457642,0.039735108613967896,1.184122192941071,0.20529800653457642,1.0,0.17682737543761173,0.33236876006291877,0.2384105920791626,0.16556291282176971,0.16556291282176971,0.00725544771849895,0.21383314637219406,0.3509933650493622,62.75086673121466,64.32478283423947,0.0,62.410557184750736,63.19061583577712,0,65.0,67.0,0.0,1,1,0.11277316891720938,0.2666238171830973,0.31467414746765293,0.30592886643204037,2.136425033376013,1.5950652922708082,1.0284717343751077,0.6452891347628394,0.22644809433486762,0.48399945801015304,0.4487897812821664,0.07409322693712077,0.0019276803088454572,0.0019287785664819938,0.0018678274633953309,0.0018012939907852174,5145.143610013176,7033.092105263158,6190.568421052632,9646.123762376237,0.27192642429983976,-0.03619571941994146,0.18503737322984057,-0.185973253280985,6.548527478543672,6.649640007887528,6.530500455655826,6.749313641611962,4.563895144621314e-05,4.0450584855436285e-05,4.891421393371235e-05,3.760656863663626e-05,9.443984185366839,9.323386807189786,9.383523793794216,9.40285973596408,-0.2514635166885093,-0.26643928893124824,-0.26038799930870904,-0.27222615096697333,0.9663768845317942,0.9711173128954943,0.9694017516880344,0.9738258296948561,0.03053809204148246,0.04423243539989519,0.030664714534246802,0.05875866161872792,189.76021080368906,185.27302631578948,194.7157894736842,200.68151815181517,7.280765136536283,7.150475703009262,7.292026350272139,7.397355332599744,8988.437889810637,6541.741246104568,9001.707194301547,6620.893618817325,3533.3953749559514,3393.7083378419375,3798.068903838539,4066.754345298392
104,1,1025,1518,89,80,43,47,62.29951219512195,63.215609756097564,1.2532616523171611,1090,0.6724262632323288,36.12575996921783,1,0.6752305665349143,0.7979179751898541,42.87269413573753,45.27692569068709,16.401219466856727,5.78706076030836,5.0,32.0,31.732829810582587,-87.18763467943025,127.05382386916237,0.9403669724770642,0.6356847615059912,0.0916942416547031,0.16952933073713253,0.07504916864716227,0.011483675649282024,0.012017946059964849,0.005723963718793314,0.00846326300817527,0.02205047792894346,0.023740903197164515,0.03095755945599536,0.012990608460537838,0.01734478731235775,0.01541532743586294,0.003353522790142446,0.011310668996271853,0.006119566548473191,0.0020616025408886776,0.013528945965746027,0.008676147708720418,0.006745983494532694,0.0048445460681712975,0.009945379987456397,0.003163854567179705,0.008212019545424575,0.006017757315779918,0.011064280187463214,0.006958586740816357,0.0068435447157312755,0.004836026200454519,1,19.225164830684662,341.24502742290497,0.20529800653457642,0.039735108613967896,1.1500719910332282,0.1986754834651947,1.0,0.17801078546930243,0.3329219779735658,0.2384105920791626,0.158940389752388,0.158940389752388,0.007737696604498305,0.21442736488014896,0.33112582564353943,62.599809812099224,64.32578403331574,0.0,62.29951219512195,63.215609756097564,0,64.0,65.0,0.0,1,1,0.11463670139897017,0.268203695294007,0.31268436773461955,0.30447523557240325,2.1759744247026656,1.6171105157432752,1.0174650061205868,0.642154560620809,0.22773827851394413,0.4730529572710536,0.4366205983146769,0.0691445966466814,0.001969363915313034,0.0019260734072022157,0.0018405701117723905,0.0017985709462035315,5216.449408672799,7209.011513157894,6166.453313253012,9588.384488448844,0.26596930985057,-0.04803745654092227,0.1925985991977935,-0.17562917393569016,6.568061595336808,6.721272507464465,6.5747243037832614,6.780914240272006,4.4577313841728976e-05,4.1507287699099726e-05,4.598014256763501e-05,3.603230848784909e-05,9.390739969031634,9.31733859007899,9.36562161003756,9.40953424590104,-0.24765419287929424,-0.2502643707596393,-0.2523342653162394,-0.252737888399305,0.9641858611637446,0.9645841241794354,0.9659685194262689,0.9665743891718072,0.03622462847433137,0.044832435332720515,0.0314535276841498,0.05422558707662358,190.2759526938239,186.2878289473684,195.35391566265062,200.93564356435644,7.18896401034708,7.1438174754234325,7.237680827730291,7.372656912911278,8996.714914499731,6548.152351865479,9108.361189486859,6723.535462209584,3553.2910807931366,3439.290966255845,3818.703625684968,4077.9799876646102
105,1,993,1518,89,80,43,47,62.07452165156093,63.20845921450151,1.2699010666763753,1059,0.6663983074334713,35.55737431141417,1,0.6541501976284585,0.7874629183651536,42.052937939117044,45.09988913511872,16.278820596099706,5.695464776401503,5.0,32.0,31.354499513438885,-86.40233943475008,125.88225099390857,0.9376770538243626,0.6188458708209413,0.0936040827514285,0.1738005477175217,0.07165069476138294,0.012524109144499342,0.009204234608003209,0.0053613384094482516,0.007815107821356616,0.02192203235468401,0.023258438366255428,0.03293848039253668,0.00899314891250377,0.014968949723694884,0.01734829759089651,0.003567043968060473,0.011801625084661925,0.006475771938804932,0.003140073902697971,0.015126279554337953,0.005897503443511356,0.007299237507271068,0.004072892023283908,0.009194379035100394,0.003729040131694243,0.007764999834015228,0.0067251583724151145,0.01038254091362942,0.006945395091484992,0.008821902671417366,0.0037885704185426465,1,19.045750498771667,332.96077463030815,0.20915032923221588,0.04575164616107941,1.1756843616002106,0.20261436700820923,1.0,0.1796768914978459,0.33530793014129723,0.24183006584644318,0.15686273574829102,0.15686273574829102,0.0086226884027641,0.21432050211183207,0.35947710275650024,62.38580371945725,64.34218633877678,0.0,62.07452165156093,63.20845921450151,0,64.0,68.0,0.0,1,1,0.11393125669475547,0.26865320102887436,0.3127024327448039,0.3047131095315663,2.1756488057286862,1.6070640278413968,1.0147500513581376,0.6451601658099044,0.2180627770160412,0.46877686346714526,0.443867017932758,0.07803458341106102,0.001863389003565397,0.0018794567461062112,0.0018855455429879814,0.001973847614873256,5271.057534246575,7220.469178082191,6258.092476489028,9563.979487179487,0.2583756617294791,-0.06159363549763108,0.18124867152878352,-0.17718295353056027,6.648214860411011,6.6411826351725285,6.599431480493703,6.7878928973870085,4.031859412383891e-05,4.2443428461894816e-05,4.347257658838786e-05,3.6253830559093994e-05,9.476986721755749,9.310060769539827,9.346684327783683,9.33009083862212,-0.2556096212508826,-0.27465713016165527,-0.2743615719081629,-0.2886404617970506,0.9683997796626457,0.9738556927947343,0.9740654413104561,0.9782791253657322,0.03800978242858233,0.041793446768035925,0.036029117978254525,0.06571135396435845,192.16438356164386,187.11643835616437,197.47492163009403,201.89743589743594,7.2619149106711465,7.136102852660262,7.2823773055967855,7.363387317455711,8943.841471195337,6382.606305122921,9028.826173583213,6684.94674556212,3553.72475136048,3400.768870801274,3821.729662518055,4062.2315581854054
106,1,961,1485,88,80,43,47,61.85431841831426,63.26326742976067,1.2588326415499995,1020,0.6644658116368807,34.97975417996089,1,0.6471380471380471,0.794386773104883,41.29331273099752,44.181444068749045,16.1245154965971,5.623907562403472,5.0,31.304951684997057,30.85926329129499,-87.03200834316236,123.29646455628165,0.942156862745098,0.6245562325829643,0.09402314730058958,0.17363319375792935,0.06860610517598192,0.013485073771492821,0.011023828924817524,0.00901082292722129,0.011739617436427503,0.02187187687978618,0.025277746164952555,0.030038555401011375,0.00891743916171281,0.012306618399976975,0.01833506059466042,0.008415539381523805,0.010767671015299912,0.0063393027944692055,0.0023332427136390477,0.012439235733677282,0.007431086957066059,0.007973708122700547,0.008022667835825385,0.00662710366370143,0.003280833602315866,0.006259043382387517,0.004353345047048575,0.011327811552765783,0.006981083317085372,0.00868279257405468,0.004509427798219717,1,18.909090131521225,326.62337340414524,0.20779220759868622,0.04545453190803528,1.1535661805817543,0.20779220759868622,1.0,0.18358339933515752,0.33987864037892324,0.24025973677635193,0.16233766078948975,0.16233766078948975,0.009541501916294135,0.21561650889535316,0.3636363446712494,62.18109344062789,64.36958249237796,0.0,61.85431841831426,63.26326742976067,0,64.0,68.0,0.0,1,1,0.11570576531676448,0.27252485108568164,0.30900596526597784,0.30276341833157605,2.1802596170472586,1.626685601821986,1.0032254480425826,0.6422861920897228,0.20499988344197598,0.4540446838817505,0.43503101103819375,0.08183403785214742,0.0020383357277944172,0.0019419642857142858,0.001982779658139609,0.001997767857142857,5479.444444444445,7487.103571428572,6355.452768729642,9646.57142857143,0.23875704867904907,-0.0829284875431207,0.1758409174181855,-0.17989470598845664,6.665815441504156,6.67633196758482,6.644702359744768,6.757968568043882,4.006873465889836e-05,4.453075175382654e-05,3.9325676024662736e-05,3.942372847576531e-05,9.327138323205197,9.249470825093026,9.27497980251507,9.270640026829229,-0.26024889882213426,-0.2671714167239161,-0.2681816201320274,-0.2760921299630179,0.9688182316105935,0.9707127734234106,0.9713116047199467,0.9739967934827208,0.04396936548578742,0.047963601881832546,0.035253076809031406,0.061628078002334614,195.53561253561253,190.24285714285713,200.44299674267103,204.1642857142857,7.262043285239415,7.100874384960058,7.199721650725081,7.285755192988749,8916.602008100592,6340.4088775510245,9067.42590372311,6705.008724489795,3599.0116131362574,3456.878112244902,3855.719668113188,4087.8950382653074
107,1,957,1485,88,80,43,47,61.657262277951936,63.22779519331243,1.2761342780662421,1023,0.6667246533486806,34.906879612929465,1,0.6444444444444445,0.7836165967701492,41.299423597537,44.28317965096906,15.811388300841896,5.576064227243981,5.0,31.304951684997057,30.780630708492346,-86.31672476800419,123.88225099390856,0.9354838709677419,0.6200805167222596,0.09709689153535533,0.17107525672721263,0.07048939626458925,0.015101713981675,0.008723933928816758,0.004981461275844052,0.011527468528450172,0.023312659679776773,0.023983566189826694,0.03057674373031505,0.008238223630700798,0.013461411275638026,0.0173638552313233,0.008273937946926177,0.01196860799833639,0.007622911495476405,0.0033104470084026998,0.014231674963907495,0.0070054209045203744,0.0062553780449001424,0.006193347938780739,0.008372007535234224,0.002052632322773594,0.00754130744653669,0.004717990479592284,0.010319674529773594,0.0074862708589730365,0.009214610570532727,0.004258404637232806,1,19.6291384100914,333.78807513415813,0.21192052960395813,0.039735108613967896,1.1617163803742039,0.21192052960395813,1.0,0.1887417154816481,0.34878586743381207,0.2450331151485443,0.16556291282176971,0.16556291282176971,0.009848505239889322,0.22047752184634217,0.37086090445518494,61.95875163453157,64.34970834338196,0.0,61.657262277951936,63.22779519331243,0,64.0,64.0,0.0,1,1,0.11761437963488659,0.2700686484356926,0.3078250875098304,0.30449188441959035,2.206999241384039,1.6255075254902986,1.0054218728563393,0.6418474303734534,0.19171959531515817,0.4433070101705056,0.4382810287402095,0.08191416918673368,0.0019581632653061223,0.0019105592078565055,0.001894138551179489,0.0020956179905191347,5673.457142857143,7969.610810810811,6597.426929392446,9998.768817204302,0.24412552394041726,-0.09732089698492231,0.18004356865578378,-0.17237723651043385,6.637633317697828,6.723340040183598,6.6808062281240215,6.765052691441615,3.8775011957908175e-05,3.74078978947275e-05,3.737138409277083e-05,4.076988637846301e-05,9.359696975086269,9.246553100959277,9.308540357255222,9.282273069526752,-0.256853754519364,-0.26515364989256107,-0.2612877380583578,-0.27019851943212175,0.9677817428230524,0.969937762509015,0.9690462325509388,0.9720940660881807,0.04047136431131748,0.03699495026871389,0.028387455377137088,0.0527152190829357,200.31428571428572,195.4774774774775,205.70607553366173,209.3100358422939,7.283351425212929,7.1048373785720855,7.289271428154218,7.352321243411987,9338.181224489796,6555.968411654896,9494.71328000087,7058.486315052483,3752.9095918367293,3631.394805616428,4023.0350523483266,4264.313783064192
108,1,279,380,73,76,53,57,62.03584229390681,66.3405017921147,1.0449198189567372,292,0.35387806436352653,18.847647942942654,1,0.7342105263157894,0.9570112288600422,19.516796634233526,19.4164878389476,8.94427190999916,3.43926633802685,3.0,17.67766952966369,18.253895309575842,-83.58126587893798,60.526911934581186,0.9554794520547946,0.938001703134245,0.03180020393784411,0.05148757956846867,0.030555009961422366,0.024431525229835143,0.025799524542191664,0.033740412327330674,0.023650400999924315,0.013985348905114287,0.014767330123710024,0.014015918298796693,0.00045515212760541425,0.013919205289840121,0.01623690106444329,0.009590040374158917,0.01336771666084909,0.005401276299446568,0.004295555262031966,0.0029818178750621095,0.0029972093868448056,0.0029668527954803702,0.010113303442135577,0.007434455211086111,0.01527250198690546,0.004723345089017074,0.0018552589433911623,0.0009918772570774062,0.004347757582282107,0.0061499548052042705,0.011525343013159354,1,18.172185093164444,177.7284750342369,0.42218542844057083,0.20529800653457642,0.16155412557893542,0.41721853613853455,1.0,0.35631735476793025,0.6370196237786269,0.6291390657424927,0.317880779504776,0.317880779504776,0.02775884797470967,0.22222711158919436,0.8211920261383057,62.19700414433917,66.35175316788803,0.0,62.03584229390681,66.3405017921147,0,62.0,66.0,0.0,1,1,0.08301971325090551,0.2876998200357244,0.3576778283556726,0.2716026383576975,1.544166666466836,1.4333616033922683,1.0846968925133975,0.6532511732913583,0.01580701987761926,0.04871630414396835,0.06535471274028426,0.025523735786812857,0.004718792866941015,0.008382642998027613,0.004929009858019716,0.007584770969660917,9412.881481481481,8549.602564102564,8659.464566929133,8251.439024390245,-0.35138289966558856,-0.5775865429993667,-0.2983824047563979,-0.43555692653081984,6.33215393028801,5.634698532937076,6.185227206320923,5.701766181315434,4.0253899552040464e-05,7.077630298220744e-05,4.7467898890875916e-05,6.955865591073023e-05,7.821187634055816,7.035276898293954,7.736716182835157,7.128833864347799,-0.4074327563197586,-0.5700215104561562,-0.4225251456466103,-0.5408174493936652,0.9908169474934019,0.9981656554095455,0.9920430136953977,0.997461552500368,0.02738018729841927,0.030087850387743427,0.007094356426669824,0.05054626999063177,352.03703703703707,306.0897435897436,346.9133858267717,313.68292682926835,6.468378815662552,5.610669007540574,6.433335670921923,5.793348803319421,4517.857887517108,2289.2355358316854,4679.386198772379,3244.3628792385134,3482.6848422496696,2709.709524983573,3334.712691425382,2873.950475907197
109,1,322,420,73,77,52,57,61.68633540372671,66.22981366459628,1.0290015463713373,333,0.374233504296488,20.248040236149336,1,0.7666666666666667,0.971815837912384,21.057823826486747,21.18962010041709,9.433981132056603,3.656663286371319,3.1622776601683795,19.0,19.527646635629242,-77.91892572469791,64.5269119345812,0.9669669669669669,0.913102747003836,0.0356791349867683,0.07168252554671888,0.03122662666830126,0.022153147345476448,0.025397256990507985,0.04777007392150565,0.019108385004099723,0.015262987223127517,0.007437260797612395,0.00911536048753582,0.004276051466560196,0.024308043308934896,0.009679100812835061,0.01266005669958581,0.009545948534621864,0.0040555101314780915,0.003163139219506179,0.0018191873109243196,0.002114552408588694,0.00805667427713279,0.004638448086043254,0.011086003489628399,0.00907686068098077,0.0033679757177115417,0.0068849737712002,0.006895997451301033,0.0029578586305517877,0.002880791266726712,0.002845725672446713,1,17.34868422150612,190.99341988563538,0.3684210479259491,0.19736841320991516,0.20371904410831534,0.3684210479259491,1.0,0.31543062220920215,0.5931472667255757,0.5526315569877625,0.2697368264198303,0.2697368264198303,0.02016747457721302,0.23148549108548144,0.7894736528396606,61.882022658497064,66.28645240798672,0.0,61.68633540372671,66.22981366459628,0,62.0,63.0,0.0,1,1,0.09741311142514791,0.27970101161554795,0.37346284686097364,0.24942303009833053,1.650895888363027,1.5010620956701055,1.0642038645064906,0.6178016591666338,0.009776395933038194,0.052599219245351166,0.0715722540844966,0.04280714249072454,0.0040517766861486604,0.007022339523046469,0.004685788470120492,0.005428835956569312,10271.664670658683,9787.631067961163,9436.968152866244,9565.899082568809,-0.32706850299604806,-0.5468676552745622,-0.25459359895314243,-0.4558065367636581,6.317756577094741,5.798306901402984,6.155333988123358,6.073005998989612,4.034669159295556e-05,6.685015145969812e-05,4.86066314413744e-05,5.1483804153559254e-05,8.052778169680696,7.30291047859752,7.890099888991456,7.584698086244817,-0.3877831981763122,-0.5133550604451612,-0.41641303167037436,-0.46899072960613425,0.9895562129078732,0.9967693866524104,0.9920824395772105,0.995192357790493,0.03783925703334694,0.0051593559819826775,0.03153722342176619,0.03897456903329566,335.2694610778443,294.8932038834951,330.0891719745223,303.12844036697254,6.598921956989252,5.954616274899197,6.559690315864531,6.215297512790777,5208.568109290398,2867.143934395339,5606.896506957695,3575.8183654574386,3870.058194987272,3163.693750589122,3760.966164955982,3285.429362006562
110,1,297,399,73,76,52,57,61.505050505050505,66.1919191919192,1.008645156811532,304,0.37571636630270194,19.44613444328572,1,0.7443609022556391,0.9914289413346707,20.226538896056926,20.396078054371138,9.219544457292887,3.5494941929350103,3.0,17.67766952966369,18.744635542176287,-73.95284385776225,61.35533905932738,0.9769736842105263,0.902396278925924,0.06341602382658465,0.07546415712250912,0.02837326492764091,0.03973279676651304,0.011334140216317038,0.04231302040130525,0.01501234715669077,0.015724782367392342,0.015651929925664942,0.0036761103887971032,0.0056369522111758595,0.012956117662177316,0.01299948363818664,0.010273860498433951,0.00670275029992609,0.008195663066267213,0.010000188383007836,0.00561579702864886,0.004535737973331004,0.003237546847216389,0.011592197452926287,0.0075183977593643704,0.0054590868695803966,0.005586436272015206,0.00887205464887247,0.009649181927722194,0.006673365360209782,0.0007479180651912675,0.0009811978721195292,1,17.248364984989166,183.4313671886921,0.39215683937072754,0.20261436700820923,0.18300311075182316,0.39215683937072754,1.0,0.33820323499978755,0.6176140309383572,0.5882352590560913,0.28104573488235474,0.28104573488235474,0.02548980474074671,0.2241851637037719,0.8039215207099915,61.68405488449082,66.22996614562159,0.0,61.505050505050505,66.1919191919192,0,66.0,66.0,0.0,1,1,0.10097987126911712,0.2670942513591512,0.37124531613905404,0.26068056123267763,1.578474829838299,1.442308957339415,1.080979008757833,0.6398522866620266,0.012802397262022543,0.06314477504240877,0.08855594969750569,0.039553638690102394,0.004679510591672755,0.007861012022724271,0.004735779721546504,0.006481994459833794,9660.06081081081,8395.643678160919,9114.683453237409,8750.01052631579,-0.33872089362848834,-0.5547302475074751,-0.31480867667802986,-0.4270614253031882,6.288481997224909,5.671455961610064,6.349016252517365,5.798442845013639,4.1451743260363406e-05,6.989529337903785e-05,3.872230663648039e-05,6.308262367988227e-05,7.859758179803522,7.075127403894705,7.802394310133579,7.351383108308176,-0.4255670554222013,-0.5397497560206799,-0.43446332116752295,-0.5295596623427457,0.9928348176488246,0.9973205416371386,0.9933983641468525,0.9974885567516728,0.010146313779219268,0.03977617874279588,0.01624228711138786,0.030148502709706346,344.3581081081081,299.2988505747126,341.1726618705036,309.2105263157895,6.485409342006846,5.801858007218644,6.4301021809116055,6.12217850293115,4771.7163531775,2404.48540097769,4749.970187878484,3512.9662049861363,3607.944290997075,2700.0322697846495,3466.163410278972,3065.744182825485
111,1,310,420,73,77,52,57,61.20645161290322,66.17096774193548,1.0303739756514554,321,0.3282286736044715,19.867165345562018,1,0.7380952380952381,0.9705214064318236,20.467540201479192,20.615528128088304,9.848857801796104,3.629401734795705,3.1622776601683795,18.384776310850235,19.333603565319024,-72.64650791550024,63.35533905932738,0.9657320872274143,0.9106221088729063,0.05391989026189995,0.07244807980703218,0.017160035319176654,0.03678528726804237,0.02330831275013665,0.046121548584556284,0.007758198198878001,0.00490281398605347,0.018030401478182873,0.008965204739574255,0.006830675523318844,0.02094912180266339,0.008935074032867406,0.009600399146861428,0.0020807551305794124,0.007116727338624398,0.0017048643433731825,0.0037026132098754126,0.004725170245189494,0.004590390762091512,0.009852425656919028,0.01371194485108646,0.002627026369911484,0.0040096667684085254,0.0055876773236671,0.0034180990978954764,0.00403404142610883,0.004474687790518021,0.008263746905642248,1,17.47368359565735,189.03947234153748,0.3947368264198303,0.19736841320991516,0.20853110149869494,0.3684210479259491,1.0,0.3296921433142896,0.6098047494888306,0.5657894611358643,0.28947368264198303,0.28947368264198303,0.024901815336472243,0.22819844400169342,0.8026315569877625,61.41132457280292,66.20985592258458,0.0,61.20645161290322,66.17096774193548,0,61.0,66.0,0.0,1,1,0.10865177265698403,0.26487784832029737,0.3744692663575368,0.25200111266518177,1.6039071201745208,1.4662880889159302,1.0650043355122598,0.6300027816629541,0.01174119503294813,0.059319509969114594,0.08501947183021115,0.04872619773411025,0.004908921254411944,0.007269965277777778,0.005111111111111112,0.006077835506322911,9636.83439490446,9368.447916666666,9422.966666666667,9300.970297029702,-0.3001380997301661,-0.5644089403813782,-0.290057929642691,-0.46644773834691095,6.263325188393315,5.833514943560556,6.225848877336718,6.0540575222700745,4.638798159756735e-05,6.442599826388888e-05,4.689398871527778e-05,4.869021103552961e-05,7.855930920987632,7.228038932945214,7.755355023771522,7.430488710474567,-0.3468763423678081,-0.48887554868029,-0.3844289724012489,-0.43998983686179727,0.9813255578709538,0.9953347286627074,0.9874453031290491,0.9924088942810539,0.010150841482072724,0.02250514913963669,0.015425359032119728,0.032742117625933584,341.4076433121019,299.59375,337.4066666666667,310.9306930693069,6.536432453097631,5.751221875540867,6.500257273728252,6.0738595024680935,5187.489877885499,2608.532877604157,5185.627955555552,3384.06450348004,3706.081068197498,2994.245198567707,3652.1486555555603,3171.2587001274405
112,1,331,462,73,77,51,56,61.00906344410876,66.0392749244713,1.0718131346589421,347,0.39517464907067307,20.529059630371258,1,0.7164502164502164,0.9329984562264266,21.458027504521013,21.587033144922902,9.848857801796104,3.668000572549079,3.1622776601683795,19.091883092036785,19.71147297144532,-62.9081036066763,66.76955262170047,0.9538904899135446,0.9043825950801264,0.056412523610464615,0.07351340700643531,0.03224758626645724,0.033733113403441504,0.017060474792960568,0.040488371649291435,0.01469811213757049,0.019519611461961642,0.010586126078930655,0.0038086381758511744,0.010987817955167782,0.011236178073031637,0.009140326097603102,0.016873418855343634,0.005864900212168227,0.004761792697084029,0.00817970295158304,0.007761925473339596,0.0034318443236633993,0.005266898140758393,0.009277395920821493,0.013845518815026492,0.0026240292582203214,0.00625990532055705,0.00567171313845324,0.007831013442223346,0.003338280447996891,0.002947770719439852,0.009507330875233916,1,17.75657892227173,197.00657713413239,0.37828945368528366,0.20394739508628845,0.18155699708240633,0.3684210479259491,1.0,0.317081766469138,0.5951860336378622,0.5592105388641357,0.28947368264198303,0.28947368264198303,0.024345264708222417,0.23304360735862234,0.8026315569877625,61.16710638560583,66.12863583221365,0.0,61.00906344410876,66.0392749244713,0,61.0,66.0,0.0,1,1,0.10489230487362576,0.2589747900187729,0.3826682186649364,0.25346468644266495,1.6533025196747622,1.5038711490563808,1.0825912852828536,0.6168883177391328,0.01126290286861703,0.05188734607903084,0.06414308698231816,0.04192546156015525,0.003954840454299622,0.006848072562358278,0.004499540863177227,0.004872537250194196,10252.627906976744,9482.133333333335,9773.387878787878,9814.596638655461,-0.31394454356943313,-0.5391940852837681,-0.269627135625268,-0.42149963055554274,6.463190682075677,5.924780251098683,6.361548238614532,6.248650931462723,3.5444293684931044e-05,6.020889801232993e-05,3.998110992739899e-05,4.349633063243679e-05,8.080277690723452,7.326103731931234,7.954962802240196,7.735153897761725,-0.3775778078337983,-0.48859513251350506,-0.4079385696942213,-0.44340131742518657,0.9883008810535936,0.9956063671334254,0.9914815917485592,0.9938839769931899,0.01663334772363661,0.009346219373784175,0.02862996463210238,0.0433613959288405,336.7674418604651,295.6,333.1818181818182,306.1764705882353,6.6724930076570725,5.758971588868046,6.483348975023326,6.375704843048974,5353.248242293135,2838.7733333333163,5622.294214876034,3994.1957488877815,3901.4690373174562,3080.2266666666656,3848.920523415978,3452.198096885819
113,1,312,420,72,77,51,57,60.83974358974359,66.1826923076923,1.0237690142690743,323,0.40097404322602265,19.931149940667517,1,0.7428571428571429,0.9767828348604161,20.844211471873283,20.8806130178211,9.433981132056603,3.610501008937879,3.1622776601683795,18.335757415498275,19.095161497772594,-64.39585635956198,63.35533905932738,0.9659442724458205,0.9111255457737861,0.021208333044859497,0.0751769666384746,0.03683808732570555,0.01749460969144635,0.01629862441402213,0.051976505369354095,0.025575600008069237,0.018023493463719727,0.012116443336134007,0.00821810054166108,0.003322921163375111,0.02606225686389546,0.013469415441673956,0.012732821487207576,0.014982063414371747,0.005981690866042235,0.0012369671814325951,0.00025816709656219,0.0067086356979890165,0.004329835973698116,0.003981588775836805,0.008854182356409251,0.010330953071852078,0.005515420923793833,0.0013187139340694572,0.002910579237500199,0.001409623600335354,0.0024081474261951437,0.001880209315530003,1,17.66447287797928,192.26973351836205,0.4013157784938812,0.21052628755569458,0.1414331701967133,0.40789473056793213,1.0,0.33329194109394866,0.616249145892186,0.5855262875556946,0.28947368264198303,0.28947368264198303,0.02649958733682971,0.2275118200636655,0.8223683834075928,60.981146273739824,66.18562873248342,0.0,60.83974358974359,66.1826923076923,0,63.0,67.0,0.0,1,1,0.1024123199258263,0.26809239192606776,0.37252351934938244,0.2569717687987235,1.597632190842885,1.467453092647948,1.0761790558982152,0.6313007233480449,0.007060173862951405,0.042946687529936536,0.05078322326650161,0.03466364000069862,0.004526518186188111,0.007356269805341784,0.004955555555555557,0.005744170096021946,10057.544303797467,8799.882978723404,9149.426666666666,8721.305555555555,-0.3640198648102298,-0.5395845605989641,-0.28816010226282435,-0.36970186766918267,6.370722659553294,5.77109161240376,6.329526337232007,6.071790858544789,4.013347579890042e-05,6.696874602124829e-05,4.1338433159722225e-05,5.038121436685528e-05,7.904922836729924,7.1981018835465,7.793720940452612,7.525675580847139,-0.38993139729987714,-0.5552411956912303,-0.41257230996448885,-0.46904801673761104,0.9890733029030309,0.9980203220636883,0.9912608534023145,0.9950185619093287,0.027596876573304556,0.011687869055952938,0.013193974610872065,0.030158242659749316,345.55696202531647,297.7765957446809,343.18666666666667,313.41666666666663,6.544039608827055,5.753692973856954,6.3959140440322315,6.115817594675932,4689.373337606143,2631.620303304633,5055.991822222219,4013.2986111111386,3686.729410350905,2857.875820507019,3551.3546222222176,3183.651041666668
114,1,304,399,72,76,51,57,60.71052631578947,66.03618421052632,1.0043260724583831,312,0.43062421980675275,19.67396303746374,1,0.7619047619047619,0.9956925618312449,20.71975479902264,20.615528128088304,9.219544457292887,3.5955043615475852,3.08113883008419,17.67766952966369,18.70022762283766,-63.0667610463774,61.94112549695428,0.9743589743589743,0.910740756704681,0.04830675475285261,0.07094191157489108,0.04012904296977629,0.02725593926612226,0.008683969036018499,0.04318984444740275,0.02230346356527613,0.01697483279043455,0.004409178951046736,0.003622088659163469,0.004227771528543441,0.017998784191345322,0.010360135164060756,0.013284379990959135,0.012110903756678145,0.010536613357191032,0.008042480214303939,0.005249457755951584,0.004866387724328451,0.003262520585765658,0.00837907206421361,0.011221725126444822,0.011718159610822681,0.0077230677968107035,0.013873856592931772,0.006496711712797844,0.0037411600006623156,0.0053574267544898805,0.0006606327796695221,1,18.165562450885773,191.4768190383911,0.41721853613853455,0.1986755132675171,0.10405001946590413,0.42384105920791626,1.0,0.34933773944011104,0.6298579573631287,0.5894039869308472,0.29139071702957153,0.29139071702957153,0.023660485656106577,0.22476071723293745,0.8013244867324829,60.80337564796754,66.08314598290494,0.0,60.71052631578947,66.03618421052632,0,61.0,65.0,0.0,1,1,0.09805277928437547,0.27226507388406707,0.37035243520733,0.2593297116242274,1.568844468550002,1.452080394048356,1.0722584790764595,0.6409449783232934,0.006130062934001744,0.03380925487490488,0.03608500046079658,0.03863929334475068,0.004848562518689394,0.007794953098163562,0.005111882716049383,0.005844094636629276,9807.653594771242,8543.091954022988,8936.895833333334,8783.135922330097,-0.3522777116148476,-0.5718722540542681,-0.29744799389366916,-0.41179645306710605,6.2190347613814225,5.735934587753016,6.17749538046603,5.935198799171042,4.7317303466014675e-05,6.473443989773252e-05,5.0297489872685185e-05,6.095892702761216e-05,7.861118623848922,7.1009332946744355,7.751420400702795,7.482617032037588,-0.3784313062329446,-0.534755227191918,-0.3994768502584779,-0.491331289648946,0.9871686744087411,0.9971907842303966,0.9895092788100375,0.9961703794974937,0.031436236312911925,0.022139852654105237,0.00945614936919658,0.05668331603644744,350.20261437908493,303.57471264367814,349.4375,321.13592233009706,6.458989294206241,5.724215622136304,6.458788695929062,6.183836085330623,4697.730189243477,2326.865107676058,4839.218315972219,3659.3601658968837,3626.3459460036684,2717.4892654247597,3444.0285373263796,3110.624022056745
115,1,303,380,71,76,51,57,60.36963696369637,66.06930693069307,0.9997617223794393,311,0.4616313226991572,19.64157789116634,1,0.7973684210526316,1.000238334410317,20.853838585568862,20.615528128088304,9.219544457292887,3.5935128966058287,3.0,17.67766952966369,18.498853818315514,-60.14231828742815,61.698484809834994,0.9742765273311897,0.9030419675374043,0.041246566696397355,0.0786818101365036,0.04469950400628496,0.023547613056332958,0.01255220114372386,0.050692028656664063,0.024224427913142742,0.00504213407190138,0.010310468265659603,0.00943918383893645,0.004866616875135901,0.02456016200271051,0.006724124122541749,0.00981995448781472,0.0036017534748443497,0.014664253365563032,0.010832955734931714,0.004779866905157635,0.002498998667964132,0.007969313450159386,0.0019534141794657796,0.010148531175958733,0.0034734235086088857,0.004381557147530612,0.01511794586437211,0.007687265274329753,0.0057615989034133334,0.0026050760216526636,0.003989953523146708,1,18.743420660495758,191.21052464842796,0.42763158679008484,0.19078943133354187,0.1338746611639003,0.42763158679008484,1.0,0.3536494464244483,0.6310578371235246,0.6184210181236267,0.31578946113586426,0.31578946113586426,0.024877061751094498,0.22255488635974013,0.8421052694320679,60.5024429003865,66.08618911306407,0.0,60.36963696369637,66.06930693069307,0,61.0,63.0,0.0,1,1,0.09269199142411746,0.27817919279982756,0.3722818559283139,0.2568469598477411,1.5603151889726383,1.4286151765821637,1.0742990699645625,0.6431787506931034,0.011683659955510423,0.05241239551517796,0.07232837627843677,0.03815194598381182,0.004400017087445,0.008219954648526076,0.004613555291319857,0.005749835045715901,9389.601307189543,8471.107142857143,8317.937931034481,9207.514563106795,-0.33734902780068415,-0.6350708183765503,-0.22817783971159092,-0.4667418417519472,6.121944872673754,5.646731821789585,6.154610534839772,6.113495187293374,5.2323390868295846e-05,7.774716331845238e-05,4.7352685372696195e-05,4.623086594739726e-05,7.9452643949660935,7.073806857276813,7.884912969250677,7.502034507765742,-0.4189603508667572,-0.5594095536568142,-0.417169817775208,-0.49619418519737835,0.9925553207428363,0.9979417799196407,0.9921362671762013,0.9964545838419798,0.011966908164094785,0.004010484823159784,0.009809837197528972,0.03325472705339219,349.7843137254902,306.3452380952381,345.6620689655173,325.00970873786406,6.454160045375129,5.713513256009071,6.501952107092189,5.987091789151104,4652.50903498652,1890.65462018142,5227.230630202117,3347.5435950607935,3510.5275855440123,2590.4404407596376,3386.2921403091605,3138.764539541902
116,1,320,462,72,77,50,56,60.11875,65.853125,1.0700919240303124,335,0.4343462452988237,20.185060176161283,1,0.6926406926406926,0.9344991561413495,21.30247330392432,21.37755832643195,9.219544457292887,3.624764398695252,3.1622776601683795,18.305106475432563,19.188117413795222,-59.52458510164086,65.59797974644667,0.9552238805970149,0.8913477268820895,0.04261216903929913,0.08584442753771443,0.040351286062266796,0.023645579500052992,0.017706173317610437,0.051490927939500386,0.01903342496178877,0.01503087047324788,0.00978846429552839,0.00883337039980361,0.008822867134618197,0.02015695887671919,0.004650725626912753,0.014712951481832279,0.0036416359886286974,0.01129494305402265,0.01107450242909104,0.006831390568298991,0.00216745138867177,0.0005879169967425504,0.004829954347614639,0.012132912297424027,0.00507418531070423,0.009794711973804649,0.008482339698210457,0.008472446873949716,0.001817315163021872,0.0014091634551495306,0.007218135445462201,1,18.00653487443924,196.11764055490494,0.398692786693573,0.20261436700820923,0.1577647747347461,0.40522873401641846,1.0,0.3334543495266526,0.6128676267340779,0.5882352590560913,0.28104573488235474,0.28104573488235474,0.027341561401911484,0.2262033151816566,0.8104574680328369,60.2457841908179,65.94667733033093,0.0,60.11875,65.853125,0,61.0,63.0,0.0,1,1,0.09481437372676225,0.27124575735427264,0.3770579142104677,0.25688195470849745,1.5968736627665163,1.4711634297180871,1.0773083263156213,0.6323248115901472,0.011242352641485289,0.04670779401167038,0.05948471841953448,0.04439104481705832,0.0046482743046407475,0.007107204861111111,0.005132054038703396,0.005424746075715606,9682.496932515338,8919.479166666666,8976.528662420382,8882.719298245614,-0.3421678969655592,-0.591063926565019,-0.2588529754922357,-0.3755082650374054,6.3461319701662795,5.891948698502606,6.196259423979425,6.1857458254733615,4.163905240688161e-05,5.849202473958332e-05,4.670493157525407e-05,4.305242207938981e-05,7.945203997722995,7.259288932945214,7.756217404859902,7.596047908901584,-0.36967771212206796,-0.4840587200777951,-0.414144212276196,-0.44885684528797243,0.9862873711910038,0.9951397958483069,0.9912597808930456,0.9938186182690036,0.019629899938760846,0.012556746836364817,0.01888987546352242,0.034068182117969005,344.50920245398777,298.3958333333333,339.72611464968156,316.2631578947369,6.428003000644479,5.871115365169272,6.320258984644141,6.067239027189791,4745.648688320958,2292.489149305562,5284.912247961358,4032.825484764515,3607.0364052090663,2802.9920789930547,3565.3602275954436,3228.8861957525405
117,1,314,420,71,76,50,56,59.86624203821656,65.81528662420382,1.0172481925221375,323,0.4475054746669561,19.994929783493642,1,0.7476190476190476,0.9830442632890084,21.16892958310374,20.8806130178211,9.219544457292887,3.612583129421637,3.1622776601683795,17.67766952966369,18.930975578316453,-57.3706954135698,63.35533905932738,0.9721362229102167,0.9169660941441309,0.020030158626441412,0.06799684295383064,0.046750065341634686,0.010948282985589194,0.015202004712873685,0.043788136191268624,0.02934684424797049,0.02238603640117874,0.0011405755363449145,0.008727958220406687,0.009695945280287563,0.019126213024415542,0.013021074954438607,0.014402747477842015,0.0036135796148820576,0.004984414453321644,0.005085859047474852,0.009028595590913853,0.009495748068649319,0.0013949775845712685,0.005502146177862599,0.010526596651787758,0.007715059778638827,0.006899701943825659,0.005850786951820413,0.002529043108895206,0.004814757540718071,0.0031567944517387563,0.0019009598522173982,1,18.3443703353405,197.57615557312965,0.4039734899997711,0.21192055940628052,0.1591769380577515,0.4039734899997711,1.0,0.34612019500642455,0.6292234253921326,0.6092715263366699,0.29801324009895325,0.29801324009895325,0.030745068699634587,0.22516182606717716,0.827814519405365,59.99074880580417,65.91446002000293,0.0,59.86624203821656,65.81528662420382,0,61.0,67.0,0.0,1,1,0.0950258117878991,0.27274251067429417,0.3699470374023378,0.2622846401354689,1.5704265737579055,1.4515448873174281,1.0755867568919815,0.6434170078323218,0.00904599727996364,0.04190483440465009,0.05462483159755518,0.044609771742438215,0.004446402820060888,0.008329395085066162,0.004263331024930748,0.00542091836734694,9674.379746835442,8356.402173913044,9039.532894736842,8555.392857142857,-0.352537541086252,-0.576365940388309,-0.28574336508782183,-0.3326178610210675,6.312209289313823,5.830361548330737,6.403823812629124,5.980308578458581,4.0759377096769345e-05,6.504455451027882e-05,3.850625162309557e-05,5.760971380739794e-05,7.947675289275264,7.161989537508204,7.960066411455667,7.604186283645429,-0.38793175527656104,-0.5173746437877661,-0.3866939156196903,-0.4414553104528246,0.9890316463310516,0.9966201682450747,0.9889298066997757,0.9932452647132765,0.016293093921076494,0.021245675198591395,0.014748093483073023,0.043149901851422305,351.8607594936709,302.29347826086956,349.24342105263156,322.44642857142856,6.531381380978953,5.581485494502045,6.594741904791321,6.168874788090401,4631.145169043419,2245.7073487712623,5021.6446935595595,4284.586415816331,3576.381228969716,2650.5273806710793,3515.2943970741035,3209.994818239793
118,1,308,420,71,76,50,56,59.6948051948052,65.7987012987013,1.037064715753088,320,0.447208461138784,19.802974013476614,1,0.7333333333333333,0.9642599780032315,20.969841806438232,20.8806130178211,9.219544457292887,3.5654293736259888,3.08113883008419,17.67766952966369,18.75605053562967,-58.14433996950522,63.35533905932737,0.9625,0.8994444490330965,0.031497059232800995,0.08080318295853153,0.04464751268797765,0.017418529294013205,0.015147112860707591,0.04989512486265936,0.024844381240429415,0.017319915011765653,0.005797588859144985,0.007955239054091626,0.01081663261340307,0.01997724079053947,0.008420096477867685,0.013153708256618867,0.00765538756710348,0.008792335928985026,0.0067770620350162064,0.007068250897394566,0.005569216295993044,0.000171783125917776,0.005501798575917071,0.010765131508227756,0.006355377081142516,0.01436675332911062,0.008190390059517383,0.0040654882641455855,0.0012525131574607944,0.0028515243010693962,0.004384476229745381,1,18.822368055582047,195.30920842289925,0.40789473056793213,0.21052628755569458,0.13173752938785796,0.4013157784938812,1.0,0.3551390199166424,0.6341208065678547,0.6118420958518982,0.32236841320991516,0.32236841320991516,0.02479764559453909,0.22249651399695505,0.8223683834075928,59.79075017303228,65.88897498147885,0.0,59.6948051948052,65.7987012987013,0,60.0,64.0,0.0,1,1,0.09081416231564106,0.2642570831912334,0.3737662923226453,0.27116246217048023,1.5539312218454078,1.4279154670684173,1.0963811241464256,0.6524846745977176,0.011252154605213442,0.05139979138638326,0.08748422031521308,0.042547114302062816,0.004574970484061394,0.0078125,0.004679510591672755,0.005529835390946502,9555.7987012987,8387.420454545456,8694.777027027028,8128.916666666666,-0.3659980386255011,-0.5998410804069226,-0.2830979056810189,-0.32047355629596735,6.201343683327268,5.647114079371797,6.150883835220853,6.069340279780989,4.50248801903251e-05,7.755500225981407e-05,4.894181356715668e-05,4.904162246013374e-05,7.89493808286055,7.112729629951764,7.859758179803521,7.560443057719023,-0.38031644702979267,-0.5236550009548225,-0.39619568600478844,-0.4592306151309746,0.9876557217258805,0.9967764126295978,0.9896547806640046,0.9944679655446642,0.020653627183676488,0.01912819462109309,0.021633709345687712,0.03140566800511553,353.2922077922078,302.9659090909091,350.722972972973,325.1574074074074,6.442800482320998,5.6438130105598265,6.442231237104391,6.208410187268525,4435.141887333448,2097.8965650826285,4858.0110938641155,4183.20670438958,3497.735147158026,2621.3292549070247,3388.197030222793,3078.030842764063
119,1,315,420,71,76,50,56,59.546031746031744,65.7968253968254,1.032856852446234,326,0.47985989337539653,20.026743534373637,1,0.75,0.9681883773454033,21.403351629664737,21.18962010041709,9.219544457292887,3.611284405136184,3.1622776601683795,17.67766952966369,18.77812638621102,-54.89433550545516,63.941125496954285,0.9662576687116564,0.8875104898599195,0.06113359697943028,0.08370505446321287,0.04751958434260574,0.030959011939865853,0.013026612571419132,0.04288813006846887,0.019786057914853643,0.011143905762779044,0.004204920767743117,0.01470564920651357,0.009693493632897239,0.010550217115670333,0.001585436379550645,0.011569493668788051,0.005743581499240656,0.01242735512452275,0.014099179279844115,0.005562329044245157,0.0023943461092711424,0.0033002069961320843,0.005423659599495434,0.0076159611315410845,0.007118067529734996,0.0009186163419249204,0.009999044919851076,0.008846233020688828,0.004056331818469473,0.0030756298711178786,0.0055538718412349135,1,18.986841320991516,198.48683926463127,0.42105263471603394,0.20394736528396606,0.11620750434455474,0.42105263471603394,1.0,0.351608172610954,0.6301169500464485,0.5986841917037964,0.30921050906181335,0.30921050906181335,0.031030680335289714,0.22475493509966363,0.8223683834075928,59.61680477085937,65.88899569042772,0.0,59.546031746031744,65.7968253968254,0,61.0,66.0,0.0,1,1,0.0896917482415908,0.28120650048097057,0.3616837872549232,0.26741796402251544,1.569605594227833,1.452131928713207,1.0748150281632143,0.6479742974391717,0.009706462869439544,0.03627612998443186,0.06130468991501298,0.05623172352793022,0.004765625000000002,0.007777777777777778,0.004638218923933211,0.005347799322868575,9662.2625,8420.955555555556,8765.435064935065,8879.17543859649,-0.3398759483582155,-0.5863172925756084,-0.256610142680047,-0.3586274775569465,6.211117566830996,5.880524762900188,6.32183171295028,6.102326746488037,4.638671875e-05,5.707917390046297e-05,4.107185269833657e-05,4.9063887145564015e-05,7.892995654368045,7.119522262948264,7.894811134752407,7.624513808005412,-0.37728473900242077,-0.48310782527190477,-0.3859272527688127,-0.43217750117464027,0.9871831502320411,0.9946216866053164,0.9884686696365943,0.992500019952037,0.016700496809245857,0.03070456979230543,0.020399219982403256,0.030928031873376664,350.45000000000005,302.8888888888889,349.0064935064935,325.92982456140345,6.552187373036917,5.663749485074333,6.510918826448744,6.234077185160439,4760.3599999999715,2196.032098765427,5185.48697082141,4191.626654355219,3605.6556249999885,2654.246913580242,3487.7305089391084,3267.700523237916
120,1,312,420,70,76,49,56,59.11217948717949,65.75320512820512,1.0237690142690743,320,0.48246350804153243,19.931149940667517,1,0.7428571428571429,0.9767828348604161,21.326192632849857,21.02379604162864,9.219544457292887,3.595851250901064,3.08113883008419,17.67766952966369,18.679954860016334,-48.297243213783254,63.35533905932738,0.975,0.8979327776901834,0.04467941567465012,0.07782034372467939,0.051728249668266835,0.024488942651997397,0.01793697350313744,0.041890200895918765,0.0247373630567022,0.019162659327074765,0.004888268254593895,0.015561049571480362,0.008088481977978198,0.010550195028419335,0.003515394685614872,0.011966092647132642,0.0035689524696086703,0.0048945496705897025,0.014220661176405691,0.008604336298020567,0.005120660034590856,0.0065905547252415935,0.005942898749606487,0.008150476036363761,0.008917565479785512,0.0074876247276628345,0.005039990120375727,0.008436583239673057,0.004531852653416526,0.003777648751089401,0.0034116372958560024,1,18.57792165875435,196.57142621278763,0.40909090638160706,0.20129868388175964,0.14896854414294808,0.41558441519737244,1.0,0.35052682375008204,0.6300366224768834,0.6103895902633667,0.30519479513168335,0.30519479513168335,0.026293382740775174,0.2195360891475787,0.8116883039474487,59.24656447689367,65.81748810949559,0.0,59.11217948717949,65.75320512820512,0,60.0,63.0,0.0,1,1,0.08499603642904058,0.2796643784168775,0.3682610975192177,0.2670784876348642,1.5599272568153266,1.430414525673208,1.0839383247735457,0.6510038136099812,0.010971806083865889,0.040639961947614725,0.056862683609096576,0.035668892789005105,0.004849115504682623,0.008006198347107439,0.004847645429362881,0.0053253974469418125,9080.006451612902,7782.465909090909,8690.592105263157,8255.300884955752,-0.33211200203043173,-0.5936376359784947,-0.31425252677253457,-0.3370986070538731,6.318681644023218,5.780176646923465,6.211421756722305,6.189345223343114,4.050994142657388e-05,6.645770112345041e-05,4.4592860002596944e-05,4.378312886372759e-05,7.84861045361946,7.101365993588129,7.807009421281389,7.627657834077456,-0.3906621642337351,-0.4972237726665835,-0.3983044251768547,-0.4540107258454451,0.9888690046727631,0.9954385910189363,0.9896503454366897,0.9943173118601776,0.016827752745383548,0.027462448928523713,0.030332488674509352,0.028925836811189886,349.6322580645161,299.7613636363636,349.75,325.53097345132744,6.538036482732895,5.527169118440619,6.445865651613093,6.3796972145318485,4552.490572320501,1984.4544163223181,4534.555921052626,4092.780014096643,3408.1242559833445,2441.7300813533,3306.2870065789466,3087.020224763095
121,1,330,462,71,77,49,56,58.93333333333333,65.73939393939393,1.0562802271506293,344,0.5242859341181595,20.49802550887777,1,0.7142857142857143,0.9467184694894383,22.230701362096415,21.840329667841555,9.219544457292887,3.6801545002786593,3.1622776601683795,17.67766952966369,18.930382184683754,-51.15081116745149,66.18376618407356,0.9593023255813954,0.8743196749683078,0.07793256548172764,0.08568640369032283,0.053587992664553684,0.03550023851218181,0.0076163260228658495,0.034121510074691955,0.017446535953106437,0.015845347418076344,0.0053126922973168724,0.020586803210542865,0.007568095917280964,0.0009734691221342813,0.00515537013069157,0.012436618826414286,0.005743970350255704,0.011617765403144801,0.01761420261552755,0.008192135674147037,0.005960454920328952,0.006619308824325827,0.00473671637668538,0.006198518581130856,0.008552730126047682,0.002835552114934872,0.004264878649144703,0.005345163102280155,0.007452479662334163,0.006411435233163568,0.003214764736015141,1,18.874999552965164,206.30920815467834,0.4013157784938812,0.19736844301223755,0.13014602322778038,0.4013157784938812,1.0,0.3431818100539121,0.6251794186505404,0.5855262875556946,0.28947368264198303,0.28947368264198303,0.028353065497569843,0.22646409217551428,0.8223683834075928,59.045377722257655,65.80560604004465,0.0,58.93333333333333,65.73939393939393,0,60.0,66.0,0.0,1,1,0.09569820646170636,0.26783379867777707,0.3715041897675782,0.2649638050929383,1.5790204066181492,1.448936943666661,1.08492374002921,0.6429268800049235,0.00732168739988167,0.05284400089362026,0.07244680709781894,0.047756307632543786,0.004377162629757785,0.007599107237751088,0.004168962350780532,0.004805009610019219,9609.141176470588,8287.443298969072,8851.278787878788,9006.031496062991,-0.3239761996810211,-0.5467630460192874,-0.24693950406913634,-0.34593502060937853,6.381342959840595,5.839351630735402,6.362153483887925,6.26010732446523,4.01585984807526e-05,6.320664297065974e-05,3.8546307356232784e-05,4.2624139203356535e-05,7.9959543919309715,7.192595574101283,8.013203047539813,7.778016281243319,-0.3946580102282103,-0.5238273044290589,-0.39176332380811596,-0.4440465932524993,0.9901439039958642,0.9969611740279536,0.9898681332711918,0.994081369145169,0.022564386666754158,0.006463166495948237,0.03266992383781178,0.03700733371453879,348.76470588235287,299.5670103092783,347.82424242424247,327.32283464566933,6.736428418526479,5.70915379070354,6.677541968841305,6.384007619689716,4906.438754325311,2428.410458072074,5345.526685032106,4376.533573067121,3628.894982698952,2678.9634392602784,3549.2013682277357,3345.6412672825245
122,1,321,420,70,76,49,56,58.72585669781932,65.66355140186916,1.0135511168864915,330,0.5143960344345685,20.216574731145414,1,0.7642857142857142,0.9866300607234109,21.84566680026168,21.540659228538015,9.219544457292887,3.6527655009778113,3.1622776601683795,17.67766952966369,18.733811649388034,-52.31880148511044,63.941125496954285,0.9727272727272728,0.8804581451991641,0.05325540271647041,0.08859625358088574,0.056697132524715636,0.02376110880035139,0.014558804303207213,0.044959052902955,0.025532582837852227,0.013451498740514323,0.003460968972520203,0.014340929961719656,0.011801089103102808,0.010784870261950106,0.0031217685330695187,0.012196620626772339,0.008025243443703658,0.014562988924349417,0.011794139401490461,0.0072756231735932415,0.005180768604619058,0.0034981102891502866,0.0036746051545382625,0.008074637862888801,0.008645757248951868,0.00604443207969942,0.010762645516822007,0.0038711700708671214,0.006367838045357157,0.003881331376730419,0.0034325737106944048,1,19.092104732990265,203.92762959003448,0.4128289371728897,0.21052628755569458,0.12047862516766865,0.4013157784938812,1.0,0.35355749505537526,0.635288565701042,0.6118420958518982,0.29605263471603394,0.29605263471603394,0.02893255184675136,0.2248053043940329,0.8223683834075928,58.8235635526487,65.7340387740832,0.0,58.72585669781932,65.66355140186916,0,57.0,65.0,0.0,1,1,0.09710617240438651,0.26889699368453784,0.3709713820461036,0.26302545186497206,1.5585540670903981,1.4385989162122759,1.0825619421527197,0.6445127484630228,0.011248785065596128,0.039883471733091515,0.06429696633543434,0.053047631631588064,0.004573170731707317,0.00869460210119551,0.005187469956737701,0.005798611111111111,9581.164634146342,8552.494505494506,8772.924050632912,8662.241666666665,-0.33998152812391896,-0.6166354019839748,-0.257967919483356,-0.3300859033032927,6.328477882846693,5.757633513753748,6.250977820701751,6.049093120862288,4.138299782030786e-05,6.91777222284069e-05,4.357593293717954e-05,5.472819010416666e-05,7.929108940554119,7.010380766501,7.7666016153864215,7.558933199757158,-0.3691601460915033,-0.5616855752557736,-0.39731259251631207,-0.45558146670874017,0.9861000581148148,0.9979033986249665,0.9893109054320139,0.9941994231435789,0.006750188404633188,0.01731873814242961,0.02204094193640943,0.06107825994725285,352.5914634146341,303.54945054945057,351.9620253164557,332.17499999999995,6.635578663191816,5.590388668161729,6.321764827315892,6.243151091510645,4719.278219809654,2028.1156865112862,5174.846659189207,4362.844375000044,3575.11071348899,2645.1525480014498,3486.9426774555286,3256.271510416671
123,1,325,440,70,76,48,56,58.612307692307695,65.72,1.027184765423808,334,0.5364128957573305,20.342144725641095,1,0.7386363636363636,0.9735346878780939,22.167302939322035,21.93171219946131,9.219544457292887,3.6534469567101056,3.1622776601683795,17.67766952966369,18.708221428970145,-53.8336846478437,64.76955262170047,0.9730538922155688,0.8533896414320131,0.03113263601797356,0.11213502530643776,0.05714196358446227,0.011678569476091487,0.014319309105565607,0.06182946559079019,0.0222760549789481,0.010969761459206877,0.0064923099001948596,0.008686604711036596,0.007401177740139663,0.019527601485003456,0.005728816385942285,0.006978976752666215,0.008221169389854973,0.01209792506590303,0.0070529632072561625,0.0016998977704960597,0.004469673164940118,0.0013551486567204081,0.015122338314180096,0.0026825909492660207,0.005786037102576009,0.009436228756334326,0.008596848013098771,0.004609825636697042,0.005934350492416899,0.0055781467126458165,0.00521618725424173,1,19.07894715666771,205.6776301562786,0.40789473056793213,0.20723682641983032,0.06339204519563152,0.41447368264198303,1.0,0.35331383623458723,0.6328542466347035,0.6118420958518982,0.30263158679008484,0.30263158679008484,0.028526467241763907,0.22335078550828175,0.8273026198148727,58.658094254960126,65.7638422407566,0.0,58.612307692307695,65.72,0,59.0,64.0,0.0,1,1,0.09164187839093665,0.27406199280936644,0.3643924084284422,0.26990372037125465,1.5675584461607526,1.4366152848878062,1.0864911260481067,0.6497682157085757,0.006645051444016611,0.04112301396107708,0.054021056192254474,0.03197116200167119,0.004607551364337194,0.007266068052930057,0.004529092994739132,0.004910249739854319,9730.742514970061,8271.565217391304,8612.610062893082,8541.314516129032,-0.36784603517526215,-0.6050979047314061,-0.2717770395576556,-0.33086158694656265,6.378987490203619,6.020685189682117,6.331504967754119,6.270373830391138,3.75454079327311e-05,5.027612350838847e-05,4.1756607875912256e-05,4.368046692085067e-05,7.920924576814505,7.200139265816106,7.896124071595736,7.746495604724265,-0.35575537258124457,-0.47987500893450546,-0.3623389462029132,-0.40301167131105814,0.9836337915657413,0.9946805338058128,0.9846947922113497,0.9899267040246272,0.020469387222419644,0.014583954302588503,0.030422540660187236,0.025584434615275743,352.5988023952096,302.54347826086956,352.6729559748428,331.6532258064516,6.5669161008937635,5.674225374672039,6.54304881695789,6.478232197413858,4497.090537487908,2035.0524574669107,4931.603734029486,4294.452328303858,3556.9582631144804,2576.6544187145555,3386.053449230647,3208.9417111082257
124,1,323,440,70,76,48,56,58.303405572755416,65.6501547987616,1.0335450426090946,333,0.5658450176158809,20.279456919490165,1,0.7340909090909091,0.9675437051834596,22.364673001278348,21.840329667841555,9.219544457292887,3.635278529220793,3.1622776601683795,16.97056274847714,18.439932828413976,-51.60496606121876,64.76955262170047,0.96996996996997,0.8617986450706924,0.04930082790506163,0.09748136756670421,0.06982090573073205,0.020375400792381305,0.011549158240429912,0.04191671418636952,0.02841796249000837,0.01986590830291001,0.006693042252541033,0.014947714264804663,0.008565150876982433,0.0014130410143616786,0.005202177149519377,0.011289778513734998,0.00643179551169998,0.011258227379551223,0.00853646656246933,0.0012881708254078093,0.004336492476736741,0.012194514820415215,0.00831198109679901,0.006357083339384021,0.01052547905820755,0.009335540274156028,0.005958051818979569,0.004033126690228732,0.00677052326793208,0.004841395046574975,0.006099002151932404,1,19.53289434313774,206.69078722596169,0.41447368264198303,0.20394736528396606,0.08115952130033402,0.41447368264198303,1.0,0.3617202656136619,0.6399095579751136,0.6118420958518982,0.30921050906181335,0.30921050906181335,0.028941021365582884,0.22201530863116498,0.8289473652839661,58.3650889790769,65.7028997064047,0.0,58.303405572755416,65.6501547987616,0,57.0,65.0,0.0,1,1,0.08597256406112874,0.281121689132966,0.3605054551520218,0.27240029165388346,1.5427298995413596,1.441306437935681,1.078178351982435,0.6566066731657038,0.011231809219159805,0.021525490262466265,0.04985085813878853,0.061506970281393,0.004294318857822724,0.006817321045322559,0.004280092498681488,0.0049445704207608954,9652.40243902439,7543.584269662921,8588.464968152868,8337.484126984127,-0.3705982262740736,-0.5761125279722424,-0.27776133240058065,-0.3010965412736008,6.316282760895473,5.888490032017067,6.433102398788561,6.278556907489537,4.05115857144185e-05,5.822072741269252e-05,3.7196432244652425e-05,3.985584938547178e-05,7.971791867383388,7.262250284898983,7.966533010010563,7.731248177468169,-0.426055046640165,-0.5271040070903886,-0.4225457550120833,-0.47331913758963284,0.9932996763773465,0.9972320065378178,0.992969844645175,0.9958511801143263,0.012749570849665548,0.03609409512899718,0.015397422173077808,0.034293396129273984,355.6463414634146,301.71910112359546,356.68152866242036,334.1507936507936,6.514236379472974,5.843546211792348,6.4918239334947625,6.445378732955044,4432.545657346855,2028.808736270701,4854.522779828825,4478.604245401875,3521.237024092803,2393.098251483403,3360.7469369954233,3204.0220930965006
125,1,354,528,71,77,47,55,58.220338983050844,65.54237288135593,1.096485900514206,371,0.5719103445061182,21.23032733700184,1,0.6704545454545454,0.9120044311842422,23.49774095114297,23.345235059857504,9.219544457292887,3.7301455286343668,3.1622776601683795,18.384776310850235,19.27557598822409,-49.84795183332979,69.84062043356595,0.954177897574124,0.8270216492408213,0.037998624482301076,0.12269223886679509,0.06684874743900186,0.009146047175556433,0.012031985644318075,0.05623203086718736,0.017507145940539065,0.017928014168865764,0.010419656751990147,0.012391387684616019,0.007760922024182206,0.010345786599915217,0.013084431242314253,0.010240695441189334,0.012739956484634645,0.009696947562635174,0.006635625592943024,0.0036150168727902238,0.003070719679074383,0.004414798244745931,0.01555568673296708,0.004934734075433138,0.006527083604335632,0.0021578280975157785,0.004299593989606343,0.004005211290726281,0.006599888339385685,0.002255100204779829,0.003079677006761401,1,19.218542486429214,219.25165444612503,0.3973509669303894,0.21192055940628052,0.10786893099746646,0.3973509669303894,1.0,0.3371674120426178,0.6193549560625001,0.6092715263366699,0.2781457006931305,0.2781457006931305,0.031069304268218214,0.23154698101272558,0.8211920261383057,58.20297821039316,65.6488355971172,0.0,58.220338983050844,65.54237288135593,0,60.0,66.0,0.0,1,1,0.09061527926176781,0.27755459899559687,0.35922916242066066,0.27260095932197465,1.6038904429332839,1.4887019400672905,1.0868984914266135,0.639077745695225,0.004959534464178778,0.03023337073930118,0.05000895929162227,0.037728851129447925,0.005200876552227904,0.007070111943439104,0.004845679012345679,0.0046619521643169225,10510.162162162162,8143.972477064221,9504.511111111111,8859.167785234898,-0.3731982166357479,-0.48350617389609263,-0.2682903902026502,-0.24583397800089696,6.3831820201798095,5.9342957652394865,6.486115215901904,6.301088067311348,3.963985958614865e-05,5.871699159569376e-05,3.417215229552469e-05,4.122093031950982e-05,7.8143612416420165,7.295438223740406,7.890526257676743,7.838263235212743,-0.3503812910351667,-0.45027560996703037,-0.3309420695243929,-0.367008108750536,0.9817491218088037,0.9927657796405293,0.9778762302289714,0.985137620227488,0.008603292514837414,0.03094406250218593,0.01924784828517165,0.04600820539259864,350.3891891891892,293.9908256880734,350.03333333333336,326.1610738255033,6.648012930772734,5.932783865823151,6.654807037994127,6.64350115461775,4797.405288531765,2835.385236932925,5483.398888888871,5362.900229719424,3826.8918626734812,2744.8394284992864,3746.977500000001,3555.5170037385687
126,1,366,528,71,77,47,55,58.01092896174863,65.45081967213115,1.0784005816057953,380,0.6105844736143854,21.587164551489145,1,0.6931818181818182,0.9272992031504168,24.326196808463575,24.166091947189145,9.219544457292887,3.762088277521963,3.3839144678161843,18.384776310850235,19.265159178121543,-52.026051432094384,70.42640687119285,0.9631578947368421,0.7972414854164074,0.09767496261973425,0.11664220465284302,0.06336197403359756,0.01952726151624657,0.016106895162648807,0.026946647553845134,0.005230716243722839,0.021780665577316075,0.0214947679709647,0.025144769466681833,0.011825719311382214,0.00630764884311654,0.009442224385230293,0.0131252428139121,0.01304045772031114,0.011191666483533388,0.007828331330150472,0.0018462277039895923,0.0083241014916704,0.0016481855677959493,0.003681650270944204,0.01264689554269741,0.009648775077143203,0.00423097538209426,0.008416473652966555,0.004684071679926151,0.004507243763555491,0.006356641453326988,0.005568010610804276,1,19.184210240840912,222.5657860636711,0.3947368264198303,0.19078946113586426,0.11736180519959737,0.3947368264198303,1.0,0.3307622455317399,0.6081032406111233,0.5526315569877625,0.28947368264198303,0.28947368264198303,0.02136344115875238,0.23107620551258407,0.8223683834075928,57.99225540503054,65.56668636967278,0.0,58.01092896174863,65.45081967213115,0,59.0,64.0,0.0,1,1,0.08841265328430903,0.27614543661604807,0.36665680832114333,0.26878510177849957,1.6179515551028487,1.508495967186171,1.0822289664962772,0.6346796596834244,0.015268328848682846,0.016744473386586578,0.06289997145084596,0.05782685460775306,0.0038395460224906284,0.006377551020408163,0.003743207307203145,0.003828125000000001,10476.357142857143,8220.375,9396.91935483871,9146.66875,-0.36483263032842733,-0.4778395830282469,-0.25286212004071285,-0.2894740761446581,6.427855061061128,5.79724167252985,6.5509139856880045,6.4646873730369165,3.761631506078196e-05,7.068867586096937e-05,3.284106352161378e-05,3.631591796875e-05,8.179486565932564,7.412134721106797,8.188273528815074,8.104710047998843,-0.4131384152834287,-0.5139173924574371,-0.3965740995333525,-0.4275525039452617,0.9929069704124304,0.9970270230506807,0.9912540404289656,0.9938878046630967,0.017692879633141735,0.014722891552987128,0.01057616914393851,0.041765534926125586,345.03061224489795,291.80357142857144,346.13440860215053,323.24375,6.616943805901028,5.7703998730628046,6.706535039921913,6.5747476260021465,4875.499062890463,2904.4792729591572,5603.804514972842,5039.99683593752,3837.9640514369057,2781.2135682398,3750.1809674528813,3546.666396484379
127,1,372,550,72,77,47,55,57.88709677419355,65.43010752688173,1.1093262079361543,389,0.604058810210047,21.76338922689847,1,0.6763636363636364,0.9014480978146634,24.497375351649712,24.73863375370596,9.848857801796104,3.7679357807149083,3.3839144678161843,18.384776310850235,19.522932014377904,-54.32486970057776,72.01219330881976,0.9562982005141388,0.7718999392324994,0.08432850652040474,0.13627462379449867,0.06022554556865457,0.008089989353172634,0.008040566402859708,0.03936993999802911,0.013435836784220756,0.02694964266923994,0.02930321473080227,0.015835546801717247,0.012607018193942676,0.00042828586483450467,0.013605733756953071,0.011783408162949267,0.012462420116172298,0.014587853865723812,0.002537536636458423,0.004773378470847324,0.006973616171494765,0.0007992424775830678,0.005403884623326506,0.006822789871325405,0.004584956829080493,0.004745305601986273,0.00504454761086561,0.011236723025733152,0.006289854391586286,0.0008638200574633524,0.006777723428803862,1,19.796051681041718,225.17762950062752,0.3881578743457794,0.19736838340759277,0.12392064663871001,0.4013157784938812,1.0,0.3299341946840286,0.6053162083350202,0.5592105388641357,0.29605263471603394,0.29605263471603394,0.020056797399333547,0.23201567433642928,0.8223683834075928,57.82236246219981,65.535775854748,0.0,57.88709677419355,65.43010752688173,0,59.0,62.0,0.0,1,1,0.09641511270067692,0.2635054235927917,0.36929908971196423,0.27078037399456717,1.6302919056659853,1.5080618088695137,1.0903115981972271,0.6335238938740814,0.009302070304957912,0.031977003834261365,0.05891450261309743,0.05529342854739404,0.004117243407509068,0.006168252080856123,0.003904481665912178,0.0041589822725733,10654.09900990099,8653.275862068966,9335.462765957447,8864.9509202454,-0.36619789404263176,-0.5068594837000286,-0.25327930275236527,-0.24914322527386626,6.372548844434688,6.004027115593421,6.45997339434167,6.434257908673031,4.0074327788789096e-05,5.4993328951768724e-05,3.558081596239814e-05,3.6346229944613556e-05,8.103068089249728,7.459147697657827,8.140895035130736,8.008177387333365,-0.35628915545590145,-0.4943295499603278,-0.35645220648007303,-0.39733498089445607,0.9849809449346107,0.9962617228700398,0.9852562836577865,0.9905259258031056,0.03445610544940317,0.005931809866569806,0.03055649495532324,0.042296791087255814,343.53465346534654,292.68965517241384,346.45212765957444,321.92024539877303,6.660894097076542,5.877028840456703,6.695954926132098,6.5724746265440785,4942.61513577099,2831.9036860879714,5562.194516749674,5328.699160675969,3899.178536417996,2871.294887039243,3724.4143206767876,3548.412520230344
128,1,345,484,69,77,47,55,57.42028985507246,65.42898550724638,1.0539948146169906,357,0.5962337084286813,20.958712816717327,1,0.7128099173553719,0.9487712711028738,23.425465835522516,22.847319317591726,9.219544457292887,3.7029806070020865,3.1622776601683795,17.67766952966369,18.806219657197854,-48.643584530487004,67.59797974644667,0.9663865546218487,0.8402167503330418,0.0401673467558554,0.111213958600285,0.07667063541488141,0.011798404553242938,0.012022079355887887,0.047235285482086206,0.02632732262349412,0.013374266456819627,0.008192872787878776,0.016786697289699726,0.006258331762326863,0.0037478088314740494,0.005264907873427521,0.01278245474186103,0.011989618577519673,0.008690575127745886,0.010241768336104374,0.003705288169354137,0.0028147292188386366,0.008698855987004345,0.009784231619651937,0.00850171486653519,0.010432329337741774,0.0013323737547693798,0.005852365908557722,0.0019018625285802582,0.0066250559619001545,0.003938923250606833,0.004131272807760939,1,19.49342069029808,218.03947296738625,0.42763158679008484,0.21052631735801697,0.11021710190034353,0.41447368264198303,1.0,0.34809679804103716,0.6319984723692355,0.6118420958518982,0.31578946113586426,0.31578946113586426,0.028222643653161846,0.2243994639344558,0.8486842513084412,57.444903742434164,65.5364190499612,0.0,57.42028985507246,65.42898550724638,0,61.0,63.0,0.0,1,1,0.08590308460152571,0.2745760701005044,0.36998370415214776,0.26953714114582217,1.5598191677645394,1.4573652951488292,1.0817320163770416,0.650281913953207,0.01314321775326185,0.023424181611073014,0.05947898961036758,0.053227636349235864,0.0042601666614649975,0.0069,0.004607609988109393,0.004701967592592593,9745.117318435754,7677.799999999999,8873.971264367816,8177.006944444444,-0.37177565948326197,-0.5482412726866704,-0.2772687258674825,-0.23593881682703788,6.39073192832521,5.609624409749105,6.258867168840979,6.292815539471492,3.9480646348379815e-05,7.536621093750001e-05,4.4607111320641766e-05,3.974820360725308e-05,8.026975344242931,7.288758439731454,7.974384156693667,7.8416981784805735,-0.37683341254271513,-0.5163281561519165,-0.3895306400084988,-0.4288901842824759,0.9878951884388207,0.9968635237465263,0.989384258185978,0.9930638800527523,0.04211486567605657,0.011128048680037627,0.021398279978391038,0.02454983151646254,353.5642458100559,297.74,354.6609195402299,334.71527777777777,6.5108982691315065,5.811272380112911,6.679759659529928,6.492502258236517,4462.916263537307,2240.292399999991,5021.258587660195,5055.050877700633,3552.0083954932743,2479.523100000002,3473.8074630070005,3308.0144555362567
129,1,369,550,71,77,46,55,57.4579945799458,65.37940379403794,1.0949453285957709,384,0.6330315283462525,21.675455981530703,1,0.6709090909090909,0.9132876079598103,24.743001046244373,24.515301344262525,9.219544457292887,3.763006391430715,3.1622776601683795,17.67766952966369,19.15420075144311,-51.78064806154869,71.25483399593904,0.9609375,0.7758496534581105,0.06056753552116333,0.1410462558165575,0.07142989385476793,0.0024648631681026194,0.008657770399685566,0.04887589892213277,0.010665708761452244,0.01996733330870165,0.025402912486628536,0.01501336832133723,0.00992153744753738,0.005671731088487781,0.018059403319906273,0.009833884992376982,0.01066468750398637,0.01074373156815723,0.001964816705608838,0.006077968305419498,0.0027100299590898692,0.0012127619464825492,0.007403313577173289,0.0017290417894795713,0.00422292236107588,0.004335507738608935,0.009763198710754251,0.008883640157722016,0.010367423479899792,0.0019083922841387246,0.0016897300547805236,1,19.677630752325058,228.48684012889862,0.4013157784938812,0.2006579339504242,0.1283409162496511,0.4013157784938812,1.0,0.33926949572974235,0.6192055288046033,0.5822368562221527,0.30263158679008484,0.30263158679008484,0.025159248371150536,0.22936121725998715,0.8157894611358643,57.37653326382345,65.4785776048925,0.0,57.4579945799458,65.37940379403794,0,59.0,62.0,0.0,1,1,0.091304349357262,0.271580769726647,0.3625107958772194,0.2746040850388715,1.6043478529918833,1.4737250592519504,1.0964465875302776,0.6413221986034401,0.009643673254946108,0.03833786879429873,0.05234745731611486,0.0560995745691329,0.003787878787878789,0.006249492735979222,0.004375303840544482,0.00404040404040404,10346.954545454546,7959.216216216216,8984.139037433155,8615.545454545454,-0.37242253338774817,-0.493543736646331,-0.2400686410047162,-0.22845169066040014,6.4476974511576595,5.951633208497542,6.346131927901938,6.27548926321926,3.695208227715922e-05,5.8611533963228435e-05,4.137619478033222e-05,4.428551764089761e-05,8.181000875075483,7.451897397803676,8.034627146949289,8.063173426314581,-0.38971768611696445,-0.5251290734536135,-0.40459210872252804,-0.4291006892407875,0.9904216440011328,0.9975173137469961,0.9914685989330161,0.9938732368351096,0.01874534503322646,0.015897257737974506,0.01809814461770446,0.032751638282370085,349.66161616161617,295.1621621621622,351.903743315508,329.21818181818185,6.637419104958861,5.802172934031029,6.622119310118177,6.684326305076237,4731.425900418326,2698.9466764061217,5505.6057079127495,5411.1281542699435,3769.595111468214,2664.5407231555837,3622.436186336472,3506.6684022038535
130,1,412,621,73,77,46,54,57.89563106796116,65.04854368932038,1.1703223464219044,436,0.6691832961445248,22.903595622322865,1,0.6634460547504025,0.8544654411302656,26.838348949879613,27.202941017470888,9.848857801796104,3.818363813502665,3.3839144678161843,19.091883092036785,19.943506788150316,-59.77193796574797,77.84062043356596,0.944954128440367,0.7088847195011986,0.07597294883922039,0.15708558006265086,0.07101364192026059,0.014491868908921193,0.006670626113637522,0.03179486745624089,0.017339145601799326,0.03370359797470552,0.03263900401885773,0.013054594856995958,0.013405131044419904,0.005338774205925816,0.008022641572990314,0.008038228767975478,0.017101738531024712,0.0019479133589719382,0.00529856292774855,0.012336638806541208,0.005069750940350334,0.003266412793375724,0.00741353326392401,0.0023712314544203352,0.0031972150877232577,0.007503151606815933,0.013588249606896195,0.007486264500829375,0.0051037882841402345,0.0009428415410421639,0.005174222534724338,1,20.36601185798645,239.30064624547958,0.35947710275650024,0.1764705777168274,0.3195487690178431,0.35947710275650024,1.0,0.3133232593536377,0.5808268112754359,0.5098038911819458,0.2875816822052002,0.2875816822052002,0.017977353058665314,0.23468160695427168,0.7581698894500732,57.62111817358543,65.21211045428893,0.0,57.89563106796116,65.04854368932038,0,55.0,65.0,0.0,1,1,0.0939010764049451,0.26425041166653723,0.361647495540356,0.28020101638816164,1.6820540642972708,1.555302422951617,1.103694578982419,0.6274066236517529,0.007907816402923009,0.03925016195918355,0.05790859879249478,0.04623353808760733,0.0040289723856948845,0.0052628647805747384,0.0038624005227659926,0.0036475869809203146,10536.740425531916,8737.477611940298,9677.241545893721,8729.823232323233,-0.34628487890725257,-0.4383866746091832,-0.2586217350314015,-0.17073059649159175,6.4698281194131955,6.153374544757785,6.372055498847071,6.470456226039863,3.687169984650859e-05,4.8699637090318e-05,4.007724561742252e-05,3.4760022793433074e-05,8.141758263584581,7.704075944156823,8.15460350328853,8.216354410429018,-0.3388775786836376,-0.44032359165978097,-0.3356534211598923,-0.3448766893188487,0.9817925326669987,0.9935255533984122,0.9811796350317704,0.9835753335969959,0.023297830394391657,0.012511712659640156,0.03273752061254727,0.024896686785761436,334.8,284.13432835820896,339.0,310.42929292929296,6.661192506108458,6.205013981612591,6.7627222690916025,6.783785014006065,5116.321702127636,3411.5192693250137,5700.280193236715,6183.638939904093,3913.265531914887,3037.2492203163347,3844.380434782601,3728.3655430568288
131,1,421,621,73,77,46,54,57.95486935866983,64.92161520190024,1.145303578921198,443,0.6769129957969547,23.152404806704283,1,0.677938808373591,0.8731309483394223,27.227396236152675,27.51363298439521,9.899494936611665,3.8880393520214604,3.605551275463989,19.34959680592141,20.041079994322253,-61.84434962479958,77.84062043356595,0.9503386004514672,0.708102837957072,0.0614842748418537,0.16285185460818136,0.07739825377948407,0.016513274938580753,0.011021567711021456,0.03413272313248974,0.016119036161935135,0.030525600646804558,0.027096298927239762,0.014072413108969057,0.013259209380976118,0.01092572528862487,0.012015014973815893,0.006923635945903878,0.013084086819432843,0.005247793059982623,0.0018676698096517599,0.013332934794094243,0.005971899893095431,0.006471874348164368,0.007803850513635063,0.001642907756152429,0.005052522595350116,0.006679102901888794,0.015266654434150493,0.005633762088097613,0.0075556826108001225,0.002013961523675836,0.004197044068562436,1,20.444443225860596,242.67319467663765,0.3660130500793457,0.18300652503967285,0.3444956254606446,0.3660130500793457,1.0,0.3145298957824707,0.5764208899682605,0.5163398385047913,0.28104573488235474,0.28104573488235474,0.020999942409975582,0.23213417537024117,0.7777777314186096,57.64968083506525,65.08141883459228,0.0,57.95486935866983,64.92161520190024,0,57.0,64.0,0.0,1,1,0.09289235145001781,0.26308277266343694,0.3668830223951616,0.27714185349138365,1.7003339113242322,1.5599696801592506,1.0877306509039641,0.6306849747020132,0.008307264497584396,0.033944056000619276,0.056481756678681244,0.048661377778285955,0.003565181174510621,0.005102040816326529,0.003691948246600102,0.0034094493921230807,10271.861224489796,8717.87857142857,9590.140845070422,8614.261083743842,-0.3252870424913237,-0.45924215046843814,-0.24320450791316978,-0.16908781780601886,6.516387162303609,6.259186320315502,6.391786853241363,6.385400912276459,3.543623384462204e-05,4.253776705994899e-05,3.803682578464232e-05,4.114196684033676e-05,8.324826294147138,7.736286231168869,8.222880746945773,8.313071015686031,-0.3632124024044054,-0.45705863525535634,-0.35867535969947456,-0.37139938864696254,0.9874937437993556,0.9948766836829613,0.9861581859880625,0.9886554749930133,0.006689717864537947,0.021264129172108983,0.01473497312954379,0.02394201990887623,332.130612244898,283.76428571428573,335.0046948356807,309.423645320197,6.82283675570068,6.183727328052502,6.830632507407582,6.828324079755449,5229.476817992501,3230.623010204057,5837.957724437423,6122.460918731376,3875.3345106205707,2987.1253954081585,3857.024642376953,3684.180500618804
132,1,425,644,74,77,46,54,58.07058823529412,64.73411764705882,1.1761229572422338,452,0.6929147645329343,23.26213245840639,1,0.6599378881987578,0.8502512376297748,27.683975922120485,28.160255680657446,9.899494936611665,3.882260832439515,3.605551275463989,19.284777801863743,19.96068666382873,-64.37862881654617,79.25483399593905,0.9402654867256637,0.682379327254028,0.09253548497152876,0.15611154445298525,0.07096736224934003,0.019998356669855298,0.0039050343751081103,0.022431176208777395,0.020818340094758903,0.03287224534904357,0.03267437384806077,0.014818066554493437,0.01452258673272042,0.003624584481252882,0.003710329122208447,0.0065188746307775205,0.011880041515191661,0.005652369407801799,0.004608678114596048,0.011952671112863906,0.007222075984573318,0.0008733841610293963,0.011297101801648004,0.0039019049732959845,0.004930305546837496,0.007959115944811338,0.01167379582410142,0.0037808946475197183,0.003499379360831092,0.004248535220390271,0.004957189609954479,1,20.92810332775116,244.5751554965973,0.3660130500793457,0.1764705777168274,0.3831155804720565,0.3790849447250366,1.0,0.31709247466289636,0.5754709541096407,0.5163398385047913,0.2745097875595093,0.2745097875595093,0.023736527437486245,0.23020317485018216,0.7777777314186096,57.71918757656228,64.88674505299652,0.0,58.07058823529412,64.73411764705882,0,58.0,64.0,0.0,1,1,0.09211651832341806,0.2568679926458977,0.3694013824728223,0.28161410655786195,1.7021530559761964,1.5595556696358055,1.0978712416150305,0.6332592343232343,0.007792997937704775,0.03723588644585667,0.044066324596753144,0.038769132248964853,0.0034319999999999997,0.005105376993108998,0.0034264862940548233,0.003522952210387406,9906.583999999999,8400.489361702126,9425.014150943396,8334.946601941747,-0.3081135472259603,-0.4565096483878455,-0.24581837463172582,-0.1459746307094812,6.4832543856448765,6.1384271290224,6.6028413888445066,6.557652986011734,3.76162109375e-05,4.820475653379796e-05,3.132696209449537e-05,3.315971173870652e-05,8.428583384877495,7.740511192778294,8.330445631419376,8.323033036984542,-0.3836354740532155,-0.49301778768229226,-0.3938792950040899,-0.4003981029650937,0.9908087129720912,0.9968371092045806,0.9915600223899353,0.9922180134272884,0.007526322369254396,0.039802088800755475,0.023289925649078516,0.033131254938936136,331.66400000000004,284.39007092198574,334.60849056603774,307.5388349514563,6.917574810719476,6.09228360117363,6.738355803718095,6.763431430310584,5239.783103999987,3134.60670992409,5705.625022249893,6211.53004524461,3786.5917759999975,2883.774017906544,3782.659793298324,3636.6191617965924
133,1,455,690,75,77,45,54,58.12747252747253,64.67252747252748,1.2122652543960648,486,0.7196742333792023,24.069150231250354,1,0.6594202898550725,0.8249019728757196,29.24350486574438,30.083217912982647,10.295630140987,3.935187585548268,3.605551275463989,19.996922840200266,20.30411307490228,-68.15041383256349,83.25483399593904,0.9362139917695473,0.6401370086790045,0.08126206722108256,0.1712540416807426,0.07186277794775738,0.027631422211325533,0.005183104477996851,0.019836052444481857,0.01846541525603298,0.03441114342358505,0.02829300265187663,0.013387852215106123,0.01117901240133584,0.006874601368483587,0.011041206050298897,0.008130351159303401,0.01311532344020702,0.013565041994167417,0.004281620320360253,0.011455956484720814,0.006920660398742409,0.0035263066860046046,0.008906697788133744,0.005651834680962858,0.0057484555457020204,0.007199724371993986,0.01106327274759713,0.004343046835320423,0.002364324528446106,0.005226785969492531,0.005401751236626836,1,21.480262577533722,255.032890945673,0.3486841917037964,0.15789471566677094,0.3779420323785878,0.375,1.0,0.30686089396476746,0.5605118482322483,0.4934210479259491,0.2763157784938812,0.2763157784938812,0.020475995190961244,0.2308942046141043,0.7565789222717285,57.76615503710313,64.78338707288586,0.0,58.12747252747253,64.67252747252748,0,59.0,61.0,0.0,1,1,0.08892042030704882,0.26100864588058303,0.3619502083177593,0.2881207254946088,1.7590778799872624,1.583452451675535,1.0979156318972025,0.6333088410630288,0.006018611173143755,0.05177280329768273,0.055896312625456274,0.030805048071329888,0.003338336525024585,0.0044263739785290815,0.0034752134074712195,0.0031604938271604945,9545.708633093525,8850.87341772152,9741.464601769912,8380.844444444443,-0.25070803406239156,-0.4558570960094703,-0.24802342266002972,-0.12883885667730505,6.550661274468503,6.31467991922245,6.58472043168783,6.517363263118831,3.498204345134504e-05,4.2011179692507207e-05,3.3381961975169354e-05,3.528133439429013e-05,8.430368489980479,7.936568406350178,8.293457280922675,8.413694302289686,-0.34744953008010815,-0.4379206246990308,-0.3670434913596728,-0.35791535836626215,0.9854596611653129,0.9941432696845963,0.9879098441085438,0.987150713066814,0.024023506820309324,0.02893303253724682,0.014905458718527031,0.027199931382377595,324.28417266187046,281.253164556962,329.27876106194685,302.56,6.913598673577278,6.238894042950063,6.785547077475055,6.936344844538985,5718.778958128489,3308.1131228969607,5869.563885190742,6467.766400000008,3816.121897805504,3039.7466351546173,3902.757121740153,3712.152711111099
134,1,464,660,75,76,45,54,58.196120689655174,64.47198275862068,1.1652118493606765,484,0.7349806914032949,24.306031118985995,1,0.703030303030303,0.858213037010116,29.829408810829822,30.364452901377952,10.295630140987,4.002814146184937,3.605551275463989,19.96920706410825,20.226965206938836,-69.31721571343732,82.42640687119285,0.9586776859504132,0.6407626342268066,0.0700767336567899,0.1740780826921802,0.08021544327079028,0.026474807493207176,0.0019366743873278068,0.017717090594794063,0.015391491024804204,0.03427846577696455,0.024834886100974726,0.013251430260859594,0.008574926714092532,0.013313434416997434,0.014280723066896588,0.005264949477390898,0.013601849773526586,0.01528217053272566,0.004888181626172819,0.011238713176542296,0.007823748151943805,0.002913244098802097,0.008400441489095706,0.005656793969652149,0.00494187590042405,0.006698970646058591,0.011055938629680457,0.004674512962456147,0.00019402145376842367,0.006033171536396889,0.00519068298908671,1,21.483443200588226,260.49668449163437,0.3509933650493622,0.15231791138648987,0.4260685213374259,0.3509933650493622,1.0,0.30690633143697466,0.5614152683009361,0.47019869089126587,0.26490065455436707,0.26490065455436707,0.018794272342846582,0.23161617953406402,0.7417218089103699,57.794178208362766,64.61332145327704,0.0,58.196120689655174,64.47198275862068,0,59.0,61.0,0.0,1,1,0.0870980060550363,0.27708148124748694,0.3459005943233723,0.2899199183741045,1.7571076004146375,1.5872321888744911,1.0699858384402976,0.6405849625027831,0.007060188161531088,0.029689912092436006,0.08086849222910614,0.0637012353011502,0.0028995466820987653,0.004172382258802011,0.003073405670808268,0.002841288304952232,9319.059027777777,9164.283950617282,9733.311688311689,8823.663755458514,-0.21429946619203835,-0.4653363247605972,-0.22945248537804178,-0.1616984314764286,6.686071357452237,6.434490184980932,6.583864669515784,6.615761664137268,2.8727967062114203e-05,3.7134138844831195e-05,3.239715347980618e-05,3.129650641241466e-05,8.644072668199692,8.011055789881597,8.476102125784813,8.548768089388092,-0.35964363592567294,-0.48545485443592706,-0.396459860552617,-0.38094098990436775,0.9886419717528419,0.9970537321421635,0.9924076419911595,0.991008200085049,0.016877276192770126,0.009784200887644527,0.02745592746202174,0.029817121493874266,324.50347222222223,283.9506172839506,328.2554112554113,305.9170305676856,7.030944543603714,6.320870605002125,6.991111569607329,6.984671733472262,6029.8055434992275,3343.8123761621973,6100.259440415262,6367.307526553646,3837.2161428192485,3127.0240816948717,3958.392782181745,3797.7428205030483
135,1,514,816,78,77,44,53,58.32295719844358,64.33463035019456,1.2468099631789407,543,0.7487264000058723,25.582125126616702,1,0.6299019607843137,0.8020468471797745,31.93777928932336,33.734255586866,10.63014581273465,4.125262423037658,3.605551275463989,20.80125735844609,21.170888239443563,-71.34342334717248,89.74011537017762,0.9465930018416207,0.5728459111637991,0.08419171753201266,0.18168855101993298,0.07027785572815035,0.034515980498048465,0.004128988929964061,0.007177858208828296,0.02196358476390747,0.027661325562310032,0.017100814979997953,0.020527659449011918,0.00577452715701351,0.009167101550926622,0.018013828705204425,0.011671219123596912,0.01037379709582817,0.018951194943793118,0.007799668832144385,0.015094828061955112,0.00452501400071309,0.0015899880671168694,0.0032613263989626925,0.004786325457263323,0.003067670308148688,0.005434827751559516,0.0013588809653438593,0.005150586904100417,0.0036636244161346765,0.008876951756213306,0.004066718595341571,1,21.105263024568558,273.92104893922806,0.3486841917037964,0.14473682641983032,0.4539613113369462,0.31578946113586426,1.0,0.2852062570887643,0.532920328675541,0.44736841320991516,0.2565789520740509,0.2565789520740509,0.016489361742895985,0.2331490984779762,0.7171052694320679,57.88411468849347,64.45081177578163,0.0,58.32295719844358,64.33463035019456,0,57.0,63.0,0.0,1,1,0.08629551578351202,0.27183207196346365,0.34568642101014946,0.2961859912428748,1.8481622963635402,1.6437845292849427,1.0834318317025409,0.6316995829827285,0.008382084324078989,0.03050606668524797,0.08456938898570084,0.04230530334400505,0.002393478584176085,0.0032282920607928584,0.002614940854262572,0.002633136094674557,8623.826219512197,9504.19587628866,10429.076335877862,8834.392307692307,-0.10751110810122876,-0.4229418376663649,-0.2499742084631195,-0.1431548725805535,6.661201062264247,6.612813811652545,6.700656255913069,6.72093649210363,3.157961162905265e-05,3.103166422690376e-05,2.9924511735821775e-05,2.9466617742233735e-05,8.841381996923577,8.3601717339174,8.68983693280213,8.704563234247335,-0.37232356507307307,-0.46751075934045205,-0.39649408083114257,-0.39587660037491434,0.9912051744065548,0.9969494499768584,0.9931749009513976,0.9931675298478647,0.01321756138568009,0.01229706591954518,0.031294675551013146,0.03285651986409363,310.1981707317073,274.35051546391753,316.89312977099235,294.79999999999995,7.283670364517361,6.590697862913096,7.184786121609564,7.030975988296919,6949.518655190375,3854.320437878632,6257.790105471722,6621.767692307723,3893.336218675635,3339.6290785418205,4171.7166103374,3864.0399999999936
136,1,490,759,77,76,44,53,58.391836734693875,64.28979591836735,1.2600298289411498,520,0.7639145874981836,24.977737626138797,1,0.6455862977602108,0.7936320053949336,31.583864046709248,32.7566787083184,10.295630140987,4.0108574974756435,3.605551275463989,20.523907260333477,20.381615958304753,-72.27237335948787,88.08326112068524,0.9423076923076923,0.5814421033739328,0.057576522727121444,0.18721115299800214,0.08261667589412072,0.021615291667135748,0.009042647660386802,0.000544440543001317,0.016658431382231664,0.03210131708013429,0.015909483317283767,0.019686155128336075,0.008667876938167915,0.02301389385905201,0.018373704009838572,0.004092585847371845,0.014891980874221283,0.014399601433196818,0.009804411834710397,0.013112388978031412,0.0065909670467881815,0.004148392315563721,0.0058325041026451524,0.0029148987963561928,0.002600294400191859,0.009430840083316551,0.0024251471889906303,0.00872974806850952,0.003682074123415111,0.006560806104928305,0.004506298661217805,1,22.18421047925949,268.3552612364292,0.3486841917037964,0.1447368562221527,0.48008808284714116,0.3421052396297455,1.0,0.29978662809810125,0.5476637984416923,0.4802631735801697,0.2631579041481018,0.2631579041481018,0.017807587840823823,0.22885881057610805,0.7434210181236267,57.91750429075203,64.3639127175157,0.0,58.391836734693875,64.28979591836735,0,56.0,64.0,0.0,1,1,0.08313312172707388,0.2627604815379612,0.3508703116186177,0.30323608511634714,1.7710969411420003,1.5895387154765532,1.1164055369683283,0.6404555245991811,0.021334454011294572,0.07570141122875579,0.07748274632656553,0.027725908846699208,0.002653900723698313,0.0041286827850442595,0.003406529608633291,0.002996721535414248,8378.08945686901,9398.580459770115,9915.004132231406,8416.54132231405,-0.12336094870278283,-0.48217738264924187,-0.2644951103158112,-0.13697582164522287,6.797602507700877,6.542551021708508,6.617594822486362,6.642745367621038,2.4892623629269846e-05,3.1963020291443715e-05,3.196518812485059e-05,3.1298182797345644e-05,8.71077359925275,8.06492948716587,8.357731057442068,8.508678681462651,-0.31340444570851783,-0.4461705435271504,-0.3748766165595431,-0.3654696468823533,0.9801681626416963,0.9951183505644163,0.989365674139144,0.9888073524129606,0.01349468585688587,0.00901853325939447,0.035384188701421154,0.0517435670287085,315.8785942492012,281.00574712643675,322.1363636363636,300.599173553719,7.185140872503001,6.323253769518393,6.938909946455951,7.026497522334337,6538.023599301843,3283.5459439820406,5767.15082644629,6388.5955365070695,3729.0282640427067,3170.531600938044,3920.538739669424,3701.284214705276
137,1,548,912,81,77,43,53,58.90510948905109,64.10218978102189,1.3872517206046018,594,0.79590323942243,26.414679072721462,1,0.6008771929824561,0.7208497096433033,34.84047143728426,37.48332962798263,10.63014581273465,4.109951374578888,3.605551275463989,21.1999576001272,21.09325221894703,-74.32028057741982,97.7401153701776,0.9225589225589226,0.4966087334625403,0.06881161197879289,0.1843839070803823,0.07657450603891236,0.025769454847803613,0.011870473457522554,0.02328438700850525,0.027358711795665232,0.028293407427637456,0.017581824872920485,0.01833015674346454,0.006768449432158666,0.012914507385731423,0.010868209435224863,0.007033486703971822,0.013109412934053244,0.010115115508505178,0.020722171494623808,0.011845344328005897,0.005859080539345332,0.01098380985213328,0.009778654449396481,0.002269429506030837,0.0045829905984244995,0.007705820539054299,0.00815306105232625,0.0012442837247762621,0.008021102577870108,0.008299034025289392,0.0048872299784674025,1,23.459999471902847,288.9733302295208,0.3266666531562805,0.13333335518836975,0.666831916365656,0.3199999928474426,1.0,0.2860975545354006,0.5273235953093445,0.4333333373069763,0.25333333015441895,0.25333333015441895,0.014130679705056716,0.23308410403784688,0.7066666483879089,58.243413443488336,64.18479212947824,0.0,58.90510948905109,64.10218978102189,0,58.0,64.0,0.0,1,1,0.08519817459843854,0.26745259415160083,0.3385548829868055,0.3087943482631551,1.8675439871977637,1.665500245398603,1.0977992655430135,0.6361627926624396,0.008751630077979425,0.0496167573393782,0.06708236546382543,0.03398399898132235,0.002270229846463783,0.0031812611933264207,0.0026566839753652937,0.002497469231179072,7703.519337016574,9582.878640776698,10716.344322344323,9047.813868613139,0.01551831429302395,-0.4100981935153787,-0.270752606926235,-0.1536315631222757,6.771876257436699,6.476837709910992,6.755395108867274,6.730143020977588,2.7367637939117778e-05,3.6657626245257554e-05,2.9344234592721465e-05,2.855098370109955e-05,8.948899124621285,8.387909386385516,8.691550822190983,8.779547913228813,-0.3624209686631923,-0.4705387339866023,-0.3920388425755655,-0.40292802859549276,0.9904327080170366,0.9971281262521657,0.9927569501227427,0.9940249907065375,0.00806448185327794,0.013479273828381377,0.04507037230642178,0.038455932623841234,303.84530386740323,275.4029126213592,316.0366300366301,295.90875912408757,7.329908344353424,6.658327136842608,7.0059427989330185,7.122198415147522,7946.379384023734,4008.9104769535334,6149.793530035269,6637.980726197464,3912.4746802600603,3397.9472794325593,4216.5344630949,3921.4486487026443
138,1,575,936,82,77,43,53,59.06782608695652,63.93739130434783,1.3929914015798666,626,0.8175679392981111,27.05758189903005,1,0.6143162393162394,0.7178795209115048,36.817212080673926,38.8329756778952,11.180339887498949,4.153303379639208,3.605551275463989,21.853931903038443,21.2005343784941,-76.78687279051827,100.32590180780451,0.9185303514376997,0.48548590067819536,0.07798130841021192,0.16988815116016998,0.07880306812600019,0.04077037855178195,0.005584849322013264,0.0222037443386436,0.025356807073473455,0.03226305625284579,0.014261301014112784,0.01587492451042929,0.004321572826012438,0.005554631342136106,0.01512816249700809,0.01228032622972162,0.016645409501213407,0.01302688507852729,0.016681989140345667,0.012453082753069264,0.005834836596128822,0.003867097076384941,0.011126022556401039,0.005982639843670659,0.0046632367492126904,0.009651730312170344,0.009372064964754132,0.0008945716361617834,0.0075417251714723025,0.010410233544859565,0.005080266957459845,1,23.730262622237206,293.6776272505522,0.31578946113586426,0.1184210479259491,0.6895008111914354,0.30921050906181335,1.0,0.27917956026161417,0.5107436995661777,0.41447368264198303,0.2368421107530594,0.2368421107530594,0.017752316652632875,0.22800999354035933,0.684210479259491,58.38331948150339,64.02022895113164,0.0,59.06782608695652,63.93739130434783,0,58.0,63.0,0.0,1,1,0.08913730412254635,0.25988485572394804,0.3344608973144219,0.3165169428390837,1.8982944396468115,1.660375467125221,1.111647491073945,0.6385868144999054,0.017138208796392496,0.061122473525937096,0.0626763057222622,0.038164629834294396,0.002501305172447975,0.0036087029711303767,0.0030840689732672404,0.0028640150763737356,6957.151670951156,9801.811926605506,10483.530035335689,8563.961267605635,0.07088986738656354,-0.44331002563990923,-0.2828983050947518,-0.13120306164383128,6.7149784814766615,6.522871065827967,6.684275319675498,6.6396780192459905,2.8754640996777964e-05,3.4058398042962514e-05,3.044232157691365e-05,3.230044397657954e-05,8.845666560911324,8.275965230631064,8.57547732398165,8.613114626568386,-0.3298656364128134,-0.4227689361661952,-0.3450669467295844,-0.3723577399927216,0.9846961905065256,0.9940646999314269,0.9859085845901081,0.9902366470402055,0.010388746232038353,0.02070128352661615,0.025526710026701257,0.03920184802184916,293.5218508997429,272.07798165137615,308.65371024734986,288.63732394366195,7.243494262015252,6.576808795551885,7.072444651061893,7.130604702353604,8018.794509684725,3780.594836293254,5859.979023336506,6577.371987204926,3743.986545158976,3395.6016907246776,4085.8772646680663,3785.3333137026384
139,1,613,1000,83,77,43,52,59.442088091353995,63.792822185970635,1.4514738679715333,674,0.8285828308684876,27.937355653723827,1,0.613,0.688954876878026,38.67528470503509,40.024992192379,11.313708498984761,4.20033457346003,3.605551275463989,22.768399153212332,21.65299609668176,-78.32991088649958,105.74011537017762,0.9094955489614244,0.4872008994523437,0.07640914550904764,0.16449193383945052,0.0863588884449855,0.035448444969600174,0.0035152431782816502,0.027234748315312755,0.025753647789818236,0.03427546371049662,0.013968069503763324,0.018512943330557606,0.004788025473737502,0.003765871717289228,0.012728057285941436,0.008932227098441162,0.01697281549012372,0.011346433603732595,0.017694647087848587,0.015086382993881235,0.006796169039575251,0.006569575533626969,0.01114190797883507,0.005235708323073908,0.001302632771923232,0.009253753545177351,0.008686849921654393,0.0016377069763711402,0.007150862441755025,0.011638202832897121,0.005964295145845736,1,24.646666288375854,308.8066624403,0.31333333253860474,0.11333334445953369,0.8158583990314734,0.3199999928474426,1.0,0.2738518476486206,0.5037629077329526,0.40666663646698,0.24666666984558105,0.24666666984558105,0.017811849890061206,0.22996492187343248,0.653333306312561,58.62910987630941,63.861315609984295,0.0,59.442088091353995,63.792822185970635,0,55.0,64.0,0.0,1,1,0.0916431009211186,0.2618682691582483,0.3290300279594685,0.3174586019611646,1.9371455470567394,1.6897394630947997,1.0961706909736633,0.6380397475481765,0.012191988727208497,0.06633329055089413,0.04633089757252203,0.03155764090971484,0.0020469918120327515,0.0028686565125332977,0.002450954044611664,0.0025482600415512465,6566.620283018867,10391.04132231405,10819.84918032787,8912.171052631578,0.1368971589636634,-0.4329119929348644,-0.27585858420661036,-0.1334382322655407,6.800147902508755,6.693319049263714,6.847056121407325,6.756202048734947,2.659016463543521e-05,2.9297166814830786e-05,2.408715288858842e-05,2.836190432392659e-05,9.110967683244937,8.561304043006079,8.81486436683392,8.768342028182166,-0.34245137038648416,-0.43779742533418703,-0.355248819859003,-0.39616916904873234,0.9883444668049833,0.9958704352281488,0.9888396268986628,0.9934064071530937,0.010618979229098536,0.007009468626420582,0.02691264049083446,0.03269854065762173,288.691037735849,271.297520661157,305.71803278688526,287.44736842105266,7.340752688863825,6.839228322255892,7.1913503210489464,7.154237289665547,8649.68991967784,4112.349497985109,6141.0418059661315,6813.734072022155,3804.077550674174,3625.8477050747897,4240.222746573501,3931.4762811634355
140,1,622,1025,83,77,42,52,59.5048231511254,63.667202572347264,1.4529738679910844,693,0.8375236523865488,28.14169498849121,1,0.6068292682926829,0.6882436236672469,39.38301719372673,40.792156108742276,11.180339887498949,4.1998690548664666,3.605551275463989,22.768399153212332,21.518922820827285,-79.35761701996154,106.56854249492379,0.8975468975468975,0.4744041572931496,0.05873957158716256,0.17493285430956212,0.08220823838438966,0.03291042220631745,0.0037778950697243637,0.027563990310736006,0.03282094596780605,0.03276760760637176,0.01435179098882703,0.014881627717033871,0.006410545024372471,0.00226516561672756,0.01180286443707419,0.011582860274355589,0.016549501865533583,0.011247971737311437,0.019408055436570874,0.01284103348404375,0.005806756103575206,0.012110514201139285,0.009969166733376866,0.004965496584165399,0.004369372788205878,0.009408305551793431,0.0076667215986986415,0.003517848231489968,0.008864718134011303,0.009720755170030524,0.004252015822812896,1,24.269736394286156,308.98683796823025,0.31578946113586426,0.125,0.8108377618950877,0.31578946113586426,1.0,0.26966373771429064,0.49676340509361777,0.40789473056793213,0.2368421107530594,0.2368421107530594,0.017748110523795452,0.22546796416057024,0.6710526347160339,58.695609578677804,63.718498481361856,0.0,59.5048231511254,63.667202572347264,0,54.0,64.0,0.0,1,1,0.08983094323240905,0.25780351836183363,0.3285994128620927,0.32376612554366463,1.9267188513985574,1.6879346149585293,1.1048045124336296,0.6433946648184004,0.03639399910666593,0.08350601526384115,0.05842394243779069,0.036509463040814615,0.002190001911274396,0.003097903587995214,0.0026981994087610863,0.002461418451678192,6081.626728110599,10254.753036437247,10755.89180327869,8374.32142857143,0.161372707515295,-0.4524611998902135,-0.30998594742127616,-0.10930076978162305,6.644033791037953,6.665288729858886,6.764378950960718,6.609766543151651,3.277193467340435e-05,2.936833562402166e-05,2.7362482101165683e-05,3.407169984794021e-05,9.031825174892871,8.46337133069613,8.732093506185274,8.80482481174963,-0.3290024696044696,-0.4276014588011468,-0.36270894991656805,-0.3655920807945849,0.9856281652268853,0.994976997995803,0.9895036223332337,0.9902184172043694,0.020162940586245584,0.010075106886040058,0.021052078544352332,0.02346773183287938,284.2027649769585,268.42105263157896,301.89180327868854,281.5681818181818,7.3459828653523065,6.624124596259536,6.928813046157231,7.085886795862431,8422.138609866422,3865.766034519489,5665.4932115022675,6724.057039551379,3625.941334494255,3530.129767739192,4105.346253695243,3774.594617030689
141,1,604,920,83,76,43,53,59.55794701986755,63.670529801324506,1.4112784299665362,664,0.8444555526894035,27.73151068766428,1,0.6565217391304348,0.7085773995877707,39.20735266853309,40.024992192379,11.045361017187261,4.178131926741045,3.605551275463989,21.913466179497938,21.000463120813972,-78.85187413484091,103.49747468305833,0.9096385542168675,0.4800478683021462,0.07332340897051577,0.1612542669448612,0.08919588034154195,0.03634536559536523,0.005329398315548597,0.029368899846582176,0.02788426997428906,0.03564209069040188,0.013123339185734563,0.016714587641703416,0.0053342822173758735,0.0019103514048898697,0.012638951533530974,0.009047567860095123,0.017749259927423516,0.010540623078132997,0.016815478220645583,0.0152982888900817,0.006658660621756752,0.007211858720808195,0.01176044019485734,0.00554915459699989,0.0034326006980735136,0.009529257211908289,0.009014007796433417,0.003477206235861617,0.007623678545919398,0.011305255378890032,0.005765640575284186,1,24.697368383407593,306.2894714176655,0.32894736528396606,0.125,0.7913931142839067,0.32894736528396606,1.0,0.27749852116188306,0.5071017738703071,0.42105263471603394,0.2434210479259491,0.2434210479259491,0.018933525945427722,0.22224793222212022,0.6710526347160339,58.767033263585745,63.642989077655926,0.0,59.55794701986755,63.670529801324506,0,57.0,63.0,0.0,1,1,0.08718532602929178,0.25734599156453525,0.3285290847126819,0.3269395976934911,1.8807120329175708,1.6535848819678625,1.1023975953692204,0.6538791953869819,0.03390181549291873,0.09704534142689543,0.07580862512262876,0.029915018281111604,0.0020719954648526083,0.0032795487340941884,0.0026208808489324286,0.002389050858438613,5833.961904761905,9829.398268398269,10515.37542662116,8525.302721088436,0.17073308560440775,-0.463503922870702,-0.31721263248861836,-0.15830111001617997,6.732485850328835,6.752819874552712,6.753192001751012,6.851413311259979,2.6948197898951248e-05,2.683363330589639e-05,2.892307385960742e-05,2.4962443988543544e-05,9.130549722533356,8.403570145255966,8.758259062648934,8.833026128783741,-0.36499623373505363,-0.49772522722526913,-0.4156316658073933,-0.41832459112210085,0.9914810657996737,0.9980899748899713,0.9949368596684395,0.9953138937679142,0.0193403714276426,0.009596623964442165,0.03245707623971453,0.017965547486718494,288.7714285714286,272.09956709956714,304.4607508532423,287.42517006802717,7.4994410631190735,6.6252955805856075,7.141014565906842,7.199361227479358,8236.204897959178,3603.2931166956987,5450.726275204157,6195.053924290827,3517.5417006802636,3358.172846273501,3991.5254254563297,3680.0891613448184
142,1,636,984,83,76,42,52,59.64150943396226,63.62735849056604,1.4080781011953654,694,0.848774230357243,28.456639830653998,1,0.6463414634146342,0.7101878788904294,40.339061621942136,41.0,11.180339887498949,4.251360981895178,3.802775637731995,22.313277503342633,21.329497916695686,-80.34582526271129,106.08326112068524,0.9164265129682997,0.4817253720711264,0.055502440910209665,0.17058887806808606,0.09022553648999851,0.025986147208591666,0.009000355136597036,0.03178532186201714,0.03349653110157279,0.03523240374623725,0.013081770673700928,0.016028675538881595,0.009305478454420979,0.002304870651901504,0.008620840625157925,0.008432004083206905,0.017189335606426312,0.009331874730144477,0.01914225967199967,0.014526003739205949,0.0071166525918076986,0.012155912410027251,0.010737299125225535,0.002767002841947794,0.004082185031729173,0.010046198045375977,0.006212659974193519,0.003751329616614487,0.008394477803486074,0.010051227100723127,0.004634104052949116,1,24.738560900092125,314.01306016743183,0.3202614188194275,0.11764705181121826,0.7846652178744604,0.3202614188194275,1.0,0.2688974010879579,0.49373122667835195,0.398692786693573,0.23529411852359772,0.23529411852359772,0.016707469049147883,0.22017833985932014,0.640522837638855,58.86106484426691,63.54608274660001,0.0,59.64150943396226,63.62735849056604,0,59.0,60.0,0.0,1,1,0.08644159878521872,0.24816834870162452,0.327741235504623,0.3376488170085338,1.8957536837034084,1.661421787097189,1.1267212204375139,0.6567114606037534,0.05425901301568136,0.10781532163784978,0.09325822577198431,0.0466756499940477,0.0018864197530864197,0.0026970053940107877,0.0024284970357314533,0.0026181751370331434,5426.253333333333,10103.937007874016,10250.439873417721,8137.610223642171,0.20938092883555368,-0.46700681056100724,-0.2788940974727068,-0.12906497276354284,6.7451916381400085,6.694610563004103,6.717480668747424,6.7036922933136145,2.7835346739969138e-05,2.7487390179858484e-05,2.9571391397362212e-05,2.943806657550794e-05,9.216740545660599,8.643116035154776,8.836078256026877,8.760789644083594,-0.3239016054907381,-0.42488067554264736,-0.3727985483608746,-0.40009793340474575,0.9857100428123043,0.9952691712391887,0.9912396653127299,0.9937285143045249,0.019500032005118295,0.015828294285972728,0.040477677182472936,0.02280460975579302,281.2444444444444,267.1889763779527,294.24367088607596,279.55271565495207,7.3502138103426145,6.724165803325631,7.114221128184644,7.068424997181469,8300.340246913605,3670.9642879285966,5779.722270068887,6277.167348855262,3431.6483950617294,3443.7253239506463,4007.5405358716525,3603.6943931243586
143,1,671,1008,84,76,42,52,59.789865871833086,63.48584202682564,1.3916571082418445,736,0.8473987005749135,29.229158977248975,1,0.6656746031746031,0.7185678096117757,41.49378278735656,41.97618372363071,11.40175425099138,4.341502706126742,4.0,23.0,22.031418585539395,-80.74946425946247,108.32590180780451,0.9116847826086957,0.484871585991654,0.06685027978845927,0.16275794750086184,0.09007970285224187,0.03593979945060163,0.00511085269359456,0.02643700430257722,0.030310317578682033,0.036365935505747314,0.011036545996032241,0.018214540659932818,0.005854157709427665,0.00023898130417581988,0.012122010107465168,0.012076704089441828,0.017778256969589692,0.011565951999215646,0.016611961504704096,0.014419265201165557,0.006652653342005447,0.0069466639845748215,0.012430964646407557,0.004807074896034247,0.004584397507510496,0.008918012359206593,0.007953283794574098,0.0034517410191830158,0.0074440597211804386,0.010361380195567652,0.0053093926047163955,1,24.13071809709072,324.7712301462889,0.3006535768508911,0.12418299913406372,0.8000436576479917,0.31372547149658203,1.0,0.25947008706549163,0.48401077518075836,0.40522873401641846,0.24183006584644318,0.24183006584644318,0.013581491247312933,0.21927593474089702,0.6209149956703186,58.99341920208008,63.41006237004285,0.0,59.789865871833086,63.48584202682564,0,59.0,61.0,0.0,1,1,0.08597303627774618,0.24747434350832592,0.3243509741684866,0.34220164604544123,1.9229302447455798,1.6773261060008733,1.1218531116858472,0.6598198405071579,0.05763974335210738,0.11391096726529346,0.10873460820297522,0.06333333854481228,0.0020220234239596646,0.002678008821676119,0.00229985294620567,0.002236441301074892,4976.619246861924,10540.286231884058,10494.637426900583,8223.07100591716,0.27066726828327153,-0.48633234317272994,-0.2992272193222394,-0.12408004045229136,6.587602748666905,6.749535848915817,6.84901294240087,6.742281850631991,3.37052521832765e-05,2.7815801359680213e-05,2.5685967443775432e-05,3.0353562570846172e-05,9.181321444178273,8.69629823391289,8.917021484139863,8.967302882963738,-0.31567420963692017,-0.41060222987063283,-0.3670790606536586,-0.36060192004347325,0.9838615154490649,0.9943917241613467,0.9908833620737719,0.9902760986099431,0.02509356688043007,0.01191716284957869,0.02336901749544287,0.021068347649231565,275.46025104602506,265.8224637681159,289.1052631578947,273.9822485207101,7.434519485473013,6.823304677843201,7.1725917707861235,7.290376923059872,8670.428336338664,3642.6605098718865,5660.5620190828195,6407.686075417529,3411.761895800144,3545.736685438984,4038.7998614958415,3657.689270333667
144,1,656,1008,84,76,42,52,59.83689024390244,63.46341463414634,1.4234785360217648,722,0.8562189270045856,28.900607975374268,1,0.6507936507936508,0.7025044457605437,41.5965599589556,41.773197148410844,11.180339887498949,4.261165800611405,3.802775637731995,22.604320253386234,21.48932996159958,-80.95391911089581,108.32590180780451,0.9085872576177285,0.478650510800153,0.06225600750988052,0.16181591871861478,0.09325896655047768,0.031178397869542216,0.0002514322935703923,0.030555924364146857,0.03313906706806666,0.03708848980910304,0.01117780382583903,0.01813025031551186,0.005700683485203753,0.0013242754080470486,0.008421239923107672,0.009781895223817911,0.017980240525222457,0.010959982434678243,0.017666922012102376,0.016079393153383924,0.005887234339514609,0.00818498171874324,0.011356657710023735,0.0036156350255117852,0.001700519093536869,0.009799490354271521,0.007348359694795826,0.005149716572223755,0.007764474708595516,0.011201538504839535,0.004433611770684784,1,24.6103897690773,321.30519264936447,0.31168830394744873,0.12987014651298523,0.7993831619086285,0.31168830394744873,1.0,0.26462784697932584,0.48979450098988486,0.4285714328289032,0.24025973677635193,0.24025973677635193,0.015666122329009102,0.21587628512901774,0.6168830990791321,59.05036278070136,63.32062811806895,0.0,59.83689024390244,63.46341463414634,0,61.0,62.0,0.0,1,1,0.0831430248351424,0.24886319997300474,0.33010650558843907,0.3378872696034138,1.9479222961376115,1.6658597875743966,1.104846263602122,0.6636348768258663,0.032499865367999904,0.08227365451494156,0.09029052270122961,0.061363036525058416,0.0018627162040192298,0.0028767791551882462,0.0029232971445568114,0.002262421886907483,4757.639484978541,10010.765151515152,10372.807926829268,7982.413580246913,0.273721112599714,-0.4835895429390191,-0.32129244773435384,-0.14006922211420986,6.637876004998896,6.813378719906939,6.728831121102093,6.823685123506807,3.097093749352425e-05,2.475875139893251e-05,2.8529669258439917e-05,2.559876409250686e-05,9.26536131957777,8.583053257542275,8.65431417242269,8.915376777535919,-0.29607240348282554,-0.41993818257687093,-0.40159123360890275,-0.3709234384133553,0.979816302878681,0.9947672561176403,0.9935171577411643,0.9913368726653915,0.025729276747813837,0.014069372574619288,0.033784149899625256,0.01926212724897774,278.46781115879827,266.1363636363636,290.4176829268293,275.89506172839504,7.467180171963445,6.689748822793427,7.039431370688716,7.162536067886935,8343.772569028719,3484.564738292014,5328.194443411645,6020.970469440639,3275.3530135018154,3373.832472451788,3925.250592560231,3500.846012421891
145,1,681,1008,84,76,42,52,59.81791483113069,63.3215859030837,1.4160728538203362,747,0.8553162701946568,29.44615645486938,1,0.6755952380952381,0.7061783560797464,42.278602997338226,41.97618372363071,11.661903789690601,4.343963738418047,4.0,23.0,21.904808113551056,-81.48512323662297,110.08326112068524,0.9116465863453815,0.4920976901047934,0.0686876588058438,0.1563126891443295,0.0958256918395814,0.03607558902200116,0.009125558102764249,0.02786232394471259,0.029030158735414226,0.037513257130923475,0.011515469895471418,0.01795910193990215,0.008492203711812517,0.0010959340393131296,0.012259958592755235,0.011210371565319224,0.017229422834500654,0.01098364057377699,0.015231323335434095,0.015116526001110894,0.007995373593573213,0.007043676601847928,0.011053358163903685,0.006959468188364945,0.004655050419995347,0.007826710929169924,0.00874229093130423,0.0033511878034688473,0.006397498467242259,0.01012645858130872,0.005574025772889448,1,25.276315197348595,334.1513108164072,0.30921050906181335,0.125,0.745877466716086,0.30921050906181335,1.0,0.2632949499723812,0.4906774020798931,0.42763158679008484,0.23026315867900848,0.23026315867900848,0.01536983012439449,0.21894624929108125,0.6315789222717285,59.08625544150919,63.17664545692221,0.0,59.81791483113069,63.3215859030837,0,57.0,62.0,0.0,1,1,0.08263275127664342,0.24848890562663634,0.32684924572548635,0.34202909737123394,1.9404449523928924,1.6754548983340505,1.1073847579057514,0.665490900885172,0.029437718135760745,0.09385053780269148,0.10067859607628125,0.06690014277081377,0.0016943529965063157,0.0024709521653840352,0.002224940681932004,0.0020631487889273357,4566.194672131148,10694.624113475176,10656.92263610315,8478.447058823527,0.32148151367584915,-0.4959414515802836,-0.31259231181999875,-0.1646278298622093,6.613683455210904,6.845953150600219,6.804024966207722,6.7847219975836595,3.2965709560182075e-05,2.364456086959596e-05,2.524657419395931e-05,2.6574580314662626e-05,9.403733104971238,8.772426086395313,8.97174267323091,9.036524943458826,-0.34075728145069706,-0.4382015008858457,-0.38257853882511555,-0.40189840314752084,0.9894362274091919,0.9963534284694749,0.9928010707687552,0.9946762679866863,0.022225020712235477,0.02183810553998023,0.024591160480980343,0.013893391505507743,278.3831967213115,269.07801418439715,289.44985673352437,277.46470588235286,7.507617730314779,6.7974520300209065,7.216034480272825,7.157974054369296,8893.113406174409,3603.5612896735547,5581.055508575446,6081.478166090004,3364.8270195763907,3574.54635078719,4059.494536169652,3639.9813062283793
146,1,656,1008,84,76,42,52,59.859756097560975,63.21189024390244,1.454435623224793,720,0.8641876790443348,28.900607975374268,1,0.6507936507936508,0.6875519163803121,42.13178719792575,41.97618372363071,11.180339887498949,4.213186618618476,3.605551275463989,22.627416997969522,21.199434889459575,-81.68947974372442,109.49747468305833,0.9111111111111111,0.4740324298219449,0.05998595755484369,0.15962062080020817,0.09586685858540163,0.027650219387834248,0.0017866710168738175,0.03376457222342695,0.03449849096031852,0.038131187337759324,0.010214697275900903,0.01771336611569569,0.005765571695012432,0.0023943206295677284,0.0066284990866692615,0.00887756003377662,0.01811650730070428,0.009716688509791358,0.01840916906710782,0.015826775602231887,0.006309389956807524,0.008970026942117557,0.010468112733755393,0.003999527861921087,0.0010402531527831484,0.00937511994811384,0.0070296725106602535,0.005565661811042473,0.008106385766401976,0.011144885298513018,0.0049295089876390695,1,26.05882205069065,328.379073664546,0.3202614188194275,0.12418302893638611,0.7291751324097273,0.3529411554336548,1.0,0.27430339000727,0.5005778561959543,0.43790850043296814,0.24836601316928864,0.24836601316928864,0.01939924673218327,0.215905187336266,0.640522837638855,59.15021299884401,63.043827860282924,0.0,59.859756097560975,63.21189024390244,0,61.0,61.0,0.0,1,1,0.08092831003831692,0.24111301656474732,0.32520600047312975,0.352752672923806,1.896034692326272,1.6476056131924377,1.1169378864417432,0.6786092476188172,0.05053815540267724,0.11586770997773978,0.11083932218399915,0.06894019574320155,0.0018945224083295607,0.0027404729109274566,0.0026698224852071007,0.0023782682647047193,4413.623404255319,10098.833333333334,10781.25230769231,8316.905660377359,0.3237658576987576,-0.4904874607844777,-0.36264376458002306,-0.18981501014779117,6.5886255869823085,6.777039219742418,6.738286543841676,6.761973463000615,3.305209821681191e-05,2.6440160662017904e-05,2.7751565967085798e-05,2.6923333875674913e-05,9.248182838071076,8.661744308719614,8.7329487063495,8.86667587041146,-0.3115725252285479,-0.4094046752924505,-0.378841220379171,-0.37256047516457796,0.9833944922223191,0.9941956530492578,0.9915232308705247,0.9913344541095764,0.030616117873372997,0.014683046566027456,0.027794321165826995,0.015746298506898397,282.7936170212766,269.8863636363636,293.56000000000006,281.23270440251576,7.461207559630376,6.774338922609754,7.117177602374708,7.040652985416383,8639.912725215036,3452.2143595041416,5042.769476923029,5663.260314069819,3263.384032367583,3387.761923209364,3956.005446153853,3495.041493611803
147,1,659,1008,84,76,42,52,59.82397572078907,63.125948406676784,1.4323650038872138,725,0.8673204793577481,28.96661630188228,1,0.6537698412698413,0.6981460712082165,42.453154706528565,42.20189569201838,11.180339887498949,4.225020843072586,4.0,22.161123270614794,21.13106302553356,-81.90430237991042,108.91168824543144,0.9089655172413793,0.4696902756266154,0.06285375980191751,0.1583472669827154,0.09363120829977208,0.03292617768892365,0.006890794273495468,0.030350052767223138,0.03561647771883384,0.036372411348503095,0.010749371164744361,0.01637914778157651,0.007107826725593759,0.004969841223483023,0.00950189461357614,0.012545374171528633,0.016546700171716507,0.009590916093424625,0.01631767755488385,0.015537904987937385,0.007033471279741871,0.008332288981316783,0.011010722726491694,0.006186911846549527,0.004563064347170649,0.007777639835545503,0.008196140258407347,0.004858233697121795,0.008886173220909545,0.010313127792234875,0.005263622923057471,1,25.875815495848656,331.32678727805614,0.32679736614227295,0.12418302893638611,0.6563074961656429,0.3333333134651184,1.0,0.27527463293456017,0.5027720596025131,0.4313725531101227,0.24183006584644318,0.24183006584644318,0.019604512351678337,0.2139634658894513,0.640522837638855,59.19945558678517,62.92417097546367,0.0,59.82397572078907,63.125948406676784,0,59.0,60.0,0.0,1,1,0.07853155543183306,0.24346556968817534,0.3204978974378886,0.35750497744210297,1.848296251056347,1.6206445497424982,1.1175032508548592,0.6868681636569848,0.04565681928963157,0.11240499513436578,0.1279916800662399,0.08675579292418492,0.0019183179333796224,0.0028767791551882462,0.0025390679796874556,0.002437082968917365,4079.504219409282,10282.397727272728,10870.5749235474,8348.495297805643,0.36088212433641936,-0.5225903404091881,-0.39207748595691244,-0.2153082984277627,6.589852369912696,6.6397977204915595,6.687266505222551,6.776023809359515,3.331810611099427e-05,3.137229450040174e-05,2.9126679332416257e-05,2.7926038621976368e-05,9.207102426022164,8.604926126901432,8.803258331528284,8.825834126215888,-0.30602886864599493,-0.4119281011349643,-0.36938190925957765,-0.3744923004056178,0.9818795273892112,0.9942254737827931,0.990691848822628,0.9913958640140993,0.03590444798690981,0.03208969005701711,0.028339223101514183,0.02578467050082273,283.00632911392404,271.03409090909093,292.63608562691127,281.15987460815046,7.436009773466391,6.786842489690173,7.03210161474918,7.2137499776624985,8686.542154035153,3224.055655991717,4747.19784155846,5390.397637601811,3191.5115933611087,3376.6133458161166,3904.443191276445,3434.7232338518697
148,1,661,989,84,75,41,52,59.88350983358548,63.0196671709531,1.4434338409008534,725,0.873205906325959,29.010538413996088,1,0.6683518705763397,0.692792403547845,42.89096700605094,42.42640687119285,11.180339887498949,4.2205200113676,4.0,22.0,20.90297537331555,-82.55902123516492,109.49747468305833,0.9117241379310345,0.4675618550388569,0.051781296332127975,0.16041560743125036,0.09575710726434279,0.024392937093550487,0.01996121524456699,0.0387405819252046,0.03604359202638147,0.03625730756863098,0.007591272972642167,0.014802052939418824,0.01591923014695274,0.0027730631764946428,0.005410633716389801,0.009383304040371021,0.01616613155418362,0.009260450795950432,0.017918195628965336,0.012927879986430416,0.0099272046049751,0.010908268850275743,0.00959802160728289,0.006594885692775331,0.006910889453865618,0.008570033353797857,0.004930600959996407,0.006970269679056765,0.008020005479960715,0.006843982384898325,0.005522421270952882,1,26.248364508152008,333.87580674886703,0.32679736614227295,0.1339869499206543,0.6455053397777343,0.3333333134651184,1.0,0.27629857377002115,0.5051071206488155,0.43790850043296814,0.24183006584644318,0.24183006584644318,0.020037534762861835,0.2152112289843838,0.6535947322845459,59.282716388237105,62.78360705211046,0.0,59.88350983358548,63.0196671709531,0,57.0,62.0,0.0,1,1,0.07797114774298289,0.24154807094809264,0.31797270938001,0.3625080719289145,1.8406760235039794,1.6127603524918082,1.1179785154265236,0.6925370969509028,0.05907579356404434,0.1282982292670944,0.14607157313769467,0.09692364780922244,0.001667095244529094,0.0025539485766758493,0.002380593925251233,0.0023387128673707526,4002.5031315240085,10629.125,11057.71472392638,8592.35849056604,0.3800608835614191,-0.5372656455570758,-0.3987816734223277,-0.23028193331773397,6.57401811331713,6.7561956597082276,6.750603090295718,6.849549526507053,3.5016254412728926e-05,2.6776442514634987e-05,2.7745393443427966e-05,2.476014808397364e-05,9.40745657229325,8.71005827653084,8.869268759986298,8.88277466122518,-0.33479440256026644,-0.45894771649157645,-0.42036229135359227,-0.42442829532067017,0.9885549842899158,0.9972044089337373,0.9955344780579215,0.995817081665835,0.02999808697741366,0.015932665365469976,0.02506243679698586,0.021088471500267197,283.76826722338205,272.0416666666667,292.3711656441718,281.8050314465409,7.576820156240057,6.845028059383165,7.134773211440951,7.13678010815314,8910.065297832552,3199.486900252523,4752.7794139787,5375.75444009334,3228.1421073391357,3457.152975063138,3952.623534476268,3492.0282326648485
149,1,670,1012,85,75,41,52,60.07462686567164,62.92686567164179,1.4765406080976489,740,0.8823716559928119,29.20737055903114,1,0.6620553359683794,0.6772587184638179,43.88858080370991,43.289721643826724,11.0,4.1960905831147715,4.0,21.706078553111478,20.651909653607074,-82.876782961,111.49747468305833,0.9054054054054054,0.45521371129805716,0.05241292872975192,0.1573956569181161,0.09572057680440407,0.02877227598880716,0.003468422715899333,0.03516128271422458,0.04068040729533206,0.03821759591389301,0.00955836311737333,0.013223486123937516,0.005664449442586049,0.007238948667566622,0.005276751637969875,0.012929813653374905,0.017906971994304077,0.00786044735559243,0.016363297078473654,0.014486013046031284,0.005508867854698098,0.00861966455399867,0.00997183169773535,0.005297949235369418,0.0023795902237770572,0.009225844188504074,0.006893076314728325,0.007107854697595273,0.009347312922738545,0.010725171393805808,0.0036720473020857626,1,26.90789419412613,341.6381542086601,0.32894736528396606,0.1315789520740509,0.6577491618633419,0.33552631735801697,1.0,0.27740097107346523,0.5099076928487465,0.44078949093818665,0.25,0.25,0.018838773558425278,0.2148111119079245,0.6578947305679321,59.46305535380515,62.68476188025209,0.0,60.07462686567164,62.92686567164179,0,61.0,62.0,0.0,1,1,0.07410117736929905,0.22952492908185296,0.3311059323851854,0.3652679611636626,1.8388069939788922,1.618754762998329,1.1260963182643353,0.6972351395431733,0.05841027661043378,0.15703778780381977,0.1523618280845885,0.09964185465303325,0.001898620363748897,0.0029247148929007274,0.002970615243342516,0.00246018575130288,3792.865030674847,10540.940074906366,11006.881818181817,8681.57320872274,0.40422884415509985,-0.531909194873871,-0.40205889261784683,-0.2514995887740295,6.489079096682648,6.839693626579486,6.685844088253145,6.777736402097373,3.8469893278239634e-05,2.3700149202870535e-05,3.0009232057793846e-05,2.7237947673362422e-05,9.256816211122272,8.592928692026202,8.625802472110555,8.832960241035362,-0.31585779139222037,-0.4208352471728314,-0.39231651194105144,-0.383027665874648,0.9843532325819644,0.9948588163404318,0.9925478572163468,0.9923573715622508,0.02984888791209526,0.02917517185367799,0.012632807456368215,0.016175854601479165,286.1002044989775,274.03370786516854,292.9,283.8348909657321,7.521424302726897,6.7119188029798105,6.937687214669822,7.102176149139311,8939.75887521381,3220.893994865968,4694.1445454545465,5192.299841810542,3183.155976472164,3440.458517443083,3925.2565909090918,3468.4682626333197
150,1,655,1012,85,75,41,52,59.9969465648855,62.82442748091603,1.5103545151533202,728,0.8866644425196653,28.878571671769564,1,0.6472332015810277,0.6620962098414936,43.80587710346406,43.18564576337837,10.770329614269007,4.130527286209102,4.0,20.98442645978569,20.256425228451338,-82.96954520546336,111.49747468305833,0.8997252747252747,0.44716992053701426,0.051963577722928526,0.15584827605266258,0.09605315609822354,0.024905624834692098,0.003375030920031846,0.03688227283723708,0.04372145258567599,0.03704293561692884,0.008705524220321814,0.012387310732656828,0.005769884735833827,0.011672696674666553,0.00376044050100703,0.01392758580108141,0.016151482007966143,0.007675674799270301,0.015388239601711958,0.01585400477731275,0.005562164830244586,0.00982394033424976,0.007914239395941648,0.004565356963865838,0.0018543583383040963,0.007754884555624463,0.006501029748367883,0.007186878698441161,0.010192423235723573,0.011223217397208624,0.003939843333800242,1,27.677631050348282,340.61841666698456,0.3421052396297455,0.1381579041481018,0.5939356360987904,0.3486841917037964,1.0,0.28533640258091014,0.5200281170488313,0.46052631735801697,0.25,0.25,0.022100698161473174,0.21441789753455703,0.6578947007656097,59.46990770257823,62.55058523171781,0.0,59.9969465648855,62.82442748091603,0,58.0,62.0,0.0,1,1,0.06831614477143419,0.2292849697366605,0.31973577391182234,0.382663111580083,1.7898829930115654,1.580859528184341,1.1381898473491492,0.714086433290468,0.052029639861873235,0.14509536135814943,0.17578799971283213,0.11229887833623978,0.0017594229792895783,0.0028604382929642443,0.0026769099105374717,0.0022747661155965654,3659.849372384937,10357.223529411764,11189.779179810726,9128.918300653595,0.4205558905642619,-0.5314076932806677,-0.4345025247722763,-0.31359034315094814,6.607804212629361,6.791908191844742,6.729032231094202,6.881999846521589,3.308978239108098e-05,2.517037279832276e-05,2.823944208717808e-05,2.262060561476088e-05,9.319113251422976,8.5902785348302,8.737114424351976,8.889644950493368,-0.3363727323921847,-0.4621861645985842,-0.41953288561006724,-0.4119158497985439,0.9883893446759461,0.9971352894247687,0.9951522037563227,0.9950195258786523,0.04574128555845038,0.018648952351665506,0.01705041798410696,0.008586962290072372,290.8326359832636,275.8509803921569,295.83596214511044,289.59150326797385,7.4586571399333454,6.6863051059881915,6.945254923464315,7.062696953939959,8972.428056231525,3169.185636293725,4411.14028401117,4770.267770942795,3158.069357154127,3381.6022914263704,3900.2298659554763,3474.7965178991
151,1,666,1012,85,75,41,52,60.12012012012012,62.67717717717718,1.485408719857995,736,0.8874819030344162,29.120053859730724,1,0.658102766798419,0.6732153828311981,44.27329667739286,43.289721643826724,10.44030650891055,4.14428524685885,3.605551275463989,21.287367145797997,20.40301970127884,-83.28823537320069,111.49747468305833,0.904891304347826,0.45249601749926277,0.04989019667118467,0.1545909505110359,0.09867561595926076,0.02307127560615918,0.007101126691323604,0.038611770636460443,0.042287188516115036,0.0385542672144635,0.007083947302994303,0.013041386925329714,0.00798511506880317,0.010320038395579302,0.002859726331696535,0.011647574729453037,0.017406175762450384,0.008104137028839253,0.01585729824498678,0.015755792611811065,0.006074349982987575,0.009009480014691644,0.008373448941492324,0.0030346576841094055,0.0015988343739024322,0.009028871591232742,0.0055712653944823875,0.007311430786237511,0.010432519937238642,0.010207630840899814,0.003870301290278115,1,27.431370958685875,343.4836482256651,0.3333333134651184,0.1437908113002777,0.6056828142186566,0.35947710275650024,1.0,0.28279763874933894,0.5157412135520497,0.4575163424015045,0.24836601316928864,0.24836601316928864,0.019787051920788,0.21488025362067106,0.6601306796073914,59.58194582316844,62.39929213342636,0.0,60.12012012012012,62.67717717717718,0,60.0,60.0,0.0,1,1,0.06384031581335181,0.22468746101321158,0.32454855113345454,0.38692367203998207,1.7715687638205018,1.558769260779153,1.1497305056110667,0.7198077250799664,0.06180585803035895,0.14628922591193658,0.19515293518167787,0.12263011925684231,0.001845924571118901,0.002928151040149175,0.0027360946745562126,0.002495687411323991,3476.351851851852,10735.664122137405,11419.203076923077,9177.987220447283,0.45067339061731676,-0.5586025557701333,-0.45632689295976764,-0.3210501239044496,6.456048875061718,6.757137538834561,6.71471550750543,6.742720754816479,4.027639146553604e-05,2.9696888054218143e-05,2.782553046412722e-05,2.6965983569659153e-05,9.283399045732612,8.59628817324363,8.722527715740537,8.800694516274241,-0.3243008093567665,-0.4459196412623001,-0.40434072812429783,-0.4078284823902628,0.9861498730006251,0.9963915925173815,0.9939682077114768,0.9944774123653327,0.04651119778508203,0.014813045271721219,0.022316066706930576,0.023519770506882552,288.2078189300412,275.1603053435114,293.0923076923077,286.05750798722045,7.465511008451145,6.673002524703108,6.94033193745013,7.0552839941832115,9180.423889481608,3040.3483479983697,4262.994556212987,4716.99988771959,3164.1939353333655,3444.003117533939,3920.5494082840305,3473.746777041717
152,1,633,903,84,74,41,53,60.21958925750395,62.52132701421801,1.4779391648256262,692,0.8991904340337957,28.38944578214513,1,0.7009966777408638,0.6766178363762249,44.07159137393646,42.579337712087536,10.0,4.032655352112053,3.605551275463989,19.721522799684145,19.283855218505067,-83.81164874507509,108.42640687119285,0.9147398843930635,0.44454530160913297,0.042858934256566734,0.15256513032214378,0.09911585294955416,0.023755957622404702,0.01824724246533761,0.04488762429656622,0.040798237222273305,0.03963032123128151,0.0062171736747205966,0.009853979616225191,0.014597877805163742,0.009423311708729225,0.004822473401166327,0.011769560313386848,0.01801042652148936,0.005974094342155002,0.013799564450243955,0.011913344643015597,0.00901118491398875,0.009193075448733507,0.009056447454891304,0.006287315337986945,0.00524916866223522,0.009500863947280055,0.006071945276243882,0.006464747707949237,0.010119638043336661,0.0072660355275323725,0.004809864573505056,1,28.736841529607773,340.4736822247505,0.3486841917037964,0.1381579339504242,0.6036320669274927,0.3486841917037964,1.0,0.29934209926674765,0.5378731156789107,0.4802631735801697,0.2631579041481018,0.2631579041481018,0.02343388968975762,0.21418488071697186,0.6776315569877625,59.68847581554669,62.23446435719296,0.0,60.21958925750395,62.52132701421801,0,57.0,62.0,0.0,1,1,0.06745633165238038,0.22588499160122882,0.32918534425346796,0.3774733324929228,1.779160747331522,1.571265930588765,1.1202920586690595,0.719700661048253,0.041026181841002575,0.11908747951460188,0.15191649588032058,0.11373929471878885,0.0020210428951323856,0.0032924934679754254,0.003412812410226946,0.002720181915986112,3417.894623655914,10309.550420168067,11463.847457627118,9411.055944055945,0.45374272863694887,-0.55489830890102,-0.4783265445463605,-0.3521284250597914,6.476056270008219,6.656932774221923,6.580752674047764,6.6778570469328695,4.116030563052811e-05,2.8876512116795245e-05,3.4610142279068514e-05,3.0491461561002373e-05,9.16972813604158,8.395765504859131,8.448122893551703,8.679439071065424,-0.31164722729230393,-0.4433506524939846,-0.4035669442909719,-0.39669188760727514,0.9829189753475209,0.9958033015903779,0.9929933016350019,0.9931579577802656,0.04282993484533932,0.027160034130442944,0.00976640790474093,0.027639140622559382,298.5311827956989,280.20588235294116,300.52542372881356,294.8881118881119,7.493397488304017,6.656173070577453,6.693698933095166,7.034466070995949,9095.969457740794,2951.188704893706,4045.374777362813,4509.302166365102,3128.466020349166,3315.184781265445,3877.3055587474773,3480.0895276052615
153,1,631,924,85,74,41,53,60.36767036450079,62.40570522979398,1.5053659889869109,694,0.9051958983620618,28.34456125481373,1,0.6829004329004329,0.6642902837687898,44.69527617664323,43.289721643826724,10.0,3.9894163994285896,3.605551275463989,19.39908050203216,18.995249735410287,-84.27517379014728,109.25483399593904,0.909221902017291,0.42871619675981204,0.042275977866350525,0.15060214752619924,0.09761980058400874,0.02324328965324479,0.003624437467856104,0.04191671828608043,0.04635383718500698,0.040240352800126236,0.0073949003808100955,0.008196146487845194,0.005328264319525325,0.01429338772424647,0.001825464075272983,0.015358840854671757,0.01914933669070935,0.007008097613136273,0.012625333180586321,0.013571163624232649,0.004606865017852008,0.006222722111280829,0.007117685191963267,0.0017419342726475776,0.0015032022556804197,0.010168486952645597,0.00568531664059653,0.007458201463421605,0.01132720504979675,0.009780057029641598,0.003045567772159838,1,29.269736260175705,341.87499502301216,0.3486841917037964,0.1381579041481018,0.6041743822166451,0.3486841917037964,1.0,0.3048930860434969,0.541798724283696,0.4736842215061188,0.2631579041481018,0.2631579041481018,0.0268723342655323,0.21328458324326044,0.6710526347160339,59.84043106068222,62.1106706544714,0.0,60.36767036450079,62.40570522979398,0,57.0,61.0,0.0,1,1,0.06163764133257108,0.2175502747749189,0.33497546324484984,0.38583662064766017,1.7678796218569137,1.5778646365859035,1.1303182743716582,0.726754948145294,0.06029867936256833,0.1356799439588768,0.16240802876228688,0.11941318408556857,0.0020141056769568738,0.0031412082694133978,0.0036266349583828775,0.002864814172479798,3273.1849462365594,10207.7905982906,11545.46896551724,9521.634408602149,0.4684033398737261,-0.5706075084859866,-0.5047069177488944,-0.38655419607116454,6.423142530961763,6.563344128013005,6.808959393606919,6.68883035354388,4.231650865978005e-05,3.2395805867735957e-05,2.71014963120541e-05,2.8851560881616852e-05,9.163845689818979,8.43752620456142,8.477850202450043,8.64245794987487,-0.33149631098815746,-0.4520465055563124,-0.41473446967160427,-0.41439018330361693,0.9868041265297091,0.9963729219297821,0.9940602865273084,0.994525868531067,0.056842638886865124,0.014816498720501836,0.03396756240756199,0.03838351738259517,300.18279569892474,280.21794871794873,300.6344827586207,296.69534050179215,7.4623604915179325,6.694416924863678,6.697871192599851,7.018544263515351,9041.357983581911,2790.734549638393,3800.335362663478,4212.606107321306,3078.635732454615,3249.631286982247,3836.4510820451833,3433.5601289808765
154,1,621,880,85,73,41,53,60.446054750402574,62.21739130434783,1.506498375740131,681,0.9113630490059543,28.11906394744562,1,0.7056818181818182,0.6637909579615098,44.986869206440126,43.289721643826724,10.0,3.926382881643986,3.605551275463989,18.806202894968795,18.516750179589174,-84.79953601623491,108.42640687119285,0.9118942731277533,0.4219219622628261,0.04041464503447326,0.1477553850251142,0.09810643079733226,0.022845012605268392,0.003297117335106545,0.04384502881172226,0.046152361720599284,0.041848343372192835,0.0071939834466118995,0.007872547250403348,0.003820259227434879,0.01486705484049489,0.003140317490729163,0.016808687401971348,0.02017273382232708,0.006597554921750756,0.011292913876335714,0.012429613830435253,0.00384025024659283,0.004996145252287764,0.0077864540626867255,0.0008176392506918655,0.002520890780299649,0.010525996276931586,0.005711933574850753,0.008042378262762722,0.010041575745387585,0.00963565320215507,0.0027970121109292976,1,29.933774411678314,344.0993339717388,0.36589403450489044,0.16556286811828613,0.5622151828616531,0.3642384111881256,1.0,0.3118101501216491,0.5541052076839594,0.5231788158416748,0.2781457006931305,0.2781457006931305,0.025392311651329977,0.2130564509297868,0.695364236831665,59.95762040190802,61.93897112000255,0.0,60.446054750402574,62.21739130434783,0,57.0,61.0,0.0,1,1,0.0637425665912593,0.19956119389575858,0.3412690760220428,0.3954271634909393,1.721049297963991,1.5490937676158234,1.139398366718755,0.7396393630357626,0.0499687540510605,0.14561059191459594,0.17647067181930698,0.13144596455564467,0.001911625708884688,0.0030393016581632655,0.0033272953841805733,0.0027497772332368007,3095.995652173913,10176.02232142857,11698.258064516129,9854.253731343282,0.4952370313932475,-0.5959188678486309,-0.5395212251917908,-0.41792470573188667,6.384570789779252,6.607147975606159,6.47393699519907,6.70119681982513,4.241193399988186e-05,3.005047233737244e-05,3.748293766249068e-05,2.835911720838438e-05,9.214983923820466,8.467981930947543,8.462032514650364,8.651391558042034,-0.3279213364191068,-0.4602066665154437,-0.4437215185353549,-0.4245896368023587,0.9864416956000656,0.9968277249134588,0.9959800046570463,0.9952710953611668,0.042430184774625845,0.012565482993795453,0.029058476221007018,0.01650394320776923,305.46086956521737,284.15625,304.1505376344086,301.19402985074623,7.51468798186939,6.538861998674555,6.72332165828207,6.940953698140545,9171.131077504746,2576.5336216517753,3499.0095964851644,4045.290710625981,3066.78168241966,3188.1389857700924,3799.3169152503106,3474.886110492316
155,1,627,880,85,73,41,53,60.37639553429027,62.154704944178626,1.5082479735792649,691,0.912583879850072,28.254578293596012,1,0.7125,0.6630209471635307,45.39883977680984,43.41658669218482,10.0,3.9305460221229613,3.605551275463989,18.806202894968795,18.5631110635259,-85.04205221275834,109.01219330881975,0.9073806078147613,0.42351257005249177,0.041539727029833065,0.1451196918361684,0.10048465294153112,0.019450473853489,0.006837882405062626,0.045479937590753264,0.04561980943310533,0.042497814550295,0.004088448187633425,0.008529579208284987,0.005749953349367432,0.015345281917331562,0.0044922988821783924,0.015611858574510695,0.019993413497414885,0.006704285383826962,0.011270174810232902,0.013513254478654714,0.0046461814516451675,0.004574176149421282,0.007470470154393018,0.0020506849616584847,0.0008843345424511468,0.010239431909710602,0.0047432195189424375,0.008614627413337453,0.010133530995024445,0.009881909778641383,0.003241989939449635,1,30.15893977880478,348.4238364994526,0.3509933650493622,0.17218542098999023,0.502506480546605,0.37748342752456665,1.0,0.3109169049361317,0.5556998987232099,0.5165562629699707,0.2781457006931305,0.2781457006931305,0.025345146672618734,0.21598384683036245,0.7284768223762512,59.984167145023015,61.840587683200894,0.0,60.37639553429027,62.154704944178626,0,59.0,59.0,0.0,1,1,0.06293241224468336,0.20687295847427853,0.3295826022456245,0.4006120270354136,1.7155922816267926,1.5441588686115764,1.1292256372022207,0.7453523470362143,0.05754606362234447,0.15343023866203628,0.18763501726720871,0.14608504134103575,0.002115851543531044,0.003327947060634041,0.0031652286830900628,0.0032959743508243385,3044.2817204301073,10603.311403508771,12074.413427561838,10188.78066914498,0.513185719055851,-0.6154609545582614,-0.5586438711273005,-0.43997828238726916,6.30761725245582,6.592976350294542,6.534770135180096,6.58536955442143,4.9217595490627545e-05,3.2382071586930586e-05,3.619763753790705e-05,3.305582447241521e-05,9.11926707486586,8.404054761924314,8.515850811681554,8.497099933322358,-0.3146001150943619,-0.4399493794397687,-0.401619334243108,-0.43361814593712217,0.9832469788627358,0.9956213072421001,0.9930510225921354,0.9954623401697522,0.055848304811737554,0.024026770796833852,0.017599098440002514,0.023166860752846772,306.1655913978495,284.68859649122805,303.6360424028269,301.3754646840148,7.433960464678086,6.574353955062838,6.5749649786767455,6.823077149786329,9462.671504220125,2523.97758925824,3419.0724818639137,3962.5170188361662,3126.738306162555,3281.822248191751,3873.3714773564425,3537.824421995283
156,1,608,836,85,72,41,53,60.567434210526315,61.87171052631579,1.531830630712776,669,0.9211519521926058,27.823185353208192,1,0.7272727272727273,0.6528136857628248,45.68070060021632,43.41658669218482,9.0,3.8202041302402905,3.605551275463989,17.854778168554095,17.77907192238443,-86.04326646175643,108.18376618407356,0.9088191330343797,0.41067885580847685,0.036640867687911215,0.1423931322470937,0.09959431970232942,0.01872235210372037,0.005300067151067293,0.04769173181454301,0.04672972818860323,0.04384909313997034,0.005531122975596003,0.006413912705455962,0.0039025838855197615,0.016869579838377547,0.0071168226636979985,0.01792992616250919,0.0213460870681818,0.006324308659992931,0.008988660090859,0.011162863326485997,0.003829822470347578,0.0030671053915765213,0.005912312826528228,0.0019843690454667408,0.0028110214775499374,0.010744960122106949,0.0051012051699062385,0.007362586436710329,0.009762162032552304,0.008608054408356724,0.00321034996103901,1,30.9139064848423,345.735094666481,0.37086090445518494,0.1589403748512268,0.4495938302377094,0.37748342752456665,1.0,0.31870006685404434,0.5686432478067122,0.5165562629699707,0.2715231776237488,0.2715231776237488,0.02553861900202015,0.21472796819454187,0.748344361782074,60.19277475448818,61.62318506647511,0.0,60.567434210526315,61.87171052631579,0,57.0,59.0,0.0,1,1,0.05246523524423268,0.19670153132263127,0.32218518844138233,0.42864804499175374,1.6788875278154338,1.4949316380519952,1.1660035391211923,0.7642756931231267,0.04777677925912389,0.11200947555803747,0.20997365528999284,0.14610000936227033,0.0019018416813832992,0.003460512684872931,0.0031350436179981636,0.00296,2900.3744493392073,10322.25352112676,11704.037878787878,10280.276000000002,0.5285706649241741,-0.63168205591506,-0.5587712754104133,-0.4758478431801921,6.224718646160486,6.550122620262725,6.596798144567038,6.576373910934885,5.171654278946688e-05,3.3215251581992936e-05,3.2044858205635904e-05,3.22412109375e-05,9.219306547843662,8.32731789482294,8.521066409146062,8.547666984610164,-0.3185185956023145,-0.4798868525749026,-0.42641466192151,-0.44245190169617205,0.9846744333556323,0.9973930397304673,0.9950521203022545,0.9961026540909845,0.04590129994186345,0.00854156116404918,0.022069541258337776,0.016941147419681453,311.9867841409691,286.76056338028167,304.31818181818187,304.524,7.504995110054624,6.3886987499798025,6.544270141139766,6.717921198726536,9404.224494944632,2330.031871983083,3312.9669421487342,3651.073424000002,3076.1497360709436,3163.0713482774627,3754.251205234159,3482.8373559999964
157,1,649,924,85,73,41,52,60.51001540832049,61.942989214175654,1.5498229974427276,714,0.9158144595262468,28.745999104799274,1,0.7023809523809523,0.6452349730582406,46.5782780809183,43.93176527297759,9.486832980505138,3.941338629384935,3.605551275463989,18.950461735799475,18.705912777060746,-85.52355318076769,112.42640687119285,0.9089635854341737,0.42815153602752365,0.04027893927191941,0.14111564529769283,0.1038383875525141,0.023787446567411507,0.003334114660694605,0.04385638608833993,0.04559077057000853,0.04393803645995963,0.009437864540515293,0.008038717370796901,0.004086625281686768,0.015209617268093506,0.004960793817883637,0.014937612106017127,0.020462820525669598,0.00652079626447841,0.009432762214949198,0.012792215267818088,0.004336672133839838,0.003074858919811825,0.0063366610404593255,0.003685023139581124,0.0008371475437539658,0.009695453249811243,0.006018695393775672,0.006320297421910185,0.009888492888002065,0.009405566566862403,0.0032989831456131627,1,30.403973191976547,360.9470166563988,0.3576158881187439,0.16556289792060852,0.43073935001973657,0.3576158881187439,1.0,0.30403973191976547,0.5561587313657916,0.5165562629699707,0.26490065455436707,0.26490065455436707,0.02612488101676881,0.2193159213208001,0.7152317762374878,60.22626275334379,61.61892005728303,0.0,60.51001540832049,61.942989214175654,0,58.0,61.0,0.0,1,1,0.05630882800933599,0.18877859933737454,0.32482615694340033,0.43008641570988915,1.6611104262754008,1.4941135484140957,1.1647081539020256,0.7668299005376866,0.07015300154377153,0.14105049948350853,0.23702428369978182,0.16812433753061518,0.0019066850887448192,0.0031507721974483906,0.003008914889095201,0.0027861855852889406,2705.857731958763,10970.497925311203,12471.003344481605,11089.551601423485,0.5758553375465789,-0.6310220385073838,-0.5985023349282123,-0.5319835963164584,6.325927353930086,6.699541218129328,6.736384828479521,6.8524577154058495,5.0851451133057436e-05,3.054201068268345e-05,3.022623068000847e-05,2.436718135327487e-05,9.243136227869506,8.47297419096584,8.596768920079958,8.654446594310155,-0.32379453537824154,-0.44348146948196726,-0.40838822257823576,-0.4249099811484587,0.9858360389229097,0.9959915918555765,0.9939139266863791,0.9952999962164368,0.08180779308749236,0.020453384809159716,0.013981533365181436,0.031815813878519325,305.7216494845361,284.5311203319502,300.52842809364546,301.0889679715302,7.564472009872604,6.554021171389397,6.660043649946149,6.976083605338802,10053.268912743093,2481.8008987448557,3132.356215254884,3387.824824913565,3189.781661175468,3363.0747060140166,3900.839889934119,3619.344106584267
158,1,613,836,85,72,41,53,60.61011419249592,61.65742251223491,1.5593182396022376,665,0.9244765821867825,27.937355653723827,1,0.7332535885167464,0.6413059083148334,46.307557232218386,43.56604182158393,9.0,3.7772304034492663,3.605551275463989,17.669044171975447,17.65423915123461,-86.27027642392119,109.59797974644667,0.9218045112781955,0.41122014800982865,0.03906245961468666,0.13773408289187572,0.1014159393038272,0.02475392084509867,0.007333748606384853,0.045647101334328644,0.046029555821365205,0.044628972974950686,0.011161334285825995,0.008427886800034997,0.003673523609322549,0.01567504119176502,0.00819214633097162,0.016513981127187962,0.022024753678560615,0.0052232767562665604,0.008400427302130958,0.010553696642326863,0.003866137157360989,0.0004966858580669522,0.006239140833869099,0.0036949877905817505,0.0035723632536803587,0.011264991668185152,0.005497846700913683,0.006601465218955998,0.008572603627870946,0.00856182094293192,0.0034263882861781956,1,31.69333243370056,355.3799950182438,0.3999999761581421,0.17333337664604187,0.37697479487592805,0.41333332657814026,1.0,0.32340135136429143,0.579738980453905,0.5400000214576721,0.25999999046325684,0.25999999046325684,0.03125848122037712,0.21632303552698706,0.7516666650772095,60.35389345082926,61.38090682097755,0.0,60.61011419249592,61.65742251223491,0,62.0,61.0,0.0,1,1,0.05213199133254026,0.18744255241784183,0.34156864899433254,0.41885680725528535,1.681942667728787,1.5320304617618243,1.1504482518325587,0.7618968037017502,0.02307678518626941,0.11000257914008736,0.17455239885614263,0.15639045286673597,0.0020098948670377245,0.00337365708795528,0.0034247063011747943,0.00312,2601.5887445887447,10457.621495327103,11913.2,10859.380000000001,0.5777574874601167,-0.6545953321143777,-0.6149892618652043,-0.5412524603725118,6.3030055423208875,6.673510942095886,6.513896981629777,6.62882613928107,4.9709949810459654e-05,2.9266114859239884e-05,3.741787523084282e-05,2.9991210937500002e-05,9.15863829353287,8.358198061127062,8.389724198481169,8.482608334584203,-0.33945040498031237,-0.48230030930693757,-0.46270128467632293,-0.4641605939619888,0.9881046639648585,0.9975314177621418,0.9967912561871051,0.9970290682381026,0.059132046814464906,0.012068052158394479,0.032634844649615746,0.01696740113478645,316.1471861471862,290.0327102803738,306.2943396226415,307.796,7.586322662998341,6.508077136586932,6.589990555351967,6.764220025008926,9721.134180393914,2183.0783692898985,2840.086949092205,3232.250383999999,3080.680731245666,3160.17496615426,3688.321737273054,3522.9075959999973
159,1,607,836,85,72,41,53,60.82207578253707,61.49588138385502,1.5677666718957255,667,0.9287878712878804,27.80029502818709,1,0.7260765550239234,0.6378500180711275,46.76118892542727,43.73785545725808,9.0,3.754156523974404,3.605551275463989,17.482359014513136,17.330247378901017,-86.60005960734117,109.35533905932736,0.9100449775112444,0.40400230196249015,0.03236642896981691,0.13620988210501894,0.10158242482546634,0.021071676399198713,0.0032804450018433387,0.048479758453945684,0.047036344658470244,0.045591497919728045,0.009089973709213935,0.005723151742725809,0.0032914348975333755,0.0178402537255289,0.009817645021807677,0.018269433608902343,0.02253177312245786,0.004854521640033267,0.00768843236253402,0.009277183706023403,0.0037308428626256747,0.0007885381581805146,0.004649053270349474,0.003296775991453681,0.0033442252957468573,0.01117877183895165,0.004817042421970908,0.005456280579869272,0.008664620043248684,0.007810335228412445,0.0029771655362353594,1,32.530200749635696,359.72482618689537,0.38926172256469727,0.16778522729873657,0.427525315827183,0.4093959629535675,1.0,0.3285878863599565,0.5926273907527106,0.536912739276886,0.2751677930355072,0.2751677930355072,0.026503119111497546,0.2186756683582219,0.7785234451293945,60.476930516214196,61.24358663399279,0.0,60.82207578253707,61.49588138385502,0,58.0,61.0,0.0,1,1,0.049012109269493995,0.1885296383581544,0.3229164719567891,0.4395417804155625,1.6527972403657019,1.4862011751090847,1.17371436214234,0.7733387267021633,0.026230004099481678,0.10233077194116594,0.19826512681905759,0.1562166962852755,0.0021619534333822774,0.003745711685220192,0.003988642509464575,0.0035776672937382426,2580.35152838428,10488.927536231884,11779.573643410851,10852.909836065575,0.5898737208644639,-0.6552237309850425,-0.5994574991167843,-0.5285156491976521,6.182352802018235,6.432269959942289,6.3934842003159655,6.613575340285675,5.680880833266788e-05,3.643071944411625e-05,4.072586480445511e-05,3.316254424843792e-05,9.062824544650145,8.223514916363364,8.25227376724312,8.403568524107596,-0.30540865189633487,-0.44655648619834704,-0.45052860180078824,-0.4283016516784681,0.980748762796469,0.995567670614216,0.9958721109395599,0.9948598177972685,0.07509391519707363,0.01184121799816012,0.03156649755046279,0.019091214377028966,322.06768558951967,294.32850241545896,309.06201550387595,310.860655737705,7.486756245851405,6.497770897814725,6.420607017028859,6.631823248571193,10002.853497263568,2184.8002987234213,2949.8876269454922,3347.6773044880247,3145.801256411978,3168.4319587388345,3682.3653175890868,3550.146785138404
160,1,585,792,85,71,41,53,60.888888888888886,61.3042735042735,1.6093442563860505,651,0.9345581250945698,27.29185104880338,1,0.7386363636363636,0.6213710932461423,46.909498845368574,43.56604182158393,8.06225774829855,3.608815762106572,3.1622776601683795,16.779758975743565,16.690892167033294,-87.19701303347563,108.76955262170047,0.8986175115207373,0.39243684598001594,0.036145845987352244,0.1294861689943951,0.1000470953534482,0.027872388428218743,0.00972772523985078,0.04576235086623889,0.0460280502912928,0.04564994891211718,0.015244985262120208,0.010219523368717384,0.004704616288561672,0.01744285949091881,0.010745951725055445,0.018638322750936836,0.023097779777660053,0.005962290292660703,0.007196658420536915,0.008283963619099957,0.003566112918136071,0.0026562481437062005,0.0035229038440933533,0.005840468813073291,0.0047175305330654895,0.011853929089784903,0.005156124576722749,0.004500160028011241,0.006868637981293461,0.006732805475547211,0.00287830587754332,1,33.402683705091476,355.84563139081,0.42281877994537354,0.19127514958381653,0.35027896801719055,0.4429530203342438,1.0,0.34084371127644364,0.6082831305825812,0.5939597189426422,0.281879186630249,0.281879186630249,0.03394177294126617,0.21697716856414406,0.7852348685264587,60.624997629886465,61.07393297623446,0.0,60.888888888888886,61.3042735042735,0,53.0,61.0,0.0,1,1,0.038230135918396364,0.1494124978391554,0.3786047035800585,0.43375266266238977,1.597473536590119,1.4814629023034867,1.2037160412735548,0.7736137428582254,0.018604846654906138,0.1062007013832174,0.17961592825113998,0.14129814361954182,0.0030832342945309728,0.0043251868648694035,0.0043618366002599294,0.0039413621830320334,2535.520547945205,9952.862433862434,11234.607594936708,10671.681614349776,0.5826561103018594,-0.6605664837935398,-0.6181007399383114,-0.5615281713028335,5.989376551411706,6.371729265871677,6.447977167645995,6.550019982991005,6.565819296456364e-05,3.865295053045652e-05,3.641284030601287e-05,3.2892817645859306e-05,8.713280347420978,8.0126429375495,8.10379464772949,8.213844281094138,-0.2830042079851744,-0.4439524040519406,-0.40813241573703346,-0.3893803516549373,0.9713050017771255,0.9948186573064562,0.9921292469527064,0.9905328674177656,0.06923844344430297,0.031862299744881986,0.03461692190511415,0.017505198628940465,331.2009132420091,296.4391534391534,310.59071729957805,314.36322869955154,7.12774540399759,6.238600908947179,6.231662102828837,6.538114054596145,9615.229040261896,2034.447355897093,2651.558226067762,2996.5721007862885,3037.6873970517627,2996.8274474398822,3471.541455251121,3417.063428784015
161,1,595,810,85,71,40,53,60.838655462184875,61.154621848739495,1.5993854955305977,658,0.9355087761538223,27.524126309792685,1,0.7345679012345679,0.6252401330351248,47.36108170723706,44.40720662234904,8.06225774829855,3.651731922617883,3.1622776601683795,16.842137261898742,16.7328336940872,-87.35273644372684,109.35533905932738,0.9042553191489362,0.38416710401491977,0.020270912889774916,0.13626809963232622,0.09666150451487267,0.015941632756935043,0.009680657054742896,0.04858873454328645,0.05197304460616173,0.04256959214993586,0.005706736607995008,0.0014716866639914357,0.010991664424531741,0.02122613254595508,0.013856194201475925,0.021524447836897893,0.020611101777949992,0.002454650091275803,0.0069536842351617155,0.00643229136955061,0.008846866396646589,0.001419618218830912,0.0015193691551767248,0.005249692848172535,0.005107167828785916,0.010279756612115734,0.0036524189349881235,0.0029357454193177797,0.008602018661611229,0.004832878451652774,0.006097442536356626,1,32.821191638708115,358.44370356202126,0.41059602051973343,0.17880791425704956,0.2570245033635344,0.42384105920791626,1.0,0.33152718826977895,0.6024263925412122,0.5695363879203796,0.2715231776237488,0.2715231776237488,0.02556790432197445,0.2164830601656398,0.7682119011878967,60.68007389115655,60.95235103853827,0.0,60.838655462184875,61.154621848739495,0,62.0,61.0,0.0,1,1,0.037561201560608846,0.15405080983574967,0.37527944544502617,0.4331085431586153,1.5963510663258609,1.4783908363269493,1.2004906991386581,0.7738726221602883,0.028220018399783813,0.11362002697850106,0.184800272272488,0.13848336998876196,0.002485271113840037,0.003931623931623931,0.0037765245812799537,0.0036294896030245744,2517.0860927152316,9938.035897435897,11031.0,10306.682608695652,0.5851830950204177,-0.6615366487573268,-0.6386673920863917,-0.5622234856336544,6.040559728526255,6.474852941766128,6.420349481740757,6.42877021446554,6.901124173536948e-05,3.620817346215483e-05,3.852334526661651e-05,3.702145668419187e-05,8.972876560200001,8.155847749558289,8.256404363677543,8.321449507409678,-0.31382911932655727,-0.4482621849100172,-0.43650379363358105,-0.4421885580400274,0.9821226583026885,0.995496837459064,0.9950122443634059,0.9955508731284868,0.08497107472911605,0.02490639833333813,0.025852604770215275,0.020755731491806644,325.9337748344371,294.1692307692308,306.7283950617284,308.5173913043478,7.285813566060367,6.250094158539742,6.3205614776407035,6.527898368573316,9618.803561247303,2024.4277712031326,2432.378905654623,2888.2062192816666,3033.9724134906246,2990.6159171597646,3365.8447264136557,3298.722206994331
162,1,590,810,85,71,40,53,60.94915254237288,61.08474576271186,1.6057898796159684,647,0.9380907856765225,27.408234736913393,1,0.7283950617283951,0.6227464830200289,47.50415531463456,44.28317965096906,8.0,3.650839831127552,3.1622776601683795,16.318609919443823,16.454940066924486,-87.8475384387107,109.11269837220809,0.9119010819165378,0.3830756406903345,0.020806120680198627,0.13395446508544945,0.09765431894086518,0.01510263177437575,0.014768281231346474,0.050435589265866804,0.05075804997980873,0.042744673704549735,0.0034468087898215124,0.0058221524172877405,0.013913689955878657,0.021608130001629887,0.014513724650389827,0.02136986373598361,0.019672764475963483,0.0006232066322960198,0.006976426629933665,0.005922231047295716,0.010512567452743506,0.0005509873258510156,0.000927840859724944,0.005660796132713338,0.005566090644529495,0.008741225748595725,0.005014854422682475,0.001945761462352704,0.008559722330662038,0.003404932407763525,0.0067740683028516225,1,34.11409318447113,359.0067046880722,0.4161073565483093,0.181208074092865,0.2664409243093885,0.4161073565483093,1.0,0.3411409318447113,0.6084859401492749,0.5838925838470459,0.281879186630249,0.281879186630249,0.02981942931942198,0.21603670738377276,0.7852348685264587,60.7817990905308,60.87742092506962,0.0,60.94915254237288,61.08474576271186,0,62.0,60.0,0.0,1,1,0.041445450026860856,0.1732221654084901,0.33148882119244844,0.45384356337220066,1.6301877010565127,1.4600153941572709,1.185323663657845,0.7875520658517596,0.0060685815157068,0.0959404281602728,0.18753503410276323,0.16248174684232475,0.002329332534148113,0.003734385272846811,0.0036676528772255383,0.0036547163243995837,2554.132450331126,9566.292307692307,10640.778242677823,10334.185520361993,0.5818486178371527,-0.6262809625096079,-0.5908661539724872,-0.5579853690914779,6.296044521868861,6.5445992910972075,6.548441534443567,6.572325822054619,4.963313210080181e-05,3.312631941876232e-05,3.377363771574267e-05,3.168883178883392e-05,9.006894020540436,8.20471608295819,8.275139297429975,8.276501880619243,-0.3036083848715267,-0.4579000918454965,-0.43242612965783656,-0.43821670790749895,0.9798998680011025,0.9961655423075199,0.9947841072782511,0.9951815321275659,0.06873023062720662,0.011131784864654843,0.0269832621956292,0.024319361787605465,328.2384105960265,294.83589743589744,307.2133891213389,312.04977375565613,7.461325775865374,6.49988158033657,6.39628869772139,6.636811767928581,9662.172740961658,2198.3320447074366,2736.5611596435774,2931.902499948803,3054.076297823194,2941.156088099935,3344.334850580344,3316.522005077706
163,1,580,748,85,70,41,53,61.175862068965515,61.12586206896552,1.6159839150097615,643,0.9387932575207322,27.17496892263898,1,0.7754010695187166,0.6188180406448907,47.336999074175374,43.73785545725808,8.0,3.592586861243006,3.1622776601683795,16.0,16.30670091926344,-88.41705679050668,108.52691193458118,0.9020217729393468,0.3860318536050153,0.028007658520471792,0.12904932765989327,0.10034210648673615,0.023418142793574594,0.005487269167889183,0.049230009367408976,0.04698136544917031,0.04675861654129179,0.011785991621909674,0.007671130935291265,0.002717730777371185,0.019334092468123332,0.012830015929690075,0.020046512951954816,0.023919657825711642,0.004678256725184473,0.007120458879609645,0.006482188269067946,0.002505120722375984,0.0020682867975760568,0.0018291396107648922,0.005546994733269567,0.00535722068708396,0.012126336058853706,0.004329576928682077,0.004966188683936989,0.007213934121885764,0.0054096214474217835,0.0019506415834542026,1,33.906666070222855,351.1733279824257,0.41333332657814026,0.18666663765907288,0.32062571557114583,0.4266666769981384,1.0,0.34249157646689754,0.6054712551421133,0.5999999642372131,0.273333340883255,0.273333340883255,0.03471979624665391,0.21280382214700905,0.7999999523162842,60.96799297298568,60.88174879930974,0.0,61.175862068965515,61.12586206896552,0,54.0,61.0,0.0,1,1,0.04222036695539578,0.1746146272176388,0.3352000890317974,0.4479649167951681,1.6325208556086228,1.5115893102422433,1.164167973882888,0.7849536306380586,0.011728702728384275,0.07570166292352828,0.14746439362865152,0.162360816151547,0.002218725736704357,0.0036393158086279772,0.00335538752362949,0.003437611249555001,2519.2562358276646,9751.682539682539,10585.569565217393,9986.127358490565,0.5760415232967321,-0.6238894726856538,-0.5917543874941447,-0.5514238359032266,6.179852155142221,6.528050477025995,6.478995362567569,6.510221237790734,5.040074194567046e-05,3.3185228462205346e-05,3.9827458574551037e-05,3.3586718680469025e-05,9.030628582672344,8.20774506972372,8.386666898714026,8.319855478127696,-0.33517011674930824,-0.48065142536785466,-0.45881089567955113,-0.45734941228378845,0.9867353980408178,0.9972187515201304,0.996602980056502,0.9963916845968933,0.05525870015243083,0.02176838887210054,0.032457268499046274,0.007148838544018058,326.83900226757373,293.55555555555554,305.0826086956522,308.4952830188679,7.438103244131454,6.325200231377119,6.536946668905697,6.605624834437823,9365.191766804972,2258.5961199294543,2714.936654064266,2887.372619259535,2971.1120006581623,3002.5696649029996,3325.126554820421,3218.374994437523
164,1,602,828,86,70,40,52,61.383720930232556,61.041528239202655,1.6391388127183615,671,0.9396729931315357,27.685559519911603,1,0.7270531400966184,0.6100764573694596,48.344408384953326,45.27692569068709,8.06225774829855,3.6357754703687255,3.1622776601683795,17.0,16.53736829863513,-88.3028654496341,111.35533905932736,0.8971684053651267,0.3738976614295453,0.020491414294758883,0.13357305354542715,0.09484883016260659,0.01615311742188044,0.012531593522642388,0.050266375343248224,0.050726855970503984,0.04255068743865253,0.00158164154960337,0.005146409267603854,0.012164220110930365,0.022464133765885068,0.014336767868893919,0.0227864575334142,0.020490373231218918,0.0012472040024234313,0.00725366161606928,0.005950352737522021,0.00954914600734457,0.0016055843682473362,0.0017488435769688197,0.006618001139998752,0.006659474451850732,0.009845437729362671,0.004882206607327907,0.0031198411105896077,0.008457973144819091,0.0035145419582320665,0.006622442345704612,1,32.59868365526199,350.88157376646996,0.4013157784938812,0.18421053886413574,0.30622700519917745,0.42763158679008484,1.0,0.32275924411150486,0.5828597570871594,0.5592105388641357,0.2697368264198303,0.2697368264198303,0.03125569515288016,0.21229291823349222,0.763157844543457,61.179453960484686,60.81338358381209,0.0,61.383720930232556,61.041528239202655,0,61.0,61.0,0.0,1,1,0.038193273031803136,0.16522293624989579,0.3568642874338504,0.4397195032844507,1.6423107403675192,1.507033448824804,1.1935127835287653,0.7740091841439743,0.035579693528751156,0.1328179868099865,0.18597564845002335,0.1407747192294438,0.0022605460917149234,0.003811786836959482,0.003632576334908296,0.003201112068290391,2660.285714285714,9661.0,10466.831275720166,9760.234513274336,0.5526522212384612,-0.6077204154558252,-0.5806793115333287,-0.5369522016860212,6.189932752862108,6.399290559487657,6.432574979487919,6.4798826952525665,5.395579415370661e-05,3.878922336293501e-05,3.8391039893113144e-05,3.735887872667691e-05,9.087657354345685,8.211329910157763,8.323934855587902,8.41184173889685,-0.31030664517541345,-0.46875552837214846,-0.43826091876487366,-0.42836243322163614,0.9820826379648974,0.9967167664389976,0.9953112346431092,0.9948872481382413,0.0630159561429277,0.015023565302980782,0.029085825126502388,0.010629242369241489,315.3809523809524,285.6268656716418,296.7572016460906,297.69469026548677,7.305377190413841,6.430968529334715,6.543766543309541,6.707801323239971,9233.305091733651,2357.2587807232485,2776.628291757661,2940.5306797712983,2973.397701504844,3004.564695180812,3310.86489186946,3175.1912982614085
165,1,611,828,86,70,40,52,61.52045826513912,61.08510638297872,1.6391132366940682,682,0.9394789322539723,27.891743614073043,1,0.7379227053140096,0.6100859767424627,48.74382915216875,45.39823785126467,8.246211251235321,3.63196097282193,3.1622776601683795,17.0,16.699961381722233,-88.93796191456205,112.18376618407356,0.8958944281524927,0.3774620872553054,0.016350096796903302,0.1329342799244707,0.09671883417043783,0.0173149782643126,0.007865682152250844,0.049542466602665806,0.050661400879243625,0.0442378563983513,0.004177125592076572,0.0015095219759761525,0.00860364287517511,0.022419482625980123,0.013559100168818838,0.022910745415824392,0.022061128114070447,0.00188156682047843,0.007561435962415627,0.005376893371760634,0.006490586774044052,0.001992315672092774,0.002145614429579941,0.006225008935632603,0.006162166420337839,0.01131844698608494,0.004347291312311029,0.005024725431113647,0.007562319341103085,0.0038259411520968553,0.004101282180452771,1,32.169932782649994,350.14377814531326,0.3790849447250366,0.1895424723625183,0.31783209278038393,0.41830065846443176,1.0,0.3185141859668316,0.5730667400086961,0.555555522441864,0.2679738402366638,0.2679738402366638,0.03308352208996823,0.21092439676504288,0.7516339421272278,61.330377786107654,60.830377800577125,0.0,61.52045826513912,61.08510638297872,0,61.0,61.0,0.0,1,1,0.042354216454051595,0.17878743129025254,0.33146046060686546,0.4473978916488304,1.7252284168950194,1.5605588645477728,1.1639215024758311,0.7765912266972593,0.014610681015383245,0.07452163011742256,0.13753192508524462,0.1591240917566837,0.0025569448573127223,0.003433987317140175,0.0034879999999999998,0.003851947903358059,2710.6422413793102,9479.531100478467,10460.960000000001,9529.855895196506,0.5344183502783877,-0.5902749656991391,-0.5785275557925875,-0.5307955358518989,6.2413714345184435,6.603806696906551,6.668619486889368,6.582855085301941,5.2416934127898325e-05,3.204796330122793e-05,2.91162109375e-05,3.368013754073029e-05,8.954607067489409,8.337671751667052,8.36954968455824,8.246753855943854,-0.3254812494335966,-0.44847636256246765,-0.428212569691401,-0.45251572338613394,0.9844924932250922,0.9959588398796446,0.9947570299100651,0.9959707135847934,0.07138702882525931,0.02914542873847312,0.034738963874873595,0.009625688369691097,312.03017241379314,282.13397129186603,293.216,292.87772925764193,7.413747808160559,6.541422455747144,6.699756513404473,6.551442642507571,8933.468917211634,2442.345688056579,2793.1133439999976,2920.9981503022427,2911.027789647742,2980.4691971337597,3313.5183360000046,3112.713511374681
166,1,610,846,87,70,40,52,61.544262295081964,61.044262295081964,1.6906542826257136,684,0.9397966921737861,27.868909599918855,1,0.7210401891252955,0.5914869824520982,48.935960126691164,46.04345773288535,8.54400374531753,3.609144416152858,3.1622776601683795,17.0,16.723085022530285,-89.37133801631205,113.84062043356596,0.8918128654970761,0.36635666145681567,0.027712404660477027,0.1310838412743629,0.09218751980215906,0.02329647362123304,0.005813234599231863,0.04258363542012477,0.0529514091486061,0.04123919434756998,0.01173848254500101,0.008654381834797954,0.002151216285594065,0.024843787849189156,0.010382129110693432,0.025192323320060557,0.020495489299502935,0.00408267643978464,0.008216223617562069,0.0063266555631969635,0.0014795243759884032,0.0030301024558796537,0.001823693857140385,0.004143416720003982,0.00898741087173134,0.010576007151775249,0.004090245598226623,0.0066276503291445524,0.005850225287036817,0.005367383446280282,0.001063006439631173,1,32.43137067556381,348.5555431842804,0.3790849447250366,0.1764705777168274,0.29362450987951877,0.45098039507865906,1.0,0.32110267995607733,0.5714025298102957,0.5490195751190186,0.2679738402366638,0.2679738402366638,0.035700228248435495,0.21028252029061922,0.7320261001586914,61.40771435499211,60.78431996905712,0.0,61.544262295081964,61.044262295081964,0,59.0,59.0,0.0,1,1,0.042078420422023394,0.1835211660745978,0.30868757821110576,0.46571283529227303,1.7111890971622692,1.5548321014653397,1.1552111822624194,0.7891245264674623,0.011864001298628676,0.07533035336193634,0.15074978690798474,0.17114014179984172,0.001844523600020704,0.0034208579881656815,0.0029998048907388134,0.0033481481481481483,2709.3427331887206,9737.995192307693,10457.883064516129,9589.977777777778,0.5326143254988038,-0.6059700199564466,-0.5746501768522629,-0.5394109400374314,6.2777347597024615,6.454408333876309,6.592760776790289,6.506996582609528,4.817244243932805e-05,3.674749791974853e-05,3.3264477716896455e-05,3.589861834490741e-05,9.262294348274263,8.307293383954471,8.533292770123753,8.374696802241608,-0.36220616284676205,-0.5278343244496684,-0.4792741937715469,-0.5135660529513105,0.9916522939230313,0.9987053815126341,0.9976904950756819,0.9984651615712392,0.05006197693753656,0.02435394334089884,0.03048719434208173,0.010109802795551136,311.16485900216924,282.8413461538462,292.93145161290323,291.7377777777778,7.523756978707551,6.599800520992589,6.718072899450064,6.632617304860597,8884.263493960563,2389.2488674186316,2824.918688215388,2869.3045728394936,2898.401556787321,3031.81101493158,3320.7004381828847,3114.820587654325
167,1,604,828,87,70,41,52,61.85596026490066,60.991721854304636,1.6826888024312683,679,0.9414746655715214,27.73151068766428,1,0.7294685990338164,0.5942869522606492,49.04340985999128,45.5411901469428,8.54400374531753,3.5821394008925087,3.1622776601683795,17.0,16.531736477324895,-89.4306310997269,113.01219330881975,0.8895434462444771,0.37079878737706756,0.03633133204522533,0.12423737845247584,0.09559170568888987,0.028167933688298934,0.013404011862997497,0.043522430274069934,0.04747650596018851,0.04390357748964294,0.016099117165609345,0.014611402482567863,0.007615562753366627,0.01891439856065499,0.012456341309675965,0.020316051406277572,0.02262622888877671,0.005180260760013881,0.009170881256342068,0.007929229558754807,0.005027052100119287,0.006227733467145816,0.0031397459881219404,0.006742987137949578,0.006492983374669566,0.011908290064600589,0.003620140125796736,0.007144282575186045,0.004132384080349947,0.005036356672512001,0.003590618745117875,1,32.65131530165672,346.96052291989326,0.3881578743457794,0.16447371244430542,0.298519313303287,0.46052631735801697,1.0,0.3232803495213537,0.5744379518541279,0.5592105388641357,0.2631579041481018,0.2631579041481018,0.03537460004003801,0.20931689954422175,0.7236841917037964,61.69166441730951,60.74248169927465,0.0,61.85596026490066,60.991721854304636,0,59.0,59.0,0.0,1,1,0.04548902214165109,0.1775759436726779,0.3071599202087587,0.46977511397691235,1.7172105858473143,1.554432898236192,1.145213529667223,0.7948015933951119,0.011013397790144831,0.07555998410841795,0.14804838790567648,0.16987964722522036,0.0020165519345550238,0.003785580819723847,0.003279902205540538,0.0036279477075123532,2867.329694323144,9422.497536945812,10377.6265560166,9415.511415525114,0.5052214673684279,-0.5774765601646215,-0.5629686526706743,-0.5509176821521425,6.3342740856695325,6.529579237814098,6.718587236659548,6.5559599642179345,4.548656047316863e-05,3.45065837929442e-05,2.7313760480379774e-05,3.352759466594602e-05,9.137103038118823,8.204600325988228,8.406503029104204,8.286024045823511,-0.3317318299616514,-0.4882283391294364,-0.44833623150629115,-0.4745628264297046,0.986703661621799,0.9974995029557303,0.9961091732582308,0.9971121962908758,0.03684010078039789,0.01847679877525835,0.021616086836149358,0.018240903165809962,312.2423580786026,283.55172413793105,293.9170124481328,291.675799086758,7.598244005651885,6.587261533107432,6.5698270068063405,6.605598162406413,8723.026415400178,2523.794122643114,2901.7524491657823,2726.346948562379,2897.5890274308294,2986.5729148972277,3319.8447512956045,3035.4645910218787
168,1,642,846,87,70,40,52,62.01090342679128,60.96105919003115,1.6396187615952968,711,0.9395514382750938,28.590554169515052,1,0.7588652482269503,0.6098978759105146,50.10506666432276,46.389654018972806,9.0,3.713643013877351,3.605551275463989,17.0,17.156365157687542,-89.63547936459842,115.01219330881975,0.9029535864978903,0.37865860066473245,0.016210139691536365,0.13210381548051345,0.09733442866252133,0.0181700720061823,0.005948688464053517,0.046086794385520054,0.05288572623147137,0.04354309187866174,0.0039160490915356155,0.0024765050539010515,0.0075755384350012145,0.023362922823453196,0.013081500005120808,0.02340978362453171,0.021271158740310953,0.0022241881808630483,0.00891863061016641,0.004891782050759286,0.005837712644747276,0.002741918252966242,0.00039320997858829844,0.005156681352901271,0.006152339568420119,0.010629844862374623,0.004594117000019072,0.00713021098626877,0.00690252070776642,0.0035325688236037345,0.0036199964581791434,1,30.934638679027557,354.7254767715931,0.3660130500793457,0.1764705777168274,0.2936274128238239,0.3790849447250366,1.0,0.3003362978546365,0.5525318952828553,0.5228757858276367,0.26143789291381836,0.26143789291381836,0.02399955037894106,0.21226711930894596,0.6993463635444641,61.85935913061678,60.70956091198816,0.0,62.01090342679128,60.96105919003115,0,59.0,59.0,0.0,1,1,0.04670830983859865,0.18441951283218894,0.2972748859659974,0.471597291363215,1.7639255833164755,1.5578595689245405,1.1497016674106637,0.7905103421806369,0.02440512598091694,0.09004103143582264,0.16901069639285374,0.1799037573381226,0.0019662025720055265,0.003070116893270532,0.0027573529411764708,0.002682752341311134,2979.4453608247422,10142.847161572052,10627.525735294119,9175.249999999998,0.4991965645629197,-0.589806820768927,-0.5514891446152308,-0.5033345726265778,6.329766363529136,6.71459107219731,6.808782788134504,6.71470261114588,4.736409859825034e-05,2.7721059719941216e-05,2.4128950178416955e-05,2.9453749959352233e-05,9.224745125728179,8.475602641780391,8.642538025042054,8.643633608739076,-0.38018726366854977,-0.49231843291046234,-0.45870695798534167,-0.47376089190742504,0.9933963405435171,0.9980254347675648,0.9970792881877162,0.9976612277604409,0.04086918472323121,0.020065662251457346,0.017519804925258134,0.02809462674051693,302.88865979381444,278.87336244541484,286.69485294117646,280.59677419354836,7.522635939655175,6.58260171634935,6.764010488484779,6.775994383226677,8919.216469337858,2617.0014301786723,3072.248797037202,3031.28095733613,2974.66545754065,3189.962147937691,3424.943633082832,3051.632739334029
169,1,629,846,87,70,40,52,62.24006359300477,60.950715421303656,1.673505953806329,699,0.9414670077973102,28.299605538565682,1,0.7434988179669031,0.5975479189216722,49.907246879434716,46.2709412050371,8.94427190999916,3.6549648405089306,3.1622776601683795,17.0,16.823989284547785,89.9125659000191,115.01219330881976,0.899856938483548,0.3740624351417176,0.014285429769051339,0.13066237856528884,0.09668973051728592,0.018249780279512535,0.011344414782109687,0.048634193349246645,0.051213043479748845,0.04380703127748661,0.003710993363063049,0.003308119020168825,0.011128141249511293,0.022138355394524873,0.014740203352380637,0.023143764408554427,0.021310617732070852,0.0021512796558778276,0.007536954036370994,0.004200607975119872,0.008587327473970162,0.0034751533571686696,0.0034119510005264785,0.0064308208500759865,0.006566101099874568,0.010268852381104853,0.00561836238055765,0.005796701027288567,0.007184262520459273,0.0018299065650426965,0.0057680477084033465,1,32.17105221748352,351.73683908581734,0.3684210479259491,0.17105260491371155,0.28686420833134774,0.3684210479259491,1.0,0.31234031279110214,0.5592000621396143,0.5394736528396606,0.2631579041481018,0.2631579041481018,0.028725933033066184,0.20949074216083077,0.7088815569877625,62.09991765287766,60.7004152225673,0.0,62.24006359300477,60.950715421303656,0,59.0,62.0,0.0,1,1,0.047265450562480715,0.18240311375320553,0.2925519973747007,0.47777943830961306,1.748821670811772,1.5716651856269324,1.1289276463109608,0.7992640071721981,0.014582839558467283,0.08588074350680233,0.15110783352849352,0.1726757332818224,0.0019366782794418866,0.003155182209236263,0.0029946712467521027,0.003052283826486643,3007.7761506276147,9809.909909909911,10237.896551724138,8914.97033898305,0.48606056541237724,-0.5823246694697817,-0.5378420178138749,-0.5065120794694421,6.424913756079789,6.617211699848054,6.756193918605822,6.678087871679628,4.115927522208884e-05,3.150461285292895e-05,2.6544124136073127e-05,3.004854898691108e-05,9.233865121795665,8.4339674428877,8.533503314511236,8.487370962433264,-0.35480117927578975,-0.47665172119958366,-0.4510341259293303,-0.465483225889253,0.9906387772613949,0.9974452528425475,0.9965211239185381,0.9970936093900585,0.04215961538188491,0.02108178096218115,0.015340704576145878,0.020096691623485097,304.357740585774,280.73873873873873,287.9655172413793,282.00423728813564,7.535948669239481,6.719566193365996,6.81647205473935,6.623183793692161,8697.012189037298,2589.454265075896,3076.7306117056432,2920.275405774184,2926.197084916239,3099.8410437464445,3328.656790857447,2958.811436189306
170,1,696,912,88,71,40,52,62.52873563218391,61.12643678160919,1.6354172849512798,777,0.9390632658561318,29.768686956862464,1,0.7631578947368421,0.6114647369828862,52.007872305602724,47.51841748206689,9.219544457292887,3.8395267820251315,3.605551275463989,18.0,17.877412605735874,89.6358225328142,119.59797974644667,0.8957528957528957,0.3924600191034868,0.01718930891515118,0.12811897938928035,0.10420924347275437,0.016839125773205666,0.0011921718272965038,0.047280178352615616,0.050499623408823545,0.0472143658425841,0.005260433004581869,0.006631961495448037,0.003969874180159505,0.02121949511590619,0.013068433876647861,0.021068489748108248,0.022951513195814174,0.001414547411258853,0.009147344290555495,0.004261678787694027,0.0035930630135321807,0.003552837763698099,0.0020934123292937075,0.00562072981853109,0.0033875891351515053,0.01104781307576315,0.004095602775306609,0.007365773127343237,0.0057841137494113225,0.002861918351059587,0.002345403294572364,1,30.54901784658432,366.6143642961979,0.32679736614227295,0.16993466019630432,0.40566799463240233,0.3333333134651184,1.0,0.2828612763572622,0.5267447762876406,0.4901960790157318,0.24836601316928864,0.24836601316928864,0.019134801243277908,0.21493314699756896,0.6732025742530823,62.32118658099783,60.77788274961296,0.0,62.52873563218391,61.12643678160919,0,60.0,61.0,0.0,1,1,0.047279471296059306,0.16893675067202013,0.3522962250658582,0.43148755296606234,1.8281395567809442,1.6106846365441885,1.1902823914846463,0.7526700172039581,0.043633602045724085,0.15994339621051346,0.1861040903017856,0.1525296967483312,0.001779581976908316,0.0027777777777777783,0.002574955908289242,0.002703866465723585,3191.6465028355387,10494.451851851853,10615.40634920635,9580.039145907473,0.48294741966392424,-0.5701047215160018,-0.5096737083363043,-0.5191832119857173,6.494277273339263,6.790934869660385,6.772581611584631,6.784772484058326,4.047877709113724e-05,2.535763754929698e-05,2.7218850141329678e-05,2.5554476347005954e-05,9.387527179663024,8.647113559981742,8.759401351665666,8.668967289902524,-0.34332002978013676,-0.46196351209837455,-0.43094052036681996,-0.4558519810099513,0.98973305444496,0.997222596816847,0.9959239530375259,0.9970026432308392,0.040480524310671444,0.02897633989303309,0.028680594867561502,0.01651702033638495,290.17202268431004,272.38518518518515,277.2349206349206,272.02491103202846,7.627192439975374,6.804004115872099,6.994441878947452,6.7415733186226765,9153.892903470187,2873.384965706471,3447.773383723863,3032.0527602233924,3086.3848515764294,3341.959204389568,3515.7949332325516,3153.0229765327094
171,1,677,912,88,71,40,52,62.79025110782866,61.057607090103396,1.6648855551147312,768,0.941001291189965,29.35954992478095,1,0.7423245614035088,0.6006418861211681,51.67843529130958,47.38143096192854,9.0,3.779133003825718,3.605551275463989,18.0,17.488135977910908,89.22907804362477,119.01219330881975,0.8815104166666666,0.3839568693922963,0.011540771068199633,0.12873171085627955,0.10145333229211967,0.017272253016651414,0.006619821536309509,0.0476008477129817,0.05155219360897026,0.045944584289627506,0.0032043001561730907,0.002493514019121919,0.007683192538612029,0.021415875039813684,0.014486014471584225,0.02225505955205691,0.022320728985241563,0.001895646755623484,0.009231786988232309,0.002517933995949848,0.006086321699200053,0.003209185485416264,0.0009152124609569936,0.006164033894097891,0.004745878836477352,0.010765570820101572,0.004783521459719857,0.007337362938808627,0.006389254081798206,0.001358998951140764,0.00395879942981243,1,31.026141956448555,360.10456101596355,0.3464052081108093,0.16339871287345886,0.4019661676424059,0.3529411554336548,1.0,0.2899639435182108,0.5319122023869477,0.4901960790157318,0.22875817120075226,0.22875817120075226,0.022076806308437776,0.21227962898124286,0.6797385215759277,62.54637354793064,60.738075345659574,0.0,62.79025110782866,61.057607090103396,0,60.0,60.0,0.0,1,1,0.04902352456209684,0.1872549776092383,0.2931065760410499,0.470614921787615,1.8438292293632936,1.6252771774545396,1.1274610907942648,0.7866822272844821,0.009177238874100081,0.09146888232474788,0.15783895764584063,0.16850260270804962,0.0018615554329840048,0.0027555299853139334,0.002764515111931895,0.00296190815236739,3282.0752895752894,10283.50972762646,10359.949664429529,9117.471698113206,0.46147770078010364,-0.5771811763551944,-0.49635610914606276,-0.5080928367084437,6.352380725264858,6.6535442035009185,6.582482557118801,6.603867219515614,4.617580120896287e-05,2.9866326382094164e-05,3.171966911505957e-05,3.463663635579832e-05,9.350801332024682,8.624225521922853,8.67205744657858,8.568458266317398,-0.34498437436172164,-0.4518580103043101,-0.44326099746686043,-0.4655228476181379,0.9898099871954706,0.9967393903523251,0.9964109225581897,0.997234918404239,0.04010394892362094,0.010040064794324198,0.021208401998714845,0.0176503118341257,291.05598455598454,273.73540856031127,278.4798657718121,271.1924528301887,7.454899024989416,6.667815261728856,6.803295631814627,6.653182197417203,8907.114626347276,2756.85606140898,3486.9542925994174,2973.9214524741838,3047.2974789806394,3260.0914472588593,3461.7259892572365,3022.8482876468515
172,1,671,864,88,70,40,52,62.91654247391952,60.99850968703428,1.6333276753172932,740,0.942205189258524,29.229158977248975,1,0.7766203703703703,0.6122470188388488,51.67376159351604,47.38143096192854,9.0,3.783740501545985,3.605551275463989,17.0,17.31259044253772,89.01717255013214,117.35533905932738,0.9067567567567567,0.3805540020121578,0.00937235606302499,0.128375508702902,0.10068561885564334,0.017549267373617908,0.006942638040551154,0.04690674655587535,0.052488422090458196,0.0456303014545964,0.003908318526846502,0.002367997355284367,0.007624063599050809,0.020818938229553052,0.01599844477570391,0.021996991878272035,0.022651018415494047,0.001589815684560144,0.008359432259800776,0.002554892646583375,0.006011196212731726,0.0049631585938059285,0.0010133069970070178,0.006057422857106454,0.004909737908276736,0.011337500178254831,0.004623931032401052,0.006957668463530437,0.0066664369760699015,0.0010877513524152138,0.004036653791292559,1,31.143789008259773,356.6209006458521,0.3529411554336548,0.14379087090492249,0.39357876133816133,0.3660130500793457,1.0,0.29106344867532497,0.5314767520802565,0.4771241843700409,0.23529411852359772,0.23529411852359772,0.020981311660915953,0.21077088434349228,0.6797385215759277,62.674284721429906,60.688323577198325,0.0,62.91654247391952,60.99850968703428,0,55.0,58.0,0.0,1,1,0.04682660604834447,0.1916866787843103,0.29245092599412387,0.46903578917322136,1.8482736857905213,1.6281235628388857,1.1149691553525962,0.7887794850507053,0.016192414248842994,0.08330313865776777,0.1542972691884354,0.16742024168389277,0.002456282675319993,0.0037572841319189476,0.0033308313004316004,0.003479103360197296,3364.8178294573645,9929.786561264822,10084.49315068493,8837.758620689654,0.442052483929921,-0.557828661984083,-0.47807087449796,-0.4876100371126416,6.314290901605123,6.540791929540832,6.578643278896239,6.493014010805467,4.712243427143427e-05,3.582045370023648e-05,3.376175301856586e-05,3.468680407324375e-05,8.969388727464594,8.306312311943174,8.462845343212772,8.373065372055574,-0.30926321140260604,-0.4185412522204656,-0.38711833049375655,-0.40856185685845453,0.981030269827202,0.9938214416275719,0.9913592310863985,0.9931867367703388,0.03893368056445774,0.022865518827599927,0.01940189282862331,0.014384873944048072,289.6627906976744,272.4505928853755,277.83561643835617,268.8544061302682,7.396433398767587,6.51926541538527,6.66994223683181,6.537407566235757,8696.595592212034,2818.453092533862,3560.986676674802,3044.063093612829,3015.3533554173337,3187.0599134496697,3411.3699568399315,2970.4554285756203
173,1,689,931,89,71,40,52,63.2510885341074,61.02467343976778,1.6682553747197422,776,0.9431529297259061,29.618609797263055,1,0.7400644468313641,0.5994286097642542,52.58998699006101,48.25971404805462,9.0,3.8019138422464334,3.605551275463989,18.0,17.47875914661418,89.02485781371682,120.18376618407358,0.8878865979381443,0.37666897652319753,0.013846445684545067,0.12729740635507744,0.09970522627575072,0.017586002879289263,0.003370869142151522,0.0444785110750973,0.05356398418674183,0.04509981930794743,0.0061592235562025685,0.0071186108617711285,0.0024155066304778,0.022060229750947607,0.01469800261864551,0.022915034471048035,0.02270542407741244,0.0008477013890946541,0.009007834134004255,0.0033083651811381394,0.001961934818052977,0.004925995774418681,0.0010775052094257954,0.004926765113299219,0.005754936463818421,0.01184162995402749,0.0035336225700811166,0.008194819987523439,0.005505837785518785,0.0014523510462473687,0.0014038361993695511,1,30.870129197835922,358.5324632227421,0.33766233921051025,0.14935064315795898,0.4163282203712947,0.357142835855484,1.0,0.2832121944755589,0.5203664197717592,0.4675324559211731,0.2467532455921173,0.2467532455921173,0.019548077370908,0.20988323748844112,0.6688311696052551,62.97976956529673,60.70889629645142,0.0,63.2510885341074,61.02467343976778,0,58.0,58.0,0.0,1,1,0.04594849168483143,0.19111095160678832,0.2800557843174878,0.4828847723908925,1.8622653394616806,1.6256227858898382,1.1153666785823637,0.7959512157352268,0.010370090519034683,0.10379666330931496,0.16682606433247923,0.17547160662589725,0.002021278122130395,0.0029269972451790634,0.0028404172437673132,0.0028662463746408676,3558.4166666666665,9876.48106060606,9890.967105263157,8606.9889298893,0.4031513361232669,-0.5548199204773206,-0.45729459468666617,-0.4855344204480195,6.407544265222784,6.623177964571466,6.821417316344055,6.7838360582266635,4.286192446481864e-05,3.025135499167815e-05,2.5403136361668973e-05,2.638816223173619e-05,9.22074892540497,8.57454904353532,8.68847138694041,8.60508552653784,-0.33181592622172507,-0.42338499922066625,-0.3983767752442404,-0.419137674548603,0.9871559472285474,0.9949877255000361,0.993342654924292,0.9947708237304815,0.049875230610353156,0.021829757178078578,0.027290874622536522,0.0176354308563067,285.72727272727275,269.2613636363636,273.7236842105263,263.98523985239854,7.456995313343462,6.716240180595287,6.925451427095776,6.692002320538641,8365.599862258954,2827.8597193526075,3683.4565443213214,2980.7451695919153,2981.0041322314064,3176.085194989664,3393.6059123961168,2896.93352487031
174,1,722,1029,89,72,40,51,63.33102493074792,61.07479224376731,1.681005338206243,827,0.9388399123170884,30.319613310508885,1,0.7016520894071915,0.5948821085048271,53.065940068433214,48.507731342539614,9.433981132056603,3.874177660626771,3.605551275463989,19.374725804511403,18.273464236109273,88.14118341144831,123.49747468305833,0.8730350665054414,0.3906837872073045,0.012768446759426897,0.1283489421464474,0.1032306332157834,0.018518495807498574,0.004335319135696302,0.04439385282640441,0.05235629736062197,0.04612269227930642,0.006266289816754451,0.008187039789892594,0.0026780006344981366,0.0201753822184913,0.0135236478681631,0.020913530916172398,0.02278752967144422,0.0026877257143742253,0.010363787058007744,0.003300536874512944,0.0019006724857884042,0.00421572884587332,0.0017390509354556366,0.0038180095386447606,0.003977306332804891,0.01144672227423819,0.003914928635550791,0.009222717833185666,0.005830367233495128,0.0013729486223557146,0.00135754938119438,1,30.296052277088165,371.6315752565861,0.33552631735801697,0.15789476037025452,0.41723176151790237,0.31578946113586426,1.0,0.27794543373475383,0.5147251734855762,0.4736842215061188,0.23026315867900848,0.23026315867900848,0.01726092641756496,0.21382175162128522,0.6710526347160339,63.103473318315636,60.725074348173166,0.0,63.33102493074792,61.07479224376731,0,60.0,60.0,0.0,1,1,0.051479960789291616,0.17524076108022477,0.32874238702739184,0.4445368911030918,1.8584265844934125,1.6431666168821042,1.1521941914261007,0.7660039030463774,0.07550277167109247,0.17310943761910558,0.18092572558502687,0.1611006347787147,0.0017237606262099155,0.002556805034939146,0.0024168312456600742,0.002492748896317954,3755.009174311927,10619.58843537415,10725.498498498499,8795.068259385665,0.3934255659582662,-0.5658662425875187,-0.47572136227760686,-0.47938430854462344,6.471747327303812,6.691002740597323,6.707777768692918,6.7212102801205145,4.035784674256691e-05,2.821629654997628e-05,2.937339943230111e-05,2.8286054208825234e-05,9.390862018741425,8.753894623659624,8.894682787509977,8.786806939702174,-0.3336559847457473,-0.44128347864048406,-0.4149429904384783,-0.4368139522248613,0.9882979093720645,0.9964753004228103,0.9952411106225716,0.9963096721638761,0.0408164350929613,0.01891263541005048,0.0266189685989701,0.020659073060748438,284.8660550458716,270.5272108843537,275.52852852852857,262.71331058020473,7.548772003892495,6.755275003414773,6.999106522006292,6.7143983640999,8626.024260584134,2944.2628650099796,3810.4413783152268,3095.1055224871816,3095.2583587240115,3390.9628250960304,3633.984969203444,2972.5434454682036
175,1,738,1050,90,72,40,51,63.55555555555556,61.09485094850948,1.6759114083465003,844,0.9393021008761431,30.653723819701746,1,0.7028571428571428,0.5966902516563374,53.68058917087916,49.36598018878993,9.486832980505138,3.9209893425409903,3.605551275463989,19.490971924898492,18.41733711167854,88.02106425909967,124.66904755831213,0.8744075829383886,0.3855768502316578,0.020434897574756902,0.1286165169602312,0.10068986844814683,0.0190117315991603,0.008299096066025542,0.04179279644107515,0.05374430336470909,0.044298336779708784,0.0077036140049734966,0.012398392418095606,0.003434512633169867,0.02014179809944242,0.01392303447619375,0.02042348544949623,0.022416823321786464,0.0019710582600474705,0.010190874724588404,0.005298896234550198,0.0014886830628810528,0.0056411907092167035,0.0024367552968276845,0.00314400962421369,0.004345446510111263,0.011991435455563448,0.003805306704219059,0.008900882357021044,0.00512974012585518,0.0019079505008540395,0.0009608821152754512,1,30.70860907435417,376.85429844260216,0.317880779504776,0.1523178517818451,0.43370101748342926,0.317880779504776,1.0,0.27665413580499254,0.5106426808165341,0.46357616782188416,0.2384105920791626,0.2384105920791626,0.01870353822992079,0.21593032238276313,0.6622516512870789,63.33162283587723,60.72343378463087,0.0,63.55555555555556,61.09485094850948,0,56.0,60.0,0.0,1,1,0.05322906646390133,0.17409718111386308,0.32729988359027745,0.4453738688319582,1.870621478588518,1.6472271751542393,1.1502253051886884,0.7661676344941375,0.0722126900298542,0.18552439991972047,0.193875512666032,0.16384441490540627,0.0017983561505046796,0.0026175759204514924,0.0025627077153226965,0.002629414819944598,3946.14946619217,10878.422950819673,10827.116618075801,9037.190789473683,0.37939439132494895,-0.5645646165759728,-0.4648500220014821,-0.4830943627264907,6.394657570732758,6.8026912841593,6.7526189595439945,6.609204830097692,4.170663532422256e-05,2.627070569697326e-05,2.7207307121912956e-05,3.258871569858033e-05,9.384688609488185,8.750178937479163,8.834703186048822,8.731415835783539,-0.32798858260542296,-0.4240364743332,-0.39934522728733174,-0.42664849461247645,0.9873319300414033,0.9954816914854718,0.9938935270731492,0.9956009735300307,0.04480925842373448,0.0202017405695998,0.013648158532114384,0.021455568989388035,282.53024911032026,270.7377049180328,275.05247813411074,261.5328947368421,7.458795453757533,6.659610503382684,6.921546010593139,6.674314020572954,8770.943035169286,3027.583660306351,3955.4433101854083,3149.7489179363038,3179.273125340358,3476.501652781506,3695.6399820652914,3046.734926852496
176,1,740,1050,90,72,40,51,63.74054054054054,61.12432432432433,1.6713819180536724,846,0.9405366389631271,30.695231927842155,1,0.7047619047619048,0.5983072984087934,54.06270598819526,49.49747468305833,9.433981132056603,3.9046746050659964,3.605551275463989,19.637520585987954,18.364682720280566,87.99609555659738,124.66904755831214,0.8747044917257684,0.38457031147102877,0.01316612506762576,0.12780885669746708,0.10175888770424596,0.016412637787804055,0.003517395878423631,0.04317003037783997,0.053960157301775245,0.04538125607777941,0.006058398537307472,0.00797990881297799,0.0020831753140846355,0.02016499161420469,0.014961428794824169,0.021485058119590342,0.02282536545791329,0.00264486682659484,0.01036871790255306,0.003138176804381626,0.001552061408207232,0.005445230455974836,0.0010476008327274331,0.0036581252003224556,0.004673210448774408,0.011959634995786894,0.004233832185995413,0.008966964934875902,0.005251930599840801,0.0013788091500165178,0.001013608935427496,1,30.860926866531372,376.39072343707085,0.3245033025741577,0.14569538831710815,0.4378323388720574,0.33112582564353943,1.0,0.2780263681669493,0.5086361127527984,0.46357616782188416,0.21854305267333984,0.21854305267333984,0.01856140273023822,0.21434211527093233,0.6622516512870789,63.529286493000015,60.7408287124069,0.0,63.74054054054054,61.12432432432433,0,58.0,62.0,0.0,1,1,0.04815694628016453,0.17626462718879665,0.3244303674689955,0.4511480590620433,1.8755863288063916,1.6510863812621424,1.1542234227262331,0.7692386260504883,0.07700199134612874,0.19082138345388225,0.1873947407746406,0.16184009781604622,0.002271515510980569,0.002870196183821554,0.002549957925694226,0.002921572022160665,4080.9502664298398,10603.28524590164,10404.002915451896,8741.440789473683,0.3487860006496615,-0.5534378184315645,-0.43475971533070373,-0.4721399861545605,6.501968667073739,6.6891094515316425,6.719117447559549,6.597291855428349,4.0925234453995306e-05,3.080577691438794e-05,2.8336194745267172e-05,3.5040266295879495e-05,9.188321130919208,8.67724414240429,8.832681339070563,8.633749439495016,-0.31715308564003003,-0.39860011829477443,-0.36493147624702116,-0.39847002689222943,0.9842123143846099,0.9933255144695001,0.9902549987636327,0.9931669184797456,0.04890793027619282,0.02784268115696473,0.032437005184117296,0.02569656890375647,281.76376554174067,269.7639344262295,273.40816326530614,259.4144736842105,7.378941891048317,6.749847136188491,7.058120161771897,6.761558806549447,8452.411333600438,3048.0950927169906,4098.778009162837,3134.3874220914004,3133.340400007568,3412.845084654662,3625.6952311536843,2968.95705289127
177,1,758,1100,90,73,40,51,63.73482849604222,61.15435356200528,1.684464801563099,879,0.9385378308271697,31.066309322306914,1,0.6890909090909091,0.5936603715744313,54.33766528189541,49.49747468305833,9.486832980505138,3.961213234058498,4.0,20.626724048341824,18.75607913459519,87.69754122769552,126.66904755831213,0.8623435722411832,0.39392472445275645,0.013364173012684593,0.12737019624290444,0.1048689838861133,0.0168504180464515,0.003968751758954586,0.043433854174158404,0.052535687286181194,0.046653149546330624,0.006537987132550384,0.008642252885516906,0.001805629739361162,0.01815499260647817,0.01478339097443052,0.01992989668035992,0.0229571360692528,0.0028396408404494098,0.010824005970235794,0.003608416406673151,0.0012302367883190303,0.00400581050120271,0.0015084595321836214,0.002904775433739249,0.0034263164929758325,0.011270803668679405,0.003454687154675519,0.010496696912560057,0.004937340414630004,0.0015579784696932693,0.0009208758066795799,1,30.717104732990265,378.1381530761719,0.31578946113586426,0.1447368562221527,0.40892202371654174,0.31578946113586426,1.0,0.27183278524770144,0.49886299878122936,0.44736841320991516,0.23026315867900848,0.23026315867900848,0.01855169837605841,0.21310273935216398,0.6447368264198303,63.64190888967301,60.756128539897645,0.0,63.73482849604222,61.15435356200528,0,56.0,59.0,0.0,1,1,0.05250796025857749,0.17022461263708322,0.32348591602986515,0.4537815110744741,1.895287327428639,1.6542340561398565,1.1511846213644956,0.7712250793597563,0.07392587721916193,0.19699790444258883,0.19916754165818193,0.1721982660763327,0.0015206042631172843,0.0023581266154855136,0.002280092592592593,0.00231333119692357,4058.491319444445,10359.465838509317,10342.727777777778,8694.791139240508,0.34430587707645094,-0.5472172870348441,-0.430534864914833,-0.47655559100516437,6.595772840677112,6.805506494912974,6.827846259828485,6.726176277440027,3.367294499903551e-05,2.588184015705171e-05,2.5371033468364193e-05,2.9180203086194124e-05,9.528004010930134,8.870285472734333,8.964647575442253,8.878055036110705,-0.3316979259413714,-0.4380117322916042,-0.4289098145972283,-0.44314988652772747,0.9886237576038001,0.9965390582888,0.9962499759377861,0.9968036282141018,0.04207317722135429,0.01411982448078239,0.025567891510922296,0.022510724811420375,276.25868055555554,265.30434782608694,269.72222222222223,255.29746835443038,7.573541136091638,6.885572791766839,7.095389617721076,6.971548718137415,8320.72995937019,3031.6278692951746,4117.217283950609,3082.335563211018,3094.8053197036606,3347.773426951124,3614.9862654321005,2944.2816756128814
178,1,789,1122,91,73,40,51,64.19264892268694,61.18757921419518,1.7130680305268724,915,0.9379099241123658,31.695204697178458,1,0.7032085561497327,0.5837479785857888,55.33756992931258,50.48762224545735,9.848857801796104,3.9946994902365156,4.0,21.0,19.195435623957238,87.71956222800605,130.3259018078045,0.8622950819672132,0.3941098473111194,0.013515301268087723,0.12796570833556878,0.1044906328549568,0.014284560665538966,0.003807182271896853,0.04074480139485879,0.05436008766097484,0.04575033897411193,0.007948439793129319,0.009332073289789146,0.0008107486131920272,0.017287399866151427,0.015397081896526898,0.019630581252257594,0.022668881493797192,0.0025806087839481866,0.010900360716103763,0.003238445000101845,0.0002735770739411168,0.005113326510375396,0.0012578370473845892,0.0023775586051892695,0.002793934086052499,0.01165063914998068,0.003988204674632361,0.01069819960849137,0.0040078008032365595,0.0016766531723179444,4.9358825241445746e-05,1,29.645160913467407,377.17418870329857,0.2967741787433624,0.12580646574497223,0.4613075403009209,0.3096774220466614,1.0,0.25778400794319484,0.4780407968356129,0.4161290377378464,0.21935483813285828,0.21935483813285828,0.019612888025214725,0.21126496133069636,0.5870967507362366,63.992319776453265,60.77203995021671,0.0,64.19264892268694,61.18757921419518,0,59.0,60.0,0.0,1,1,0.05920084929106256,0.17647360810913387,0.286887207760689,0.4774383348391146,2.030846525680348,1.718983664174152,1.0934976179863933,0.7880728999750236,0.01612817560311504,0.1257485223870298,0.1656450101653225,0.18745949467986125,0.0016708333333333336,0.0022600294055870615,0.002072411700945538,0.002288528641414537,4134.288333333334,9917.24927536232,10173.960835509139,8493.165191740412,0.32627017622611904,-0.513555477898185,-0.42270499939817974,-0.4756495930724523,6.67081442732135,6.836770127813658,6.865911550438039,6.842125887298991,3.0010308159722216e-05,2.4222149815886896e-05,2.3966416985669932e-05,2.4816295125768463e-05,9.473128711461847,8.945224644436813,9.094716737192707,8.931251373190197,-0.31231620358481216,-0.38906584534021704,-0.3751041952219435,-0.3944846544801662,0.9848791209759467,0.9933333124123688,0.9924663101967126,0.9937735697724972,0.03099206091413613,0.023485230264237312,0.022223415852703744,0.020408903271988896,266.1116666666667,255.81159420289853,261.4647519582245,245.43657817109144,7.622961240410895,6.885381910458125,7.195800502459361,6.863454204794449,8138.549197222208,3187.3239235454894,4128.316642693069,3017.9214938958103,3068.209382638892,3276.143299726953,3575.5693695505506,2877.7716714090584
179,1,764,1122,91,73,40,51,64.30497382198953,61.1086387434555,1.7598200433973996,900,0.9407149336081763,31.18902069924069,1,0.6809269162210339,0.5682399196167024,55.04286293326731,50.24937810560445,9.486832980505138,3.919450290828962,3.605551275463989,20.83783541098702,18.670439608169747,87.20215429959651,129.9827560572969,0.8488888888888889,0.3852495097733324,0.012230572085095185,0.12675230099690682,0.10250100034784856,0.013955871234725963,0.004749018321632737,0.04061830334907434,0.05498360629535747,0.045267657507028304,0.00911195080932689,0.01007481996415762,0.0010219493710644377,0.01777527508459765,0.016915236142225138,0.019761392775026327,0.023123646160696967,0.002546448446207198,0.00966109462902161,0.003582545941414261,0.000509690997536539,0.0074579385746539415,0.0015111089295607508,0.0036589725415400445,0.0027917870949198623,0.012621036119109157,0.003970336007612985,0.010128136152927694,0.00395598019886349,0.0008160253057250139,0.0005620792516925922,1,30.440789207816124,377.4144694060087,0.30921050906181335,0.1381579041481018,0.40530048122850976,0.32894736528396606,1.0,0.269387515113417,0.49399799660472343,0.43421053886413574,0.2368421107530594,0.2368421107530594,0.019626703590887706,0.21334153010066562,0.6118420958518982,64.16145170379703,60.729600642898845,0.0,64.30497382198953,61.1086387434555,0,57.0,58.0,0.0,1,1,0.06001708419594978,0.17124827908042295,0.2798298670969572,0.48890476962667007,1.9936109706828389,1.721495858124248,1.0797475679902782,0.7998356402457726,0.006762600950483542,0.1091349878947403,0.15664824902211902,0.18672529406143965,0.0017873505015432104,0.0022588483107140542,0.002249228395061729,0.002368410511136036,4500.111111111111,10014.310030395136,10319.397222222222,8260.51582278481,0.27761176808585614,-0.5067864088654999,-0.4144857951144924,-0.45859412859264465,6.562947207584885,6.746554766417319,6.903804531961669,6.829296473198961,3.4520655502507724e-05,2.8227794117625827e-05,2.2598078221450614e-05,2.7067786205886483e-05,9.408196541564031,8.924134959092967,8.972926603195994,8.868561365224629,-0.32024788257856235,-0.4034134857899899,-0.39945559745971687,-0.4066824231279605,0.9860675848203243,0.9944842754852539,0.9943104927811806,0.9945802297316592,0.037056548246217284,0.02861410170967357,0.019051591804254853,0.0351759295413161,275.5173611111111,261.8723404255319,268.85277777777776,249.54113924050637,7.566618029198896,7.015074607208442,7.058964459147338,6.9348824115294,7958.871226369607,3277.965465950998,4271.625547839518,3066.166029081862,3114.7455843701755,3323.0688740865335,3647.755692515435,2831.670462966673
180,1,769,1122,91,73,40,51,64.58257477243173,61.05461638491548,1.7261627109697453,904,0.940533256692872,31.29091257699814,1,0.6853832442067737,0.5793196629987492,55.21193146841119,50.35871324805669,9.848857801796104,3.9293827091893645,3.605551275463989,20.961870145576228,18.755582760141586,87.06984911922744,129.1543289325507,0.8506637168141593,0.3860888051661436,0.006455163423339968,0.1270496395122417,0.10273513455855442,0.015273138779083428,0.004482237842458787,0.04034876434241463,0.05537792855618102,0.04516187845962886,0.009462499090462224,0.006221346177276301,0.0023170608672649466,0.017622283713891185,0.016461228578516368,0.020918138663935514,0.022471520903485028,0.0038854554549792903,0.010219602342458776,0.0008179137781832457,0.0018041051343082291,0.005292759108340956,0.0012785485830674845,0.003057591496091699,0.00396352105975732,0.011729249380998777,0.005235051283627395,0.009414156295429346,0.004668840083115303,0.0022863414020318023,0.0012192276444756502,1,29.779220759868622,372.6298660337925,0.31168830394744873,0.1363636553287506,0.3902624202170473,0.3181818127632141,1.0,0.26353292707848336,0.48456419510246096,0.4285714328289032,0.23376622796058655,0.23376622796058655,0.017656335209275176,0.20971184370066925,0.5844155550003052,64.41998776799736,60.699834448195574,0.0,64.58257477243173,61.05461638491548,0,57.0,62.0,0.0,1,1,0.058029102117996376,0.17218785553748808,0.27623943620730823,0.49354360613720727,2.0283808876699485,1.7196423494588056,1.0783153626569537,0.8023996471871295,0.00989414323368474,0.10862902869770581,0.15209321590411792,0.18672710171813783,0.001591854934601664,0.0023043983161561915,0.002067930193282042,0.002373207810457837,4502.525862068966,9570.843373493975,10008.14794520548,7918.598746081505,0.25330195036703923,-0.5109830746669054,-0.4003688889116495,-0.46484552330448625,6.630747371209774,6.826482957243586,6.8063598233409435,6.705407748096777,3.397575314915279e-05,2.4929259819776094e-05,2.6523205683230905e-05,3.0229229431815104e-05,9.474078120086636,8.916789535300486,9.07229065926352,8.864220058810986,-0.3119706349673646,-0.4100443548118247,-0.38015821527858357,-0.4101165226913861,0.98481429344303,0.9949574550458751,0.9929018144597729,0.9948237510349521,0.04181264863046483,0.0230511096765302,0.02679027869543175,0.0243391816478343,270.1465517241379,257.566265060241,264.4328767123287,244.73667711598745,7.48112443333415,6.907791497071219,7.182568692867385,6.792525146033519,7557.304384661125,3097.5227173755266,4285.440015012224,2892.914987077558,3014.9575616825205,3167.091522717372,3573.396990054418,2702.878433289763
181,1,813,1144,92,73,40,51,64.69741697416974,61.199261992619924,1.6925223626140806,938,0.9382322582098711,32.173649930800316,1,0.7106643356643356,0.5908341432224931,56.34170584457351,51.35172830587107,10.0,4.076717704009861,4.0,21.0,19.494574591932707,87.15003317064027,131.49747468305833,0.8667377398720683,0.3925459802312049,0.017332900535334265,0.12645790676289434,0.10407283405514976,0.013860548643770782,0.011037135368427289,0.037255218018019884,0.05609428410068001,0.044004851351774794,0.009113059659806765,0.013089558396112972,0.006336917571649146,0.015937505825284404,0.01728541832157543,0.018023688396626457,0.021668703438765306,0.00044406583564239556,0.010106650071584873,0.005682528159926449,0.003315627419211168,0.0068238102025990404,0.0026245210464811864,0.0015613629037128107,0.002238217489842291,0.011698985051185825,0.003919918737168021,0.010549179817754613,0.0034046721573052657,0.0007214988556187577,0.0017685132571991925,1,30.33552597463131,388.3092036396265,0.29605263471603394,0.1315789520740509,0.4285753297116091,0.32236841320991516,1.0,0.25927799978317356,0.47762509672770787,0.42105263471603394,0.21052631735801697,0.21052631735801697,0.018168569482119225,0.21312297121417537,0.5855262875556946,64.61008419150048,60.77967910651915,0.0,64.69741697416974,61.199261992619924,0,58.0,58.0,0.0,1,1,0.06001050523388911,0.17781203854512295,0.2653372420362855,0.4968402141847024,2.032855864797978,1.7007198510257018,1.0574469498799017,0.8078621882643259,0.02595362393237416,0.13239528430462918,0.19649031398217004,0.20122907675726123,0.0016313170431516513,0.0023053107529196894,0.0020218750000000002,0.0023445570764462804,4642.7459283387625,9772.66485013624,10215.0575,8472.164772727272,0.25770639749836827,-0.4876306347696368,-0.3999096373865217,-0.46924100209976144,6.721980920582002,6.904399784545214,6.971473802032646,6.839403505649323,2.9875973640552562e-05,2.3690893168417148e-05,2.12158203125e-05,2.5599456030475206e-05,9.480228987138913,8.959178921755875,9.136323018603864,8.966807675472783,-0.311021497061819,-0.3841723874889695,-0.37412867436572517,-0.3883613635005622,0.984655063771044,0.9929151173044568,0.9925094043115225,0.9933379451795623,0.03909412740448333,0.02253737450977178,0.021961329148233146,0.020637845895018797,267.5342019543974,255.82561307901906,263.7475,244.3465909090909,7.637565077893646,7.094693917859323,7.255024474434471,6.990705724303248,7866.444269965723,3365.8987445151433,4378.8237437500065,3060.5446474690107,3127.297549576124,3284.6408986628485,3648.470310937493,2883.1773550490707
182,1,794,1144,92,73,40,51,64.8073047858942,61.149874055415616,1.7303753993993305,920,0.9391723837312995,31.79547449747714,1,0.6940559440559441,0.5779092793084856,55.79749925691699,51.15662224971465,9.848857801796104,4.009346839558586,4.0,21.0,19.16343432439836,86.84414872202933,131.39696961967,0.8630434782608696,0.3856671453595019,0.011633393125106015,0.12929876998350584,0.10098486218928235,0.011248699795653114,0.005505258219968989,0.03623134481207806,0.058541255823674004,0.04271156730395033,0.011257659948845873,0.011119233178848284,0.00286571296112291,0.018123285995329717,0.0160315712320867,0.020796990665574527,0.020927304616769317,0.0028797499965485555,0.00785500979387392,0.004902674809676621,0.002330953504410214,0.00532268165999708,0.0032126918535572914,0.0009297990806701534,0.0037995546565222187,0.011024337795573071,0.0027331373707235544,0.011402764773300652,0.002380163982589272,0.00018581275056320102,0.0018770278740199444,1,30.57999938726425,387.8933255672455,0.31333333253860474,0.13333335518836975,0.406874792968096,0.3199999928474426,1.0,0.26824560866021274,0.4885306367345661,0.4266666769981384,0.2199999988079071,0.2199999988079071,0.017332942144225885,0.21482422929174227,0.653333306312561,64.76988514077824,60.74472362987934,0.0,64.8073047858942,61.149874055415616,0,57.0,60.0,0.0,1,1,0.05895091584879322,0.17552935660646113,0.2738381683626615,0.4916815591820841,2.0350881384322372,1.7206211005620966,1.0554733285434614,0.8066015660962286,0.0034888543034714303,0.12233409196943419,0.16733773843481045,0.19644322868269345,0.0016318237686071108,0.0023527077960722076,0.0022297183336144376,0.0022764314058956914,4953.9365609348915,9690.538028169014,10285.75064935065,8392.574404761905,0.219003356254387,-0.4741583039450297,-0.3807010223749745,-0.47178437016214575,6.72847119092409,6.816018014017979,6.842966694065575,6.743668216683615,2.9889409381762977e-05,2.7422474575667033e-05,2.4403253440451602e-05,2.826855025864512e-05,9.48890628203141,8.916653190513173,9.037669872060803,8.961459815723675,-0.32951925918258645,-0.41460238346199024,-0.40361874624618777,-0.4116004963796135,0.9880943531703312,0.9952728158854421,0.9948078120576571,0.9951804953754917,0.03450952709471034,0.027576578249112357,0.007578148169230128,0.01979599101882729,272.67779632721204,259.78309859154933,269.02337662337663,247.9970238095238,7.510080147577965,7.0382954809962435,7.161406155937417,7.009767004692941,7732.2551163458265,3456.676897440979,4613.565687299706,3012.050586380392,3171.5479193201827,3286.8037314024987,3724.829084162582,2851.1562477855696
183,1,818,1196,92,73,40,50,64.93031784841075,61.191931540342296,1.7096916685523555,949,0.9385621050139868,32.27243324562564,1,0.6839464882943144,0.5849007855590291,56.627053998749695,51.35172830587107,10.0,4.063206216277066,4.0,21.358817734664633,19.542584176949713,86.7943546732217,132.5685424949238,0.8619599578503688,0.394960162151446,0.009247142666451085,0.1257883077274509,0.1059254537842718,0.015606588743666326,0.003660772923118035,0.03776193539139039,0.05558992680051875,0.04583363280052799,0.010824467105394758,0.006986735327131037,0.0010679576401223302,0.01482060804505184,0.01744746573299393,0.018769142942005424,0.02260030074073839,0.00401209882490253,0.010319471173327752,0.0021753891247895648,0.0009390084505384203,0.0056623749648536635,0.001488130535648107,0.002338087748044382,0.0025061137466470384,0.011570596327995605,0.0047548371646974055,0.009794172352783834,0.004639729104486163,0.0014458735780903064,0.0007626410020587659,1,29.805194959044456,383.56493197381496,0.2922077775001526,0.12987011671066284,0.4187298259413906,0.31168830394744873,1.0,0.2569413358538315,0.46890578480906475,0.4025973975658417,0.20779220759868622,0.20779220759868622,0.01891675998883505,0.20966444835270642,0.5844155550003052,64.94079803830638,60.773332886793746,0.0,64.93031784841075,61.191931540342296,0,56.0,58.0,0.0,1,1,0.05530819875458604,0.17752120444325864,0.26198175039102045,0.5051888464111348,2.056459390056864,1.7083805321715912,1.0556703045313032,0.8134733786698979,0.02419744592867183,0.13252945974248842,0.2057633233509169,0.20381496605843297,0.001483279395900755,0.0023124060585038735,0.0020240816948635877,0.0021226110537190075,4791.422330097088,9352.626344086022,9532.64938271605,7977.423295454545,0.2084179669564074,-0.47841033707560265,-0.3482715781923038,-0.47083967753619516,6.751022848273407,6.892657343776703,6.91931166487497,6.794105998625132,2.8209446764523187e-05,2.5445428910676094e-05,2.3202383014927225e-05,2.6608301588326453e-05,9.597283274688753,8.977954090757203,9.130881138590889,9.042403245002433,-0.29574687555636225,-0.3958065992707452,-0.3722860225556265,-0.37754100527788803,0.9819571564085164,0.9940267352785225,0.9922963825824455,0.9925361562895906,0.025986324229565472,0.028679077631314612,0.026726987425201312,0.0180732094799685,262.30906148867314,251.81989247311827,258.7827160493827,239.4289772727273,7.663573373597529,7.003368397874036,7.3032329230696185,7.081705794933949,7314.5177496046235,3299.6476688056573,4607.898466697152,2870.01768304492,3026.485019925418,3163.0685032229158,3535.1369623532955,2711.860244624868
184,1,817,1196,92,73,40,50,65.00979192166463,61.16034271725826,1.711784314413497,944,0.9386772924060033,32.252700786889584,1,0.6831103678929766,0.5841857479238712,56.575676697853915,51.35172830587107,10.0,4.065402556019892,4.0,21.358817734664633,19.50712109712047,86.5507081159388,132.5685424949238,0.8654661016949152,0.3944773257673978,0.0079240830110295,0.12628725696769794,0.10558990649585968,0.014615193848490679,0.003637093739002727,0.03769153246677029,0.05588248490676889,0.04565864819170697,0.011626942689040007,0.007586478042158612,0.0005825528605873184,0.014019621892466852,0.018284781135599983,0.018421506237946427,0.022767600813666453,0.004130024277948967,0.00897389331903093,0.002451509702300005,0.0011460658325853754,0.006480154193958125,0.0010066437125378057,0.0016916427821140304,0.0028591733978069753,0.012021350814392465,0.00369859027229931,0.010335699421952366,0.003914081940676787,0.001551717408807739,0.0011173840989094435,1,29.79870142042637,383.77921791374683,0.2922077775001526,0.12337660789489746,0.4093373186442522,0.34415584802627563,1.0,0.2568853570726411,0.4697420047903878,0.3961038887500763,0.2142857164144516,0.2142857164144516,0.020236288335193673,0.2111459429157247,0.5844155550003052,65.09316096836827,60.75958513157011,0.0,65.00979192166463,61.16034271725826,0,58.0,62.0,0.0,1,1,0.05588643399209349,0.17779432167339615,0.2615309122391698,0.5047883320953406,2.07541893507,1.7089171859666392,1.0525652970413868,0.8134360302206964,0.02024581189209416,0.135048792342666,0.20467181983236019,0.20440277999471893,0.0013633175636805894,0.001837341645457405,0.0017425142695293976,0.0021183673469387754,5018.212317666126,9381.163101604277,9729.545905707195,7972.908571428572,0.184991109265793,-0.4667075384383219,-0.3486995859159022,-0.47380878026221857,6.806215522487977,7.006440310804254,7.07346624120718,6.817797571232834,2.489250569516307e-05,2.0766422553502744e-05,1.858227731928918e-05,2.600396603954081e-05,9.7347967618581,9.199903985259784,9.287244837396548,9.053551656211233,-0.32603290339372504,-0.40918175905884124,-0.3972881794987664,-0.42658079025430123,0.9886607854539105,0.995588936240334,0.9949832479732336,0.9963037702692614,0.028092206536761064,0.018078130719126034,0.012423048539826882,0.01858474695032452,262.4359805510535,251.30213903743314,260.0669975186104,238.49142857142857,7.713953707106039,7.154066970891811,7.327498219874954,6.902542104973633,7296.284799403176,3410.975556921847,4698.494270637719,2846.5527836734764,3078.6242792673365,3198.034664631532,3607.0100440862298,2704.865338775513
185,1,819,1196,92,73,40,50,65.11721611721612,61.16483516483517,1.7290126147176852,950,0.9388774746460028,32.29215364663835,1,0.6847826086956522,0.5783647796943812,56.76483689259447,51.478150704935004,10.295630140987,4.03911215806633,4.0,21.458009083933064,19.541379616821104,86.39128094733101,133.39696961967,0.8621052631578947,0.3935030894860748,0.007778338027111582,0.12560514907884346,0.10548267858844568,0.01399914968513132,0.00900572006598879,0.03824801281741455,0.0556226906644351,0.04537827055169436,0.01005702546374595,0.009665472672318811,0.004975597813605909,0.014380262902114839,0.018820266751190206,0.017517906988716504,0.022606985338683085,0.0034442366909043704,0.009482953683176204,0.003926147010576586,0.0028926389382765657,0.006472319851335491,0.0017305012741733765,0.0009225017869437947,0.002386552192474599,0.011761673401072096,0.0042006911109571405,0.009758873762623778,0.004272410042013849,0.0019719169915543536,0.002021374399452127,1,30.25657895207405,387.94736386835575,0.29605263471603394,0.125,0.43011918190099396,0.29605263471603394,1.0,0.26083257717305214,0.4736842049674673,0.40789473056793213,0.21710526943206787,0.21710526943206787,0.01895089297873232,0.21225806394813945,0.5855262875556946,65.28110157980464,60.76716184942247,0.0,65.11721611721612,61.16483516483517,0,59.0,59.0,0.0,1,1,0.05469068034866653,0.16810812773905492,0.29268416728597774,0.4845170246263008,2.035984872979887,1.6997599582504406,1.08958333185098,0.8000391999373795,0.05691173342258334,0.18785589764905966,0.22181355286091517,0.1929734290279566,0.0013832305479941855,0.001980534178361249,0.001972845799431429,0.0021346938775510197,5242.095315024233,9430.13829787234,9786.408415841584,8052.300000000001,0.1634725755834611,-0.4591120111106867,-0.3278545340442795,-0.47803008386629886,6.761778016499495,6.900510207615538,7.022555412618848,6.795622802540056,2.7712295546841776e-05,2.264987294519579e-05,2.03535283573608e-05,2.6195292570153057e-05,9.67472159921997,9.136879676076676,9.166458288443879,8.999614968901012,-0.31331448537844675,-0.3920256451757634,-0.38605173348602023,-0.409348616202739,0.9861643895289504,0.9941737946536955,0.9937501493563972,0.9951206531862322,0.028528797151657372,0.026631150661988602,0.020537734687059644,0.02093403354408472,263.8820678513732,253.3297872340425,262.69059405940595,240.41999999999996,7.664581966411474,7.051051055844601,7.280245451099633,6.96381714951325,7290.895623510733,3495.721027614338,4953.773079845108,2843.689314285737,3133.2477346337364,3231.464831371666,3685.045373921672,2723.9973285714277
186,1,820,1196,92,73,40,50,65.29512195121951,61.18658536585366,1.7484196398982081,957,0.9381181929453736,32.31186201200472,1,0.68561872909699,0.5719450738143271,56.67866772858081,51.478150704935004,10.0,4.02828146189173,4.0,21.458009083933064,19.62868728542043,85.88367534127705,134.2253967444162,0.8568443051201672,0.393983557238805,0.005731456059360206,0.1263720843973525,0.10505944289962865,0.014704152868212137,0.009952729409777648,0.0367008238674386,0.05677322114730628,0.04455875666054745,0.009540880736719335,0.008567261240254325,0.005598709175831285,0.014624382442609794,0.018369393041623085,0.017650329883976953,0.021954672231946384,0.003615243606141199,0.009771585171928741,0.0029259500843778173,0.003477751900249965,0.006545169922280949,0.0019133012441309826,0.0013289945412121437,0.0018065682305600432,0.011368150142430845,0.003939492632916526,0.009662405343991027,0.003998133502109991,0.0027152752919746607,0.0027229050380799926,1,30.36423796415329,390.59602186083794,0.29801324009895325,0.13245031237602234,0.4426245911376744,0.34437084197998047,1.0,0.2617606721047697,0.4763366120254121,0.41059601306915283,0.21192052960395813,0.21192052960395813,0.0219206547644822,0.21456210960099917,0.5960264801979065,65.46702264660914,60.778704648481096,0.0,65.29512195121951,61.18658536585366,0,57.0,61.0,0.0,1,1,0.05434045529708907,0.166310615714694,0.29774499815828204,0.4816039308299349,2.0254169701642124,1.7046838110756095,1.0997788220260858,0.7962000469365856,0.06768763075525179,0.19571730537566692,0.212866148453963,0.1970746430684078,0.0014867779210851898,0.002171052631578947,0.001859423912252178,0.0022367346938775515,5460.364667747163,9543.634210526316,9918.785714285714,8243.085714285715,0.14585196793681468,-0.45401477585311567,-0.3298061421972484,-0.47445952098442,6.790540929249663,6.91754431191025,6.862194834383632,6.777697760079008,2.725253579847575e-05,2.2883956782375347e-05,2.540662989937726e-05,2.7534578284438772e-05,9.60618754298602,9.01577962143191,9.221841705298573,8.963228290348125,-0.30374560264552775,-0.39147396694033865,-0.3589189855863017,-0.39812991283750976,0.9838424090869515,0.9937704203394322,0.9911069751824948,0.9941755153597736,0.026895279312689573,0.027719245351490573,0.024136563953968494,0.015451938088943738,265.7260940032415,254.55526315789473,264.4950738916256,241.25714285714287,7.583939951297477,6.945925437323634,7.218962513735782,6.899050605226398,7325.15836286312,3583.652209141277,4998.855887063502,2938.0767346938737,3196.380757652576,3281.8216049168987,3729.4104003373104,2795.2906122449003
187,1,819,1196,92,73,40,50,65.4053724053724,61.18803418803419,1.7505544624133453,958,0.9386586925843913,32.29215364663835,1,0.6847826086956522,0.571247579821871,56.88178319202675,51.478150704935004,9.848857801796104,4.010317912838768,3.605551275463989,21.458009083933064,19.615545725535682,85.48655195626766,134.22539674441617,0.8549060542797495,0.3935030894860748,0.004983964607185976,0.1245840191228523,0.10578252855570368,0.014607828667245368,0.010169411295813283,0.03612507838438067,0.05681923179303087,0.0446975778142587,0.010313829396282025,0.00865657459300453,0.005643388361822061,0.014969469724980308,0.01842127794567807,0.017809039435679592,0.0216919645460214,0.003679684248013999,0.009616834938736083,0.0026006121427171497,0.003802773072103268,0.00677583635431644,0.0024281260714238617,0.0009542420240025381,0.002190009461571026,0.011007234010202451,0.004255612231620987,0.009651633218713717,0.0036062987483453115,0.0032821670065300954,0.003044373134236468,1,30.43708600103855,390.17218156158924,0.30463576316833496,0.13245031237602234,0.47194453628480404,0.33774834871292114,1.0,0.2623886724227461,0.47640071008741053,0.41721853613853455,0.21854305267333984,0.21854305267333984,0.02195846482533434,0.2151760418045314,0.5827814340591431,65.64373002412039,60.780704725665124,0.0,65.4053724053724,61.18803418803419,0,56.0,57.0,0.0,1,1,0.05563853756592566,0.1706157934219809,0.25157851718662466,0.5221671518254688,2.071271012113306,1.7466791851575256,1.035390982793193,0.8255886049132409,0.01207022688997263,0.11326697764440989,0.18181136620432486,0.21609216957648308,0.0015151757870904348,0.002273337880009093,0.002100289590001524,0.0021634535066323637,5653.72385620915,9429.254593175854,9843.716049382714,8016.271676300577,0.11589801209333109,-0.4480725556488445,-0.3168192974158124,-0.4540739600860171,6.790357160963341,6.906326709391551,6.960676752041854,6.764665315033976,2.7793562597118092e-05,2.2549446276192898e-05,2.301186327708238e-05,2.768137766542274e-05,9.551160908081993,8.9809094249296,9.108315791708378,9.033564193039883,-0.27513932773019967,-0.3659662259631406,-0.34972973577116995,-0.35356737071346656,0.975962551957678,0.9910083449245614,0.9894154369748355,0.9896193821759758,0.02606568406239119,0.02073822466372472,0.02232932260465172,0.01689511227943531,266.1617647058823,253.96325459317583,264.9654320987654,239.86705202312135,7.52344274856733,7.064501676600187,7.240566881606379,7.0379882827858165,7136.031021722432,3593.9251589614287,5107.030903825653,3009.675966453957,3197.4387194828814,3255.794938034316,3737.686738302091,2756.486910688631
188,1,797,1196,92,73,40,50,65.62860727728983,61.10539523212045,1.7832088698995645,949,0.9399615151119918,31.85548488335917,1,0.6663879598662207,0.5607868023089875,56.43735522964855,51.35172830587107,9.848857801796104,3.9395718417020826,3.605551275463989,21.458009083933064,19.260966366309628,85.4881807109764,133.63961030678928,0.839831401475237,0.38467270392882885,0.006002500447911192,0.12520742591718123,0.10249871425687324,0.015181409012381542,0.012398240482882492,0.036238713332306785,0.057378864809162114,0.043378206687876716,0.010120651588845508,0.008872767456723874,0.007352031802579715,0.014629322946624498,0.01970354657858859,0.01827883016080175,0.021444994101970854,0.00396493441191953,0.009121488554705865,0.0036762085170925717,0.004738574377967248,0.006874306154996493,0.003282299705349254,0.0006861705063227716,0.003251831778857625,0.011183598047390626,0.004679558887959743,0.00878992584776684,0.0041376906481427,0.0035461069952525638,0.0035642224306277645,1,30.45751501619816,380.0065223276615,0.3006535768508911,0.13071897625923157,0.43911857435712426,0.32679736614227295,1.0,0.2648479566625927,0.47679613842868446,0.41830065846443176,0.21568627655506134,0.21568627655506134,0.020620753492812147,0.21187342072585236,0.5816993117332458,65.8667893145083,60.73648543353563,0.0,65.62860727728983,61.10539523212045,0,60.0,59.0,0.0,1,1,0.056810170484511396,0.16704219331199144,0.2517328556046166,0.5244147805988806,2.0580775398252373,1.706828564995601,1.0395393052688044,0.8292828970978328,0.013420897670559147,0.1091048799855316,0.1736783049000431,0.21552680809597172,0.0014490502083186218,0.002004128354287859,0.0018215550683083148,0.00200940493897876,5778.8823529411775,8894.2,9595.84935064935,7535.158054711246,0.07274442376607614,-0.43601809879997183,-0.313761159469243,-0.4645157516721874,6.84617817181189,6.905722580790666,7.027403859623718,6.855854897876338,2.4628489378288092e-05,2.347385308424423e-05,1.86581868187616e-05,2.57737794651374e-05,9.596825458959287,9.090399263303073,9.21395044723124,9.079209579180059,-0.32247213466617636,-0.39265343814596915,-0.38693168017570045,-0.39410916319128314,0.9874300823707308,0.9940924073355607,0.9939668350887828,0.9941807021067938,0.02505402079497477,0.013356441486197041,0.014421858079884777,0.019999382788434175,265.48067226890765,251.83287671232875,265.20519480519476,237.3404255319149,7.581152818984485,7.12607530073529,7.241830975984394,7.080215670705517,6685.60424828752,3493.109056108078,5012.360492494539,2755.14854814719,3116.1216503071773,3096.827264027026,3652.0524607859697,2572.5766507146072
189,1,817,1219,93,73,40,50,65.71848225214198,61.143206854345166,1.7611900052974132,959,0.9374217533547128,32.252700786889584,1,0.6702214930270713,0.567797907660241,56.583794088516626,52.23983154643591,10.0,3.996813048271761,3.605551275463989,21.819113065948553,19.702250922562303,85.17395957407435,134.46803743153546,0.8519290928050052,0.38117871309953383,0.010246273008886255,0.12991420326076122,0.09802899748377236,0.018083783477594987,0.004056754529902117,0.030860377982448797,0.0601587839029613,0.04085239722014994,0.016634005903090665,0.008027558606795685,0.0007371986913957128,0.012490738899550548,0.017996058562498383,0.020092479968015466,0.020771030136593385,0.007003135220037539,0.006811946281828276,0.0024533650546094184,0.0023244039379720005,0.005253118186033937,0.003705960813217193,0.003234446499107673,0.004465124094890235,0.011722281997829188,0.003630360433711969,0.008875672504429562,0.0032434359389215254,0.0029563181027425036,0.002131117461724986,1,29.901316165924072,386.8092070668936,0.29605263471603394,0.125,0.4671885871164808,0.32236841320991516,1.0,0.2600114449210789,0.47345068184442296,0.40789473056793213,0.21710526943206787,0.21710526943206787,0.019542285942618205,0.21445824848731013,0.5921052694320679,65.97865462476486,60.75516624763541,0.0,65.71848225214198,61.143206854345166,0,55.0,58.0,0.0,1,1,0.05427332341990253,0.1628369765178149,0.2935113515315338,0.4893783485307488,2.0155138742754546,1.6840229090513223,1.0949715716952644,0.8044710477859589,0.08124072001866996,0.21381297486104855,0.21636858205929382,0.2100928702828427,0.001491534533727493,0.002020188461435206,0.002018022275980871,0.00205419029615627,5958.991803278689,9055.383419689118,9947.448877805487,7576.892753623188,0.06824397285626059,-0.4126414287423484,-0.3268272487387265,-0.43979945921990893,6.880723897554948,6.851544748818849,7.017922524071911,6.847744863548014,2.5304903493264582e-05,2.501074837474664e-05,2.018389319693869e-05,2.507543694044056e-05,9.598110416859013,9.119223124054614,9.135430215650798,9.049918602346274,-0.30729169492246783,-0.3757299566683113,-0.3867466966312018,-0.3830049066747142,0.9845515366262484,0.9926157682898503,0.993718154503108,0.993104315003231,0.02808082622832362,0.025966825507550084,0.02256526766732355,0.018850833290968084,264.38524590163934,250.47668393782385,265.99750623441395,235.8144927536232,7.652090896991882,7.098353557326986,7.2119549780787295,6.94767423953491,6831.892569201824,3765.114741335332,5046.8902680953615,2948.035152278928,3197.72109312013,3205.124540256111,3748.584786475207,2631.2319764755284
190,1,792,1196,92,73,40,50,65.89646464646465,61.083333333333336,1.778769504098194,935,0.9382609204433204,31.755404570407364,1,0.6622073578595318,0.5621863865419613,56.01448857883769,51.35172830587107,9.899494936611665,3.9229747216395543,3.605551275463989,21.56317039068816,19.37700137799913,84.83793820803582,133.0538238691624,0.8470588235294118,0.38225944982638954,0.007982771013184203,0.12739510119163025,0.09999889914554792,0.015855865358638664,0.015049437532130606,0.035365173969226685,0.058174095771335574,0.041449769202447126,0.010748676401055448,0.009412851288795255,0.009117434345751465,0.01366029938299492,0.02024966898774183,0.018123188584364645,0.020355645371167186,0.004296684941832082,0.009059719603174622,0.004371431707066483,0.006000329944429524,0.0066213843335544,0.0037717052510998937,0.0008177393220745791,0.004003751795491086,0.01064709563765141,0.005091858238642884,0.008461049583377568,0.004247528257777445,0.00447244262926296,0.004523874879528614,1,30.72847644984722,383.94039334356785,0.30463576316833496,0.125827819108963,0.46302229335752204,0.33112582564353943,1.0,0.2695480390337476,0.48477322391864625,0.41721853613853455,0.22516556084156036,0.22516556084156036,0.021610004467461842,0.21574536989642457,0.6092715263366699,66.20446746351885,60.737611033166374,0.0,65.89646464646465,61.083333333333336,0,58.0,62.0,0.0,1,1,0.05514445921411421,0.1502371721812036,0.2978352737963412,0.496783094808341,1.9852005317080959,1.6758850755987742,1.1022688637696356,0.8112416723468163,0.07162457889039538,0.19343010724920845,0.21015933411555393,0.21252863922564647,0.0015922185200610854,0.002093110361997928,0.0020695704613360377,0.00248151958542905,6299.333333333333,9022.452574525743,9972.219895287959,7256.608024691357,0.02766013067320187,-0.4156409537581227,-0.31696391532114204,-0.4436781654766459,6.924208257020778,6.971262952684678,7.006476327697925,6.814887525421525,2.2815805145931667e-05,1.9540318244291223e-05,2.055822870017098e-05,2.5747607637698143e-05,9.513028653450286,9.046708366510508,9.108688906501817,8.852523296126659,-0.3015841746120689,-0.3781661718754164,-0.37183089486143467,-0.4046985663991157,0.9828014160356044,0.9926151550616686,0.9921684315622624,0.9943819922736031,0.030931433069564362,0.022461136285882612,0.02118563897131997,0.025517596530762743,269.5952380952381,254.65311653116535,271.56020942408384,238.48456790123458,7.58693942440415,7.020060671904781,7.2263950116657325,6.8653863492942655,6657.727324263047,3724.3566366286686,5172.036950741443,2796.3361816034085,3239.2651643990903,3186.70230278861,3786.064211507357,2513.2360515736927
191,1,827,1219,93,73,40,50,66.05441354292624,61.12091898428053,1.7398938746408543,966,0.9354448872889615,32.44948541188257,1,0.6784249384741592,0.5747476984516761,56.598467338595235,52.3450093132096,10.0,4.042716004038431,4.0,21.969620697150017,20.00600611674662,84.94585273025804,134.46803743153546,0.8561076604554866,0.3842952932467079,0.016478023105704485,0.13017108877435998,0.09760782896627498,0.02383746100006798,0.008473723935961235,0.02857564122741549,0.05926154753812237,0.04027520305692481,0.018825559260414966,0.008305835978077441,0.0024128135443557885,0.009343868015982125,0.017508278210587883,0.018851699091377305,0.02045093612394835,0.008486511502874498,0.006852824700510404,0.000746125155135811,0.0025865837643939908,0.004199075326409626,0.004249844612441116,0.0030645751705329874,0.0041508009646003974,0.011592362195660528,0.003499956545436742,0.008214363392502002,0.00449656503874929,0.004420777144596642,0.002433839198193928,1,29.64900629222393,391.80131897330284,0.29139071702957153,0.13245034217834473,0.502423234448289,0.3112582862377167,1.0,0.25781744601933854,0.4737621753002453,0.41059601306915283,0.21192052960395813,0.21192052960395813,0.018334595418142703,0.2170636822799395,0.5894039869308472,66.40950268115085,60.76547445917375,0.0,66.05441354292624,61.12091898428053,0,56.0,57.0,0.0,1,1,0.05329434479564357,0.15893648082445336,0.29620364382877146,0.4915655305511316,2.003382870272585,1.6638034131876283,1.088712948650639,0.8114265344626461,0.07804539634625307,0.22382577495126466,0.22562060771172532,0.2164592552167105,0.001397892815838895,0.001790625,0.0018292574635480493,0.0019755102040816324,6414.822475570033,9062.495,10112.145985401461,7676.345714285715,0.025030417178411146,-0.39673149238241573,-0.31340721431508767,-0.4439348142643011,6.916890166594224,6.99191896579446,7.0016615645570255,6.817705599972318,2.4550154533718535e-05,2.0483398437499994e-05,2.079264178387197e-05,2.4282027264030615e-05,9.696762984662893,9.269371220976048,9.252242515513053,9.093256218931916,-0.3208411377458239,-0.39233725460591373,-0.3992207861293329,-0.4062240882266656,0.9876303985566857,0.9945637042526111,0.9950359035518509,0.9951370955720661,0.042839576077084385,0.03340100501709648,0.03067893695469711,0.018846941156058842,264.7345276872964,249.54999999999998,268.06812652068123,236.12857142857143,7.653334043159296,7.242353301574669,7.318875804173294,7.048543988073924,6744.198254092902,3914.2225000000108,5286.194872159191,2956.1920408163205,3289.755182415727,3244.179374999998,3849.585214390161,2658.1344387755107
192,1,826,1219,93,73,40,50,66.2179176755448,61.07990314769976,1.7420002836900563,967,0.9353804802277439,32.429860683500394,1,0.6776045939294504,0.5740527193725325,56.69365366041486,52.3450093132096,9.899494936611665,4.030770848386506,3.802775637731995,21.969620697150017,20.049312619993024,84.44015135120448,134.46803743153546,0.8541882109617374,0.3838306072814761,0.016156460461793035,0.12918812532381854,0.09792252742530173,0.023540914251246804,0.008495599208853925,0.027877448150733786,0.059670157127695564,0.040122984543763514,0.018876251667174375,0.007867124549410956,0.0012349036498008395,0.008804309085845221,0.018390602819807703,0.018691203770330764,0.02025051896973218,0.008338190123609588,0.006449515906666388,0.0018980528624004476,0.0023165467238784733,0.004217242349294263,0.004734887843253849,0.0032397486079578466,0.0046719208892488364,0.011378104583205527,0.0030799456970388465,0.007908969718863812,0.004411962796848363,0.004983089524311583,0.0026182188063905796,1,29.668873995542526,391.00661881268024,0.29801324009895325,0.13245031237602234,0.46427809935956516,0.29801324009895325,1.0,0.25799020865689154,0.473373630523826,0.41059601306915283,0.21192052960395813,0.21192052960395813,0.01861676111648982,0.217462638470644,0.5827814340591431,66.54213947088013,60.74758645992368,0.0,66.2179176755448,61.07990314769976,0,59.0,59.0,0.0,1,1,0.05777243437449672,0.16042817107149956,0.2463839299134444,0.5354154646405593,2.074783947536257,1.743600911908662,1.0175656305425245,0.839190083098865,0.010951988727398968,0.1095551077701745,0.18594097102839366,0.23304327263015615,0.0014933529054084829,0.0019615851092794736,0.0017935752528256991,0.0022548148394223025,6587.379705400982,8946.66169154229,10093.146341463415,7542.268011527377,0.0026685252947521196,-0.385091794691737,-0.3069940542535554,-0.43987155134425754,6.881673477919678,6.8882423437853815,7.0243830106284,6.793136344968957,2.593607072304649e-05,2.486630066300184e-05,2.0294824857785543e-05,2.6623202732133285e-05,9.612505339870065,9.184263779507923,9.273263331159992,8.962542916076298,-0.2904947445438365,-0.36318559036524395,-0.3507228876945599,-0.38322425860975456,0.9807523465971042,0.9914735919664047,0.990267007874431,0.9928335118253435,0.035411102676603703,0.037133987760849994,0.03472800267895813,0.01959364224536801,264.54500818330604,248.9601990049751,268.70243902439023,235.04034582132562,7.671406005418254,7.142326198138804,7.3062910086844965,6.955429165837353,6622.6309529868595,3971.8491621494686,5351.677311124338,2934.0387180360267,3302.502664596952,3229.6277134229367,3861.2059131469287,2619.0766823908525
193,1,835,1242,93,73,39,50,66.22994011976049,61.08982035928144,1.73827078402882,980,0.9337383472534556,32.60605802383755,1,0.6723027375201288,0.5752843625906677,56.78102133549235,53.150729063673246,9.899494936611665,4.0633327994506345,4.0,22.0,20.32512320968144,84.46851042068323,135.0538238691624,0.8520408163265306,0.3763380601252605,0.010414765207344622,0.13349349756252007,0.09390521386957051,0.017316698131720504,0.01483022010450069,0.03304325709928811,0.05992851102283448,0.03777064313052453,0.0153778093428665,0.00794794374287229,0.008719292893178765,0.011485379428288174,0.019896105967132677,0.01951876245635426,0.01833005452634144,0.0061174742060963,0.007743691866951521,0.005122856415181886,0.006022202265742793,0.004268205358739078,0.004316020169892456,0.001910406688956626,0.006769353334415165,0.009587423741265005,0.005244419908824718,0.008518046445065123,0.0029656663225315805,0.005617083953485759,0.004789828612291668,1,29.83443669974804,394.9205256551504,0.29139071702957153,0.125827819108963,0.5192564331348247,0.317880779504776,1.0,0.2571934198254141,0.47295871335946155,0.4039734899997711,0.23178808391094208,0.23178808391094208,0.016905292150071107,0.2164711201663284,0.5894039869308472,66.64249661548422,60.77450404002718,0.0,66.22994011976049,61.08982035928144,0,55.0,61.0,0.0,1,1,0.0528566400970297,0.15479684247955403,0.2912984430310436,0.5010480743923726,2.0061497491372466,1.6571200444926577,1.0858669639773268,0.8187380471969297,0.06829917771695877,0.21588929568336807,0.22490186245840407,0.21481729877500058,0.0013751382361980513,0.0017850410029220472,0.001745099852071006,0.002142787964876032,6630.4489465153965,8784.830097087379,9908.685096153846,7384.15625,-0.00799304798477644,-0.3675248580706131,-0.2995508852255884,-0.4254200461641217,6.948185174060921,6.996879086228072,6.973963167408294,6.808327920389721,2.3620141639464064e-05,2.1193162111031893e-05,2.1037265393860942e-05,2.7617147146177685e-05,9.713783688768698,9.290484712872365,9.311861015035939,9.034632399850418,-0.29719921160904084,-0.3588055016781155,-0.37861312251014057,-0.390230369330984,0.9830149006904859,0.9913575895199697,0.9935182300030218,0.9937190930133205,0.03983115934110741,0.031053881181069883,0.022131285522891446,0.03043673124030995,263.64829821717984,248.38834951456303,269.64663461538464,234.91193181818184,7.594917498167372,7.155499773036081,7.361718980531352,6.951190846789707,6525.294458206074,4062.951126402135,5340.714075212629,2976.517812177168,3288.935851180362,3211.9453058723757,3812.3497928416255,2590.16851554429
